:020000040800F2
:1080000000000320519E000895A2000897A20008D6
:1080100099A200089BA200089DA200080000000091
:108020000000000000000000000000009FA2000807
:10803000A1A2000800000000A3A20008A5A2000859
:10804000A59E0008A59E0008A59E0008ADA20008F8
:10805000A59E0008A59E000817A3000821A30008FC
:10806000A59E0008BDB700080DA30008ADB7000825
:10807000A59E0008A59E0008B5A20008A59E0008C0
:10808000A59E0008A59E0008A59E0008A59E0008C4
:10809000A59E0008A59E0008A59E0008A59E0008B4
:1080A000A59E0008A59E0008A59E0008A59E0008A4
:1080B0009DB70008A59E0008A59E0008A59E000883
:1080C000A59E0008A59E0008A59E0008A59E000884
:1080D000C5A20008D5A20008A59E0008A59E00081C
:1080E000A59E0008A59E0008A59E0008A59E000864
:1080F000E5A20008EDA20008F5A20008A59E000870
:10810000A59E0008A59E0008A59E0008A59E000843
:10811000A59E0008A59E0008A59E0008A59E000833
:10812000A59E0008A59E0008FDA20008A59E0008C7
:0C813000A59E0008A59E0008A59E000862
:108140000348044B834202D0034B03B118477047E6
:10815000A8000020A8000020000000000548064BF1
:108160001B1AD90F01EBA301491002D0034B03B135
:1081700018477047A8000020A80000200000000059
:1081800010B5064C237843B9FFF7DAFF044B13B15F
:108190000448AFF300800123237010BDE0000020ED
:1081A00000000000E860010808B5044B1BB1044959
:1081B0000448AFF30080BDE80840CFE700000000AE
:1081C000E4000020E86001087BB972B90029BEBF55
:1081D00000204FF0004106E008BF00281CBF6FF0F0
:1081E00000414FF0FF3000F0B5B9ADF1080C6DE97A
:1081F00004CE002909DB002B1ADB00F04DF8DDF876
:1082000004E0DDE9022304B07047404261EB410124
:10821000002B1BDB00F040F8DDF804E0DDE9022371
:1082200004B0404261EB4101524263EB43037047AB
:10823000524263EB430300F02FF8DDF804E0DDE980
:10824000022304B0404261EB41017047524263EBAC
:10825000430300F021F8DDF804E0DDE9022304B077
:10826000524263EB4303704753B94AB9002908BF30
:1082700000281CBF4FF0FF314FF0FF3000F06AB90B
:10828000ADF1080C6DE904CE00F006F8DDF804E06D
:10829000DDE9022304B070472DE9F047089D0E4642
:1082A00004460F46002B4AD194468C45B2FA82F21E
:1082B00060D942B1C2F12003974020FA03F30CFACF
:1082C00002FC1F4394404FEA1C4E1FFA8CF6B7FB8A
:1082D000FEF1230C0EFB117743EA074301FB06F086
:1082E00098420AD91CEB030301F1FF3780F0158196
:1082F000984240F21281023963441B1AA4B2B3FBC4
:10830000FEF00EFB103344EA034400FB06F6A642DF
:108310000AD91CEB040400F1FF3380F00081A6426F
:1083200040F2FD806444023840EA0140A41B002171
:108330001DB1D4400023C5E90043BDE8F0878B425E
:1083400005D90DB1C5E9000100210846F5E7B3FAEA
:1083500083F1002946D1B34202D3824200F2F58074
:10836000841A66EB030201201746002DE5D0C5E90B
:108370000047E2E7002A40F09380A1EB0C034FEAAC
:108380001C471FFA8CFE0121B3FBF7F607FB1630E2
:10839000230C43EA00430EFB06F0984208D91CEB7D
:1083A000030306F1FF3802D2984200F2D08046461D
:1083B0001B1AA4B2B3FBF7F007FB103344EA0344E3
:1083C0000EFB00FEA64508D91CEB040400F1FF33A8
:1083D00002D2A64500F2B6801846A4EB0E0440EA8D
:1083E0000640A5E7C1F120078B4022FA07FC4CEAC2
:1083F000030C06FA01FE20FA07F426FA07F344EA12
:108400000E0400FA01F84FEA1C404FEA1449B3FB8E
:10841000F0FE1FFA8CF600FB1E3349EA03430EFB05
:1084200006F9994502FA01F20BD91CEB03030EF190
:10843000FF3A80F08580994540F28280AEF1020ECD
:108440006344A3EB0909A4B2B9FBF0F300FB139951
:1084500044EA094403FB06F6A64208D91CEB0404CF
:1084600003F1FF3068D2A64266D9023B644443EA76
:108470000E40A41BA0FB02E6B4427346B14652D3A1
:108480004FD05DB1B8EB030264EB090404FA07F7BF
:1084900022FA01F31F43CC40C5E9007400214CE7E8
:1084A000C2F1200120FA01F30CFA02FC26FA01F1D4
:1084B000964033434FEA1C471FFA8CFEB1FBF7F09E
:1084C00007FB1016190C41EA064100FB0EF68E421E
:1084D00004FA02F408D91CEB010100F1FF382DD297
:1084E0008E422BD902386144891B9BB2B1FBF7F64F
:1084F00007FB161143EA014306FB0EF1994208D926
:108500001CEB030306F1FF3814D2994212D9023E44
:1085100063445B1A46EA004136E73946EDE6184601
:1085200002E7F045ADD2BEEB020366EB0C06013864
:10853000B146A6E74646ECE7034698E74046D3E750
:10854000D6467EE76444023847E708460DE7023E18
:1085500063442DE7704700BF80EA0102844612F0B1
:10856000030F4FD111F0030F32D14DF8044D11F02C
:10857000040F51F8043B0BD0A3F101329A4312F0DF
:10858000803F04BF4CF8043B51F8043B16D100BFB8
:1085900051F8044BA3F101329A4312F0803FA4F149
:1085A00001320BD14CF8043BA24312F0803F04BFD0
:1085B00051F8043B4CF8044BEAD023460CF8013B3D
:1085C00013F0FF0F4FEA3323F8D15DF8044B7047E7
:1085D00011F0010F06D011F8012B0CF8012B002A25
:1085E00008BF704711F0020FBFD031F8022B12F014
:1085F000FF0F16BF2CF8022B8CF8002012F47F4FCF
:10860000B3D1704711F8012B0CF8012B002AF9D1D6
:10861000704700BF30B40478C4B10D78844685B18A
:108620000A462B4602E012F8013F2BB19C42FAD1D8
:10863000ACEB000030BC70471CF8014F002CEFD1B0
:10864000F6E71CF8014F002CFBD1F1E72046F1E7DB
:108650002DE9F047074649480E46354616F801EB26
:1086600010F80EC01CF0080CF7D1BEF12D0F5AD037
:10867000BEF12B0F03BF96F800E06446AE1C6446C3
:108680004BB9BEF1300F5CD00A23DFF8F4804FF015
:10869000050A99460AE0102B4AD04FF0FF38B8FB84
:1086A000F3F803FB08FA6FEA0A0A99460025284600
:1086B00005E02CD009FB00C0012516F801EBAEF156
:1086C000300CBCF1090F06D9AEF1410CBCF1190F09
:1086D0000BD8AEF1370C634510DDB5F1FF3FECD0A0
:1086E0004045E6D94FF0FF35E7E7AEF1610CBCF14C
:1086F000190F03D8AEF1570C6345EEDC6B1C0BD0A1
:1087000004B140420AB165B91160BDE8F087D445B3
:10871000D0DD4FF0FF35D0E722233B602846002A0A
:10872000F3D0711EF0E796F800E00124AE1CA7E735
:10873000BEF1300F11D04FF00F0A6FF0704899461C
:10874000B4E7337803F0DF03582B0BD008234FF046
:10875000070A6FF060489946A8E7307800F0DF001C
:108760005828E8D14FF0100996F801E04FF00F0AB1
:1087700002366FF070484B4698E700BFD1610108A0
:108780009999991964E700BF10B4044C84461346C4
:1087900020685DF8044B0A46614659E7080000204E
:1087A00010B4044C8446134620685DF8044B0A4616
:1087B00061464DE70800002070B50F4B0F4DAB42EE
:1087C000A3EB050607D0B610002455F8043B01348E
:1087D0009847A642F9D80DF087FC094D094B5E1B5E
:1087E000AB424FEAA60606D0002455F8043B0134FC
:1087F0009847A642F9D870BD786C0108786C0108DA
:10880000786C01087C6C010800000000000000008A
:108810000000000000000000000000000000000058
:108820000000000000000000000000000000000048
:108830000000000000000000000000000000000038
:1088400030B490F800F020F007016FF0000C10F049
:10885000070491F820F040F048804FF000046FF0DA
:108860000700D1E9002391F840F000F1080082FAF6
:108870004CF2A4FA8CF283FA4CF3A2FA8CF34BBBC1
:10888000D1E9022382FA4CF200F10800A4FA8CF23A
:1088900083FA4CF3A2FA8CF3E3B9D1E9042382FA08
:1088A0004CF200F10800A4FA8CF283FA4CF3A2FA1D
:1088B0008CF37BB9D1E9062301F1200182FA4CF255
:1088C00000F10800A4FA8CF283FA4CF3A2FA8CF3BC
:1088D000002BC6D0002A04BF04301A4612BAB2FADE
:1088E00082F200EBD20030BC7047D1E9002304F0E3
:1088F0000305C4F100004FEAC50514F0040F91F818
:1089000040F00CFA05F562EA05021CBF63EA0503B4
:1089100062464FF00004AAE7830730B547D0541EE3
:10892000002A3ED0CAB2034601E0013C39D303F825
:10893000012B9D07F9D1032C2CD9CDB205EB0525D0
:108940000F2C05EB054535D9A4F1100222F00F0CD0
:1089500003F1100EE6444FEA121C1A46C2E9005514
:10896000C2E9025510327245F8D10CF1010214F03F
:108970000C0F03EB021204F00F0C13D0ACF1040344
:1089800023F003030433134442F8045B9342FBD106
:108990000CF003042CB1C9B21C4403F8011BA34220
:1089A000FBD130BD64461346002CF4D1F9E70346F1
:1089B0001446C0E71A46A446E0E700BF18B3F0B477
:1089C00007468C4617F8015B01E0A54214D01CF85D
:1089D000014B002CF9D1DDB13E460C4616F8015B87
:1089E00000E063B114F8013B9D42FAD14DB1002380
:1089F0003B701660F0BC704773B13846E0E737460D
:108A0000EAE72E46F5E710680028D8D10020704725
:108A100015600020F0BC704717600370EAE700BFE4
:108A20000123FFF7CBBF00BF014B1868704700BFA1
:108A30000800002038B511F0FF040CD003460025D3
:108A400001E0431C05462146184600F093FB002830
:108A5000F7D1284638BD2146BDE8384000F08ABB32
:108A6000242B2DE9F84F43D8012B41D080464948AB
:108A70001F468E4675461EF801BB10F80B4014F0D9
:108A80000804F7D1BBF12D0F6FD0BBF12B0F08BF3E
:108A90009EF800B06FF0004908BF05F1020E73BBED
:108AA000BBF1300F4BD00A273B460025B9FBF7F648
:108AB000284607FB169A05E03AD007FB00C00125BF
:108AC0001EF801BBABF1300CBCF1090F06D9ABF1BC
:108AD000410CBCF1190F19D8ABF1370C63451EDD01
:108AE000B5F1FF3FECD08642E6D24FF0FF35E7E725
:108AF000FFF79AFF162303600020BDE8F88F102BC4
:108B0000D3D1BBF1300F23D01F46CEE7ABF1610CC0
:108B1000BCF1190F03D8ABF1570C6345E0DC6B1CBB
:108B20002BD054B9002AE8D085BB1160BDE8F88F7E
:108B3000E245C2DA4FF0FF35C2E74042F2E79EF865
:108B4000003003F0DF03582B08D008273B46ACE782
:108B50009EF8000000F0DF005828D5D110279EF8BD
:108B600001B03B460EF1020E9FE79EF800B04FF0B9
:108B7000004905F1020E012491E72223C8F80030D4
:108B800032B10EF1FF3148461160CFE78146F8E778
:108B90004846B2E7D161010862E700BF10B4044C57
:108BA0008446134620685DF8044B0A46614657E741
:108BB0000800002010B4044C8446134620685DF879
:108BC000044B0A4661464BE708000020844641EA10
:108BD000000313F003036DD1403A41D351F8043B35
:108BE00040F8043B51F8043B40F8043B51F8043B87
:108BF00040F8043B51F8043B40F8043B51F8043B77
:108C000040F8043B51F8043B40F8043B51F8043B66
:108C100040F8043B51F8043B40F8043B51F8043B56
:108C200040F8043B51F8043B40F8043B51F8043B46
:108C300040F8043B51F8043B40F8043B51F8043B36
:108C400040F8043B51F8043B40F8043B51F8043B26
:108C500040F8043B51F8043B40F8043B403ABDD295
:108C6000303211D351F8043B40F8043B51F8043B37
:108C700040F8043B51F8043B40F8043B51F8043BF6
:108C800040F8043B103AEDD20C3205D351F8043BC6
:108C900040F8043B043AF9D2043208D0D2071CBF92
:108CA00011F8013B00F8013B01D30B8803806046BB
:108CB000704700BF082A13D38B078DD010F0030331
:108CC0008AD0C3F10403D21ADB071CBF11F8013BA1
:108CD00000F8013B80D331F8023B20F8023B7BE7F0
:108CE000043AD9D3013A11F8013B00F8013BF9D21B
:108CF0000B7803704B7843708B78837060467047B5
:108D000040EA01039B0710B501D1032A17D8844616
:108D100001F1FF3E07E01EF8011F03F8011B541E7E
:108D200029B19C4622466346002AF4D110BD9444E2
:108D3000002CFBD003F8011B6345FBD110BD8E4610
:108D40008446DEF80040A4F1013323EA040313F063
:108D5000803F71460EF1040EDAD1043A032A4CF832
:108D6000044BEED87146D3E700000000000000007D
:108D700000000000000000000000000000000000F3
:108D800002780B78012A28BF9A4240F0D8806DE91A
:108D9000044540EA0104CDE902676FF0000C4FEA98
:108DA00044721AB380EA010414F0070F6BD100F08B
:108DB000070420F0070004F0030521F007014FEA43
:108DC000C505F0E8042314F0040FF1E804670CFA79
:108DD00005F462EA040266EA04060BD063EA0403BF
:108DE000624667EA0407664604E000BFF0E8042331
:108DF000F1E8046782FA4CF582EA0604A4FA8CF4DE
:108E00006CBB83FA4CF583EA0705A5FA8CF595B996
:108E100050E9022351E9026782FA4CF582EA06041E
:108E2000A4FA8CF483FA4CF583EA0705A5FA8CF5CD
:108E30002543DBD09CB92DBAB5FA85F424F007049C
:108E400027FA04F1DDE9026723FA04F303F0FF00D7
:108E500001F0FF01FDE80445A0EB0100704724BAD2
:108E6000B4FA84F424F0070426FA04F1DDE9026779
:108E700022FA04F202F0FF0001F0FF01FDE80445D0
:108E8000A0EB0100704714F0030F3CD110F0030475
:108E900028D150F8082B51F8083B82FA4CF582EAA9
:108EA0000305A5FA8CF55DB950F8042C51F8043C83
:108EB00082FA4CF582EA0305A5FA8CF5002DE8D07C
:108EC0002DBAB5FA85F424F0070423FA04F122FA46
:108ED00004F202F0FF0001F0FF01FDE80445A0EB01
:108EE000010070474FEAC40420F0030050F8082B3B
:108EF00021F0030151F8083B0CFA04F462EA040281
:108F000063EA0403C9E710F003041DD0A1EB0401D8
:108F100020F00300E40750F8042B06D012D28B781F
:108F20005FFAA2F4E41A06D12BB1CB785FFAB2F45F
:108F3000E41A00D133B920465DF8104B7047A2EB1C
:108F40000300704701F1040150F8042BCC0721F015
:108F5000030151F8043B48D824D222F07F4482FA1E
:108F60004CF594EA1325A5FA8CF50AD165B951F8A8
:108F7000043B84EA0204B4EB036F0ED150F8042BD7
:108F8000EBE74FEA132355E035F07F454DD10878E4
:108F9000FDE80445C0F1000070474FEA126203F09B
:108FA000FF0347E002EA1C4482FA4CF594EA1345B9
:108FB000A5FA8CF50AD165B951F8043B84EA02049C
:108FC000B4EB034F0CD150F8042BEBE74FEA1343FB
:108FD00030E015EA1C4528D10B884FEA124229E0FF
:108FE0004FEA124203EA1C4324E002F0FF0482FA33
:108FF0004CF594EA1365A5FA8CF50AD165B951F8D8
:10900000043B84EA0204B4EB032F09D150F8042B8B
:10901000EBE74FEA13630DE015F0FF0F05D10B6886
:109020004FEA122223F07F4304E04FF00000FDE8F6
:109030000445704712BA1BBA82FA4CF482EA030460
:10904000A4FA8CF5B5FA85F402FA04F203FA04F3F3
:109050004FEA1260FDE80445A0EB1360704700BFC3
:1090600008B410B5002A9DB0044636DB4FF40273F5
:10907000ADF814304FF000031B930291069120AB22
:1090800017D0013A4FF6FF7104920792ADF816100F
:109090001F9A019302A900F0B9F9421C01DA8B234F
:1090A0002360029B00221A701DB0BDE8104001B081
:1090B00070474FF6FF7104920792ADF816101F9A91
:1090C000019302A900F0A2F9431C01DA8B2323606B
:1090D0001DB0BDE8104001B070478B2303604FF016
:1090E000FF30F5E70CB410B5214B00291C689CB08B
:1090F00038DB4FF000034FF402721B93ADF81420DD
:10910000029006901FAB18D001394FF6FF72049100
:109110000791ADF8162002A91E9A0193204600F08F
:1091200075F9421C01DA8B232360029B00221A701E
:109130001CB0BDE8104002B070474FF6FF720491BA
:109140000791ADF8162002A91E9A0193204600F05F
:109150005DF9431C01DA8B2323601CB0BDE810408D
:1091600002B070478B2323604FF0FF30F5E700BF5C
:109170000800002011F0FF01034600F0030239D07F
:109180008ABB026810B501EB012E0EEB0E4E8EEA83
:109190000204A2F1013323EA0203A4F1013222EA1C
:1091A0000402134313F0803F0FD150F8044F84EAB8
:1091B0000E0CA4F10133ACF1013223EA040322EADC
:1091C0000C02134313F0803FEFD0037823B936E04D
:1091D00010F8013F002B32D09942F9D110BD8A42DC
:1091E00028D09A0729D01A7818460133002AF6D1D8
:1091F00010467047CAB90268A2F1013323EA02039C
:1092000013F0803F08D150F8042FA2F1013323EA74
:10921000020313F0803FF6D003785BB110F8013FF2
:10922000002BFBD17047990705D0184613F8012B86
:10923000002AF8D170471846DDE71846A1E718461E
:1092400010BD00BF2DE9F0478F681D46AF420B6887
:109250000C46164636D8B1F90CC01CF4906F0ED1EE
:109260003D46184631462A4600F0EEFAA368DF1B59
:109270002368A7602B4400202360BDE8F0874A697B
:10928000096902EB42025F1A02EBD2726B1C5210A8
:109290003B44934292BF914699461A461CF4806F14
:1092A000804611D0114600F0F1F9824600B32169E1
:1092B0003A46FFF78BFCA38923F4906343F08003C5
:1092C000A38105E02F46CCE700F092FB824658B11F
:1092D0000AEB0703A9EB0707A760C4F810A0C4F8BE
:1092E000149023602F46BCE72169404600F04EFAF7
:1092F000A3890C2243F04003C8F800204FF0FF3050
:10930000A381BAE72DE9F04F9368176883B09246BE
:10931000002B74D04FF0000B8B680A6881460C4616
:109320005D4645E0B4F90C3013F4906F2CD0D4E9CD
:109330000401161A01EB410202EBD272711C5210A9
:109340002944914292BF904688460A465B0539D52A
:109350001146484600F09AF9019000283DD0324667
:109360002169FFF733FCA289019B22F4906242F04D
:109370008002A2819819A8EB0606A660C4F81480A2
:1093800023612060A8462E463246594600F05CFA1A
:10939000DAF80810A3682268A3EB08033244491BDB
:1093A000A3602260CAF8081049B3D7E900B50837AE
:1093B00098461046002DF8D09D421E46B2D2A846CF
:1093C0002E46E1E70146484600F012FB034600281E
:1093D000D0D12169484600F0D9F9A3890C2243F085
:1093E0004003C9F800204FF0FF30A3810022002382
:1093F000CAF80820CAF8043003B0BDE8F08F002096
:109400000023CAF8043003B0BDE8F08F2DE9F04F17
:109410001C468B891D069DB088468146934603D520
:109420000B69002B00F0F1800023099343F2200325
:10943000ADF829309BF800307D4D03940126002BB8
:1094400073D0DA4603E01AF8013F002B75D0252BC4
:10945000F9D1BAEB0B0473D19AF80020002A64D03A
:1094600000234FF0FF32CDE905230AF1010A0493EE
:1094700007938DF853301A9305E0049A06FA03F324
:109480001A430492A2465446052214F8011B2846AA
:1094900000F05EFAA346431B0028EED1049BD806D9
:1094A00044BF20228DF8532019079AF8001044BFBA
:1094B0002B228DF853202A2950D1039A11680432A7
:1094C000002903927CDB07919AF801102E295BD0CA
:1094D000584C0322204600F03BFA38B1049B001B95
:1094E0004022824013430BF1010B04931BF8011B34
:1094F00051488DF82810062200F02AFA002865D07D
:109500004E4B002B55D003AA00924D4B424604A966
:109510004846AFF3008007467A1C06D0099B3B44BF
:1095200009939BF80030002B8BD1B8F80C305B0608
:109530007AD409981DB0BDE8F08FBAEB0B04F4D0D3
:1095400023465A4641464846FFF77CFE0130ECD0A0
:10955000099B9AF80020234409937FE7A1F1300288
:10956000092A88BFD346B1D8079B00E0013421788F
:1095700003EB830302EB4303A1F13002092AF5D97F
:109580002E290793A346A3D19BF801102A2927D19E
:10959000039B9BF802101A6805920433002A0BF112
:1095A00002000393B8BF4FF0FF338346B8BF059363
:1095B0008EE7039B073323F0070308330393ADE7DC
:1095C000494243F00203079104937DE703AA009206
:1095D0001B4B424604A9484600F0CEFA07469BE7DB
:1095E000A1F130020023092A05930BF1010B3FF68C
:1095F0006FAF1BF8011F03EB830302EB4303A1F1E1
:109600003002092AF5D9059362E7402100F03EF8BF
:10961000C8F80000C8F8100018B14023C8F814308A
:1096200002E70C23C9F800304FF0FF3082E700BF9B
:109630006C6A0108746A0108786A01080000000079
:109640004592000870B5104E336805460C46B3B11C
:109650002146284600F0D6FB431C0CD0C41C24F045
:109660000304A04205D0211A284600F0CBFB0130AC
:1096700001D0204670BD4FF0FF34204670BD194622
:1096800000F0C0FB3060E3E7380200202DE9F8432A
:10969000CD1C25F0030508350C2D38BF0C25002DF9
:1096A000064618DBA94216D8DFF8DC8000F0A6FBDE
:1096B000D8F80420A2B1144603E0636822467BB1C7
:1096C0001C4623685B1BF8D40B2B1FD8944263689D
:1096D00054D053600CE00C2333600020BDE8F883C5
:1096E00029463046FFF7AEFF431C044619D00560FB
:1096F000304600F085FB04F10B00231D20F007002D
:10970000C21A1CBF1B1AA350BDE8F883611994420A
:10971000256014BF5160C8F80410635163684B6042
:10972000E6E7D8F804701FB33C467F68002FFBD1F2
:1097300023683946304604EB030900F063FB81459A
:1097400016D12368ED1A29463046FFF77BFF01301A
:109750000ED02368D8F804202B442360536883B1CB
:10976000A34203D01A465B689C42FBD10023B0E7BA
:109770000C233360304600F043FBAEE7C8F80430FA
:10978000B6E7C8F80470B3E738020020002950D0CB
:1097900038B551F8043C0C1F002BB8BFE41805463F
:1097A00000F02CFB274A13682BB1A3420CD9216887
:1097B000601883422CD0636028461460BDE83840AE
:1097C00000F01EBBA3420FD81A465B68002BF9D1EC
:1097D00011685018844217D02CD363605460284617
:1097E000BDE8384000F00CBB11685018A04214D0FE
:1097F00020D8216860188342EFD118685B6808445C
:10980000C4E900035460EAE723680B441360E6E709
:1098100018685B6808442060CDE720680144501850
:1098200083421160DBD1D3E900040144C2E9001492
:10983000D5E770470C232B602846BDE8384000F080
:10984000DFBA00BF3C02002088420ED98B18834249
:109850000BD900EB020C002A6ED0624613F801CD42
:1098600002F801CD9942F9D170470F2A0FD803466B
:1098700002F1FF3C002A5FD00CF1010C013B8C444B
:1098800011F8012B03F8012F6145F9D1704740EA27
:1098900001039B0751D1A2F1100370B501F1200C17
:1098A00023F00F0501F1100E00F11004AC441B0968
:1098B0005EF8105C44F8105C5EF80C5C44F80C5CDC
:1098C0005EF8085C44F8085C5EF8045C44F8045CEC
:1098D0000EF1100EE64504F11004E9D1013312F047
:1098E0000C0F01EB031102F00F0400EB031328D05F
:1098F000043C24F003064FEA940C1E441C1F8E46C1
:109900005EF8045B44F8045FB442F9D10CF1010441
:1099100002F0030203EB840301EB840102F1FF3C3C
:109920004AB10CF1010C013B8C4411F8012B03F8F6
:10993000012F6145F9D170BD704702F1FF3C03462C
:109940009AE72246EAE700BF00000000000000009E
:1099500001F0FF01102A2BDB10F0070F08D010F8E0
:10996000013B013A8B422DD010F0070F42B3F6D1E4
:10997000F0B441EA012141EA014122F007047FF0FD
:1099800000070023F0E80256083C85EA010586EA54
:10999000010685FA47F5A3FA87F586FA47F6A5FA90
:1099A00087F68EB9EED1F0BC01F0FF0102F007029C
:1099B00032B110F8013B013A83EA010313B1F8D147
:1099C0000020704701387047002D06BF3546033828
:1099D000073815F0010F07D1013015F4807F02BF61
:1099E000013015F4C03F0130F0BC0138704700BFB2
:1099F0002DE9F041144641B30AB306460D4600F086
:109A000013FA8442074602D8B4EB500F13D821460C
:109A10003046FFF73BFE804650B1BC422246294605
:109A200028BF3A46FFF7D2F829463046FFF7AEFE88
:109A30004046BDE8F081A8464046BDE8F081A0461A
:109A4000FFF7A4FE4046BDE8F081BDE8F0411146B5
:109A5000FFF71CBE2DE9F84F92461F460A698B6836
:109A6000DDF828909A42B8BF1A46CAF8002091F84B
:109A700043300C46064613B10132CAF80020226872
:109A800091065FD5DAF800300233CAF80030226858
:109A900012F0060F11461DD1E1689942D8BF114658
:109AA00018DD4FF0000804F1190B05E0E568DAF85D
:109AB0000030ED1A45450CDD01235A463946304643
:109AC000C847013008F10108F0D14FF0FF30BDE880
:109AD000F88F216894F84330003B18BF01238A06B1
:109AE0000AD5E1185A1C302081F84300224494F82A
:109AF000451082F84310023304F1430239463046E0
:109B0000C8470130E1D02368DAF80050216903F03A
:109B10000603042BD4E902201BD08A4220DD4FF03B
:109B20000008521A90441A34002501E0454517DA1E
:109B30000123224639463046C847013005F1010568
:109B4000F4D1C2E712F0060F0DD0003B18BF01237D
:109B5000D2E7401B8A4220EAE078E2DC0028E2DC1F
:109B60000020BDE8F88FE168DAF800309942D8BFEC
:109B7000114696DCAEE700BF2DE9F047174684B0EA
:109B80000A7E0C9D0C460646984601F1430C002ABD
:109B900035D0A2F15803D9B2202969D8202B67D833
:109BA000DFE813F0E6006600660066006600660007
:109BB00066006600660066006600AC007000660025
:109BC000660066006600700066006600660066005B
:109BD00021008300C60066006600B60066008300B0
:109BE00066006600EC002B6822686169181D286019
:109BF00010061B6802D4520600F1E08019600023B1
:109C0000E1462361CDF800803B4603AA2146304659
:109C1000FFF720FF013020D023694A4639463046FD
:109C2000C047013019D02368E068DDF80C909B072D
:109C300018D5484516DD002504F1190A04E0E0684E
:109C4000A0EB0903AB420DDD0123524639463046F5
:109C5000C047013005F10105F1D14FF0FF3004B0EC
:109C6000BDE8F0874845B8BF484604B0BDE8F08776
:109C700084F84220012004F142090023206184F885
:109C80004330BFE72A682368111D1806296002D4F3
:109C9000590600F195801068014600286268C0F2FC
:109CA000938054484FF00A0E15E020682B6810F09E
:109CB000800F53F8041B02D1400648BF89B26F2AB7
:109CC0004C482B6014BF4FF00A0E4FF0080E0023D3
:109CD000626884F84330002AA26051DB236823F0D5
:109CE0000403236000294BD1002A7BD1E146BEF159
:109CF000080F56D0ACEB0903236183E72B681A6881
:109D000004332B6004F1420984F842200120B4E7B7
:109D10002B686268191D2960D3F80090002148461D
:109D2000FFF716FE002863D0A0EB09006060A4E7EF
:109D3000236843F02003236078222F4884F84520CD
:109D40002A6813F0800F52F8041B03D113F0400F60
:109D500018BF89B22A60DA0744BF43F020032360AA
:109D600019B9236823F0200323604FF0100EAEE7EB
:109D7000582384F845301F482368E1E72368DBE770
:109D80007546E146B1FBF5F305FB131A0A46AA42F4
:109D900010F80A1009F8011D1946F3D2BEF1080F98
:109DA000A8D12368DD07A5D5626823699A42A1DCA2
:109DB000302309F8013C09F1FF399BE719801EE7C0
:109DC000B2F90010084668E72D20002AA26084F846
:109DD000430002DB23F0040323600A2505484942BF
:109DE000AE46CEE7037884F8423004F142097EE7BC
:109DF000606842E7806A0108946A0108704700BF02
:109E0000704700BF38B5074D0022044608462A6057
:109E100001F07AFA431C00D038BD2B68002BFBD030
:109E2000236038BD4002002051F8043C181F002B6D
:109E3000BCBF0B58C0187047D458C4500433C41862
:109E40008C42F9D37047036004308842FBD37047DB
:109E50000C48854600F044F90B480C490C4A002395
:109E6000FFF7EDFF0B480C490023FFF7EEFF0B480F
:109E70000B490023FFF7E9FFFEF79EFC00F0FAF81C
:109E8000FEE700000000032008000020A8000020DA
:109E9000806C0108E00000200C1B0020E40103207E
:109EA000670A0320FEE784B04FF0B043DA6C42F05B
:109EB0000402DA64DA6C02F004020392039ADA6CA8
:109EC00042F00102DA64DA6C02F001020292029AB4
:109ED000DA6C42F00202DA64DB6C03F002030193F5
:109EE000019B04B07047000008B50348034B0360B2
:109EF00007F058F908BD00BF64040020000C0058AA
:109F000000B585B04FF0B0439A6C42F004029A64F9
:109F10009A6C02F004020392039A9A6C42F00102D6
:109F20009A649A6C02F001020292029A9A6C42F0D0
:109F300002029A649B6C03F002030193019B0022CE
:109F40000F210E2006F080FC0E2006F08DFC002272
:109F50000F213A2006F078FC3A2006F085FC05B087
:109F60005DF804FB38B50B4C0B4B23600025656096
:109F70000F23A36047F6FF73E3602561A561E561E8
:109F80006561204608F0FCF92A462946204608F07B
:109F90004DFA38BD440200200028004008B50448AE
:109FA000044B03600023436008F078F908BD00BF4C
:109FB000680200200010005830B59BB048220021F4
:109FC00008A8FEF7A9FC00240194029403940494C9
:109FD00005940694079407F03FF94FF0B042D2F889
:109FE000903023F01803C2F8903002F580621368B5
:109FF00023F4C06343F400731360136803F4C06375
:10A000000093009B472308934FF480330993012565
:10A010000A954FF480730B93129540230C9313947D
:10A0200008A807F01FFA6F230193022302930394F9
:10A030000494059406940794294601A807F09EFD10
:10A040001BB030BD00B595B0502200216846FEF728
:10A0500063FC4FF4405300934FF480431193022369
:10A06000129310231393684607F09FFF15B05DF815
:10A0700004FB000010B5164B164A9A6062B606F053
:10A0800031FB00F0B3FAFFF797FFFFF7DBFFFFF7B5
:10A090002BFFFFF708FFFFF733FFFFF763FFFFF723
:10A0A0007DFF01F05DFB05F01BFD00F0BBFA06F043
:10A0B0003BFB044600F0CCFA06F036FB001B002800
:10A0C000F8DD013405F0B4FF034807F0BFF8F3E70B
:10A0D00000ED00E000800008C80600207047000086
:10A0E000174B184A9A60D3F8882042F47002C3F8DC
:10A0F00088204FF0B0431A6842F001021A604FF412
:10A10000E0229A601968A2F1A262A2F205120A4046
:10A110001A60D3F8942022F00502C3F89420D3F8F3
:10A12000982022F00102C3F89820074ADA601A61E9
:10A130001A6822F480221A6000229A61704700BFD8
:10A1400000ED00E0008000080010042200B583B09C
:10A150004FF0B0431A6D42F400221A651B6D03F4F0
:10A1600000230193019B002211462E2006F06CFB78
:10A170002E2006F079FB03B05DF804FB0268124B59
:10A180009A4200D0704700B583B04FF0B0431A6DCB
:10A1900042F480121A651B6D03F480130193019B36
:10A1A000002211462C2006F04FFB2C2006F05CFB11
:10A1B000002211462D2006F047FB2D2006F054FB0F
:10A1C00003B05DF804FB00BF000C005810B596B05A
:10A1D00004465022002102A8FEF79EFB22680F4B86
:10A1E0009A4201D016B010BD4FF4007302934FF0A5
:10A1F0008053109302A807F0D8FE58B94FF0B0432F
:10A200001A6D42F480221A651B6D03F480230193BA
:10A21000019BE7E7FFF762FFF0E700BF001000587F
:10A2200010B596B004465022002102A8FEF774FB38
:10A230002268174B9A4201D016B010BD4FF400634C
:10A2400002934FF48073129302A807F0AEFEE0B9B8
:10A250004FF0B043D3F8902042F40042C3F890206E
:10A260009A6D42F480629A659B6D03F4806301935A
:10A27000019B00221146032006F0E6FA032006F0B7
:10A28000F3FA204608F068F9D6E7FFF727FFDFE783
:10A29000002800407047FEE7FEE7FEE7FEE7704754
:10A2A0007047704708B506F033FA08BD08B500F0EE
:10A2B00067FE08BD08B5024806F099FC08BD00BF5E
:10A2C000DC02002008B5024809F032FB08BD00BFDF
:10A2D0003C03002008B5024809F02AFB08BD00BF76
:10A2E000D003002008B502F0C1FA08BD08B502F09D
:10A2F00051FA08BD08B506F029FF08BD08B50248A7
:10A3000006F075FC08BD00BF7C02002008B51020D7
:10A3100006F0F4FE08BD08B5012006F0EFFE08BD0A
:10A3200008B5022006F0EAFE08BD000082B04FF03A
:10A33000B0431A6D42F480121A651B6D03F480134A
:10A340000193019B0A4B3F229A609A615A6842F43A
:10A350007C125A605A6942F47C125A615A6842F07F
:10A360003F025A605A6942F03F025A6102B0704798
:10A37000000C0058054BCA225A6253225A629A684E
:10A3800022F007029A60FF225A62704700280040BC
:10A39000704708B54FF0B043D3F8943013F0806F96
:10A3A00018D04FF0B043D3F8943013F0805F11D140
:10A3B00006F052FF06F050FF4FF0B043D3F8902064
:10A3C00042F48032C3F89020D3F8902022F48032F7
:10A3D000C3F8902008BD08B5FFF7DBFFFFF7A6FF25
:10A3E00008BD000008B500200BF098F968B181792C
:10A3F0004FF0B042054BC2F89C30D2F89C3023F4A9
:10A400007C5343EA0123C2F89C3008BDFECAFECA51
:10A4100008B54FF0B042936843F4004393600AF0EC
:10A42000F3FB054AD2F8803023F0070343F004031E
:10A43000C2F8803008BD00BF0004005808B5034BC7
:10A4400001220349002000F00DFE08BDB9A4000858
:10A45000A405002008B511491148FEF791FC78B118
:10A4600010490F48FEF78CFC80B10F490C48FEF7ED
:10A4700087FC50B90D480E4B036006F01AFC04E04F
:10A480000A480C4B036006F014FC08BD07484FF067
:10A49000B053036006F00DFCF7E700BF54630108FA
:10A4A000A4040020586301085C630108AC05002087
:10A4B000010000160400001608B50F4B1B88FF2B87
:10A4C00008D80E4A12780D2A0BD0581C0A49088069
:10A4D0000B49CA540B4B01220849002000F0C2FD71
:10A4E00008BDFFF7B7FF0021034B19804FF48072BE
:10A4F0000348FEF711FAEDE7A0040020A4050020B0
:10A50000A4040020B9A4000800B589B00AF05EFDDB
:10A510000E4A002120200AF02BFD0D4B00930D4B1D
:10A52000019369460C480BF063F80C4B02930C4BFB
:10A5300003930C4B049340F23C53059302A80AF09A
:10A5400019FE0AF03FFD09B05DF804FB155601083D
:10A55000FC03032091A30008C9A50008E40103201F
:10A56000F00203200805032000B585B00023009306
:10A5700001930293039343685B7B23B1012B1ED0AD
:10A5800005B05DF804FB00F053F90F238DF800309F
:10A590007F238DF802300B4A13681B0CADF80C308A
:10A5A0001368C3F30B03ADF80E3068460AF068FE7B
:10A5B00001F0BEFD002101200AF030FBE0E700239E
:10A5C0000370DDE7002004E04368B3F80B30B3F517
:10A5D000124F00D0704710B584B0044668460AF0A8
:10A5E0005DFE2046FFF7C0FF04B010BD08B5044B68
:10A5F0004FF400421A61FFF7EEFEFFF7F3FE08BDCD
:10A6000000400058034AD2F8903043F05003C2F89B
:10A61000903070470008005808B5FFF7F3FFFFF7C8
:10A62000A9FE08BD08B5FFF7F7FFFFF7F1FE0749E0
:10A63000002000F011FB00F0E9F8012108460AF0C3
:10A64000EDFAFFF7FBFEFFF75FFF08BD44020020B5
:10A6500008B54FF0FF300AF063FB08BD08B50AF0FB
:10A66000F3FA08BD08B5002120200AF011FB08BD4F
:10A6700008B502200AF03AFB08BD08B502200AF02E
:10A680004BFC08BD10B5044605F022FC28B9022C8D
:10A690000AD0102C02D0012C03D010BD01F082FE94
:10A6A000FBE701F083FEF8E701F081FEF5E700002B
:10A6B00070B58CB000230793089309930A930B930A
:10A6C0001C461D461E4606E04D4A02EBC302928818
:10A6D00015430133DBB2252B1ED8494A02EBC302D6
:10A6E0009279002AF5D0464A52F8332045488242F2
:10A6F000EAD000F58060824208D0B2F1904FE8D1F4
:10A700003F4A02EBC30292881643E2E73C4A02EB5F
:10A71000C30292881443DCE70123089303230A93BE
:10A7200026B93DBB002C48D10CB070BD07964FF048
:10A73000B043DA6C42F00102DA64DA6C02F0010232
:10A740000292029AD3F84C2142F00102C3F84C2144
:10A75000D3F84C3103F001030193019B07A94FF09B
:10A76000904006F0E5FB002231464FF0904006F0A5
:10A77000C0FCD6E707954FF0B043DA6C42F0020216
:10A78000DA64DA6C02F002020492049AD3F84C21E3
:10A7900042F00202C3F84C21D3F84C3103F002031B
:10A7A0000393039B174E07A9304606F0C1FB002216
:10A7B0002946304606F09DFCB4E707944FF0B043BD
:10A7C000DA6C42F00402DA64DA6C02F004020692F7
:10A7D000069AD3F84C2142F00402C3F84C21D3F876
:10A7E0004C3103F004030593059B074D07A9284648
:10A7F00006F09EFB00222146284606F07AFC93E7ED
:10A80000A86A0108000400480008004808B505F0DF
:10A81000A5FF05F0ABFF054AD2F8903043F4803332
:10A82000C2F89030FFF744FF08BD00BF0008005891
:10A8300010B588B00DF1040C094C0FCCACE80F003A
:10A8400094E80700ACE803002CF8022B120C8CF8FB
:10A8500000200AF0C1FC01A80AF0F3FC08B010BD0A
:10A8600038610108064A936A9BB2906A80B203E09D
:10A87000034B9A6A034690B28342F9D1704700BFF6
:10A880000028004001EB41020D4B03EBC2035B7D4E
:10A89000DBB2062B05D003EB430C094A02EBCC02DA
:10A8A0001075074A00EB400C02EBCC0C8CF815300D
:10A8B0008CF8141001EB410102EBC1025075704796
:10A8C000C4050020174B1B78DBB28B421DD0164B02
:10A8D00001EB410203EBC202127D5FFA82FC02EB44
:10A8E000420203EBC202507500EB400203EBC202CE
:10A8F000517500EB400203EBC20282F814C001EB79
:10A90000410103EBC10318757047074B00EB400290
:10A9100003EBC202517501EB410103EBC103187552
:10A92000704700BFC1050020C405002010B4234BB0
:10A930001B78DBB283422CD0214C00EB400204EBAD
:10A94000C20292F814C0537DDBB2527DD2B20CEB3E
:10A950004C0C04EBCC046275062B0BD0184A00EBB0
:10A96000400402EBC404247DE4B203EB430302EB96
:10A97000C302147500EB4000114B03EBC00301222E
:10A980001A730E4B1B78DBB2062B10D05DF8044B0C
:10A9900070470A4C2378DBB20A4A137000EB40027E
:10A9A000074B03EBC2035B7DDBB22370E2E70029B8
:10A9B000ECD1054B4FF0FF321A60E7E7C1050020EC
:10A9C000C4050020C0050020BC05002008B5104BC0
:10A9D0001B68B3F1FF3F02D1002080B208BDFFF732
:10A9E00041FF0B4B1B6883420AD3094B1B681B1AA0
:10A9F000084A107803FB00F0074B1B78D840ECE7BF
:10AA0000064B1A88121A024B1B681344F0E700BF6A
:10AA1000BC050020B8050020B9050020B6050020BF
:10AA200070B50446314B1B78DBB2062B13D12F4A8D
:10AA30001378DBB22E490B70107000EB40042D4BE5
:10AA400003EBC404062363752B4B4FF0FF321A60EF
:10AA50000025284670BDFFF7B9FF0546254B04EBDE
:10AA6000440203EBC20291680144916004EB44028A
:10AA700003EBC20290681D4A127802EB420203EB1C
:10AA8000C2039B68834225D8184B1B78D9B203EBCD
:10AA90004303184A02EBC3035B7DDBB20CE0154AAB
:10AAA00001EB410102EBC1014B7DD9B203EB430342
:10AAB00002EBC302537DDBB2062B07D003EB43034B
:10AAC0000C4A02EBC3039B688342E8D92046FFF798
:10AAD000D9FEBEE7054E31782046FFF7F3FE337806
:10AAE000DBB2034A13703470B3E700BFC105002026
:10AAF000C0050020C4050020BC05002010B548B3E7
:10AB0000044601282ED9013CA4B2194B1B68DA680F
:10AB100012F0040FF9D0DA68D2B262F49062DA600F
:10AB2000144B4FF40022DA60032005F0C7FE124AEE
:10AB300053696FF30F031C435461FFF793FE0F4BF0
:10AB400018600B4B1A68936843F480639360AFF30B
:10AB5000008010BDFFF786FE084B1860032005F04B
:10AB60009FFEF6E7064B1B78012BCCD1CDE700BF4B
:10AB7000440200200008005800280040BC050020C6
:10AB8000B905002038B52E4B9B6813F4806F05D0B3
:10AB90002C4B1B68DB6813F0040FF9D1294B1A68A2
:10ABA000936823F480639360274B1B78DCB203EB3C
:10ABB0004303264A02EBC3039D68FFF707FF844661
:10ABC000A84204D9224B01221A70002024E0214B14
:10ABD0001B8810FA83F3AB4206D21E4B188880B252
:10ABE0001B4B00221A7017E0A8B2A0EB0C0080B239
:10ABF000174B01221A700FE004EB4404134A02EBD6
:10AC0000C404A268A2EB0C02A26003EB43030F4A48
:10AC100002EBC3035C7DE4B2062C0ED0234604EBAA
:10AC200044010A4A02EBC10292689445E4D9074AFA
:10AC300002EBC1040022A260E7E7FFF75FFF38BD27
:10AC40000028004044020020C1050020C405002067
:10AC5000BA050020B405002010B5484B1B68CA2275
:10AC60005A6253225A62464B9A6842F020029A6016
:10AC70009A6802F00702C2F10402D2B241490A7096
:10AC80001B6903F4FE034FF4FE0191FAA1F10029C0
:10AC900031D0B1FA81F1CB40DBB20133DBB23A49BA
:10ACA0000B7037490969C1F30E010131374C21801E
:10ACB000013901FB03F3A3F5A073D3404FF6FE72F5
:10ACC00093421AD9324B4FF6FF721A80314B1A68F1
:10ACD00042F400221A60D3F8802042F40022C3F824
:10ACE000802000283FD12C4B01221A702B4B4FF0B3
:10ACF000FF321A600EE02021CDE79BB2244A138078
:10AD0000E4E700EB4002264B03EBC20300221A7378
:10AD10000130C0B20528F4D9224B06221A70174C14
:10AD20002268936823F480639360D368DBB263F492
:10AD30009063D360174B4FF40022DA60032005F0D4
:10AD4000BDFD2268936843F4804393600B4B1B68FE
:10AD5000FF225A6200220321084605F075FD0320F8
:10AD600005F082FD10BD054B1B68DB6813F4806F96
:10AD7000ECD0032005F094FDE8E700BF440200207A
:10AD800000280040B9050020B8050020B6050020C5
:10AD9000B405002000080058BA050020BC050020BA
:10ADA000C4050020C1050020F0B5EFF3108572B690
:10ADB0004FF0000CBCF1050F0CD80CEB4C0E154CF1
:10ADC00004EBCE0E9EF80C4024B10CF1010C5FFA9E
:10ADD0008CFCEFE7BCF1060F17D00E4E4FEA4C0487
:10ADE0000CEB4C0E06EBCE0E01278EF80C7085F3A3
:10ADF0001088CEF810008EF80D2004EB0C02D20063
:10AE0000B35081F800C00020F0BD85F31088012008
:10AE1000FAE700BFC405002038B50446EFF31085FB
:10AE200072B6032005F024FD254B1B68CA225A6226
:10AE300053225A6204EB4402224B03EBC2031B7BF6
:10AE4000DBB2022B09D01E4B1B68FF225A62032083
:10AE500005F00AFD85F3108838BD00212046FFF774
:10AE600065FD194B1B78DBB2062B07D0174A127809
:10AE7000D2B29A42E7D0FFF785FEE4E7144B9B6815
:10AE800013F4806F05D00E4B1B68DB6813F0040FC2
:10AE9000F9D10B4B1A68936823F480639360D368ED
:10AEA00013F0040FFBD0D368DBB263F49063D3607C
:10AEB000084B4FF40022DA60032005F0FFFCC2E7E4
:10AEC00044020020C4050020C1050020C005002068
:10AED000002800400008005870B504460D4600EBFD
:10AEE0004002214B03EBC2031B7BDBB2022B35D0AC
:10AEF000EFF3108672B6032005F0BAFC1B4B1B68FB
:10AF0000CA225A6253225A6204EB4402164B03EBE4
:10AF1000C20302221A739D605D602046FFF780FD28
:10AF2000134B1B78DBB2134A1278D2B29A4218D173
:10AF30000D4B04EB440203EBC2029268121A04EBBD
:10AF4000440403EBC4039A60084B1B68FF225A6257
:10AF5000032005F089FC86F3108870BDFFF75CFFC5
:10AF6000C6E7FFF70FFEEFE7C4050020440200200C
:10AF7000C1050020C005002008B5904708BD0000AD
:10AF8000F8B5EFF3108572B6314B1B68CA225A62CE
:10AF900053225A629A6822F480629A602D4A147889
:10AFA000E4B204EB4402D1002B4A0A44127BD2B231
:10AFB000022A13D0DA6812F0040FFBD0DA68D2B29A
:10AFC00062F49062DA60254B4FF40022DA6085F378
:10AFD00010881F4B1B68FF225A62F8BD1E4A04EB03
:10AFE0004401CB00D118D7580E691D4B1B7853B3C1
:10AFF0004B7BDBB2012B10D085F310882046FFF786
:10B000000BFF134B1B68CA225A6253225A623A46FC
:10B0100021463046FFF7B0FFDBE701212046FFF76E
:10B0200085FC85F3108804EB4403DA000A4B1344D3
:10B0300059682046FFF750FF054B1B68CA225A6229
:10B0400053225A62E3E7FFF79DFD85F31088C0E7BE
:10B0500044020020C1050020C4050020000800585B
:10B06000BA05002008B548B102280ED10748036090
:10B070000748084B036009F04BF906E006480360F7
:10B080000648074B036009F043F908BD5806002045
:10B09000D003002000800040600600203C03002018
:10B0A0000038014008B50368084A934208D002F509
:10B0B0003842934203D1064B1B6803B1984708BD41
:10B0C000044B1B68002BFAD09847F8E7008000403B
:10B0D000600600205806002008B50368084A93421D
:10B0E00008D002F53842934203D1064B1B6803B1E6
:10B0F000984708BD044B1B68002BFAD09847F8E727
:10B10000008000405C06002054060020244B4FF4D1
:10B1100080621A6101E000233BB1214BD3F88C20FF
:10B12000204B9A42F7D00123F6E74FF0B0439B68DB
:10B1300003F00C03042B04D0194B4FF48062DA6047
:10B1400070474FF0B042136843F48033136002F548
:10B150008042136823F0070343F001031360124B8E
:10B160001A6802F00702012AF9D100E03BB94FF05A
:10B17000B0431B6813F40033F8D01346F6E74FF0E2
:10B18000B042936823F0030343F0020393604FF04F
:10B19000B0439B6803F00C03082BF8D1CCE700BF49
:10B1A0000014005800040080004000584FF0B042E6
:10B1B000136843F48073136000E03BB94FF0B04371
:10B1C0001B6813F48063F8D00123F6E74FF0B04218
:10B1D000936823F0030343F001039360536A23F061
:10B1E000030353624FF0B0439B6803F00C03042B3E
:10B1F000F8D1704708B501E000233BB1184BD3F8F4
:10B200008C20184B9A42F7D00123F6E7144BD3F861
:10B210009020144B9A420BD0FFF7C8FF124A1368D4
:10B2200023F0070313600E4B4FF48062DA6008BD11
:10B230000E4BD3F8883013F4004F05D10B4BD3F8E5
:10B24000883013F4806FEED0054B4FF480621A61A2
:10B25000FFF7ACFF044A136823F007031360E2E72B
:10B2600000140058000400800040005800040058FA
:10B2700008B505F065FAFFF7BDFF084A1F23936183
:10B28000136823F0070343F003031360044A1369B0
:10B2900043F00403136130BF08BD00BF0004005831
:10B2A00000ED00E008B505F04BFAFFF7A3FF074AF1
:10B2B000136823F0070343F002031360044A136981
:10B2C00043F00403136130BF08BD00BF0004005801
:10B2D00000ED00E008B505F033FA034A136923F0E6
:10B2E0000403136130BF08BD00ED00E008B505F0B0
:10B2F0002EFA08BD08B5FFF709FF05F028FA08BDCA
:10B3000008B505F024FA08BD10B503460C4A0D49EE
:10B310000D48006840B10C4800680344521A93423B
:10B3200006D8094A136010BD0748084C0460F2E7CC
:10B33000FDF77AFB0C2303604FF0FF30F3E700BF0B
:10B34000000003200010000064060020101B0020F5
:10B35000F0B589B0002403940494059406940794EE
:10B360004FF0B043DA6C42F00102DA64DA6C02F0BA
:10B3700001020292029ADA6C42F00202DA64DA6C9A
:10B3800002F002020192019ADA6C42F01002DA64D1
:10B39000DB6C03F010030093009B224606214FF064
:10B3A000904005F0A6FE3F4E22464FF4087130460D
:10B3B00005F09FFE3C4F01221021384605F099FE12
:10B3C00006230393012504950594069403A94FF0E1
:10B3D000904005F0ADFD4FF40873039303A9304688
:10B3E00005F0A6FD1023039303A9384605F0A0FD40
:10B3F0000423039304940227059703A9304605F01C
:10B4000097FD182303934FF488130493059703A91A
:10B41000304605F08DFD2A462946092005F014FA2C
:10B42000092005F021FA2A4629460A2005F00CFADF
:10B430000A2005F019FA4FF480630393059503A9D8
:10B440004FF0904005F074FDF82303930323049319
:10B45000059403A94FF0904005F06AFD039503A9F8
:10B46000304605F065FD039504970594069707950A
:10B4700003A94FF0904005F05BFD4FF40073039378
:10B480000497079503A94FF0904005F051FD4FF444
:10B4900080730393079503A9304605F049FD09B071
:10B4A000F0BD00BF000400480010004830B58FB068
:10B4B0000024089409940A940B940C940D940DF1B3
:10B4C000080C414D0FCDACE80F0095E803008CE867
:10B4D00003004FF0B043DA6C42F40052DA64DA6CE5
:10B4E00002F400520192019A9A6C42F001029A64AD
:10B4F0009B6C03F001030093009B3448344B0360C2
:10B50000052343608460C460802303614FF480732B
:10B5100043614FF4806383612023C3614FF4005380
:10B52000036205F03BFA50BB2A482B4B03604FF4F3
:10B530000023436000238360C3600122026108216D
:10B540004161037642760621C16180F82030836232
:10B55000C36280F830204FF48052426380F8383064
:10B560001A4BC364986208F02BFF58B906230A935C
:10B570007F230B9304230C9300240D9406E0FEF725
:10B58000ADFDD1E7FEF7AAFDF0E70134052C10D898
:10B590000EAB03EB840353F8303C0893A31D0993CF
:10B5A00008A90C4809F052F80028EED0FEF796FDE5
:10B5B000EBE7002203210B2005F046F90B2005F0F4
:10B5C00053F90FB030BD00BF546101086806002078
:10B5D00008000240700700200000045030B59FB002
:10B5E00000241A941B941C941D9413941494159481
:10B5F0001694179418941994109411941294342258
:10B60000214603A8FDF788F94FF0B0431A6E42F4C3
:10B6100000621A661A6E02F400620292029A9A6D31
:10B6200042F001029A659B6D03F001030193019BB7
:10B6300048484FF0804303600723436084604FF025
:10B64000FF33C3600461846107F086FA18B941488A
:10B6500007F022FA08B1FEF741FD02231A930123F5
:10B660001B9300221C9204231D931AA9394807F04A
:10B67000EBFB00285AD100231393149315931793CF
:10B68000042213A9334807F0D3FA30B9082213A9CA
:10B69000304807F0CDFA00284BD0FEF71FFD0022FE
:10B6A00001211C2005F0D0F81C2005F0DDF82A4807
:10B6B0002A4B036000234360836040F23F12C26064
:10B6C00003614361836107F017FA002839D1002430
:10B6D000109411941294204D10A9284608F060F897
:10B6E0006023139314941594169417941894199432
:10B6F000042213A9284607F0D8FA28BB0023039395
:10B70000049305931A22069207934FF4005208926D
:10B7100009930B934FF000720C920D930F9303A9B2
:10B720000D4808F071F890B91FB030BDFEF7D6FC97
:10B73000A1E70C2213A9074807F07AFA0028AED037
:10B74000ABE7FEF7CBFCC2E7FEF7C8FCD6E7FEF797
:10B75000C5FCE9E7D806002024070020002C0140A2
:10B7600008B5FFF7F5FDFFF7A1FEFFF737FF094822
:10B77000094B0360042343604FF47A73836040F6FF
:10B78000FF73C36005F02CFD00B908BDFEF7A6FCF1
:10B79000FBE700BFC80600200030004008B50248A3
:10B7A00007F080F808BD00BFD806002008B5024B9E
:10B7B000D86C05F01CFA08BD7007002008B50820F9
:10B7C00005F09CFC08BD000038B50268184B9A4291
:10B7D00001D0002038BD04468268A3F57F33A3F270
:10B7E0000D139A4201D00020F4E78389032B01D086
:10B7F0000020EFE7837B032B01D90020EAE7D0F894
:10B8000050554FF4A961083001F0F0F9854201D09C
:10B810000020DFE7D4F8545540F25451204601F09F
:10B82000E5F9854201D00020D4E70120D2E700BF2E
:10B8300050414D3738B502680C4B9A4201D0002078
:10B8400038BD0446D0F8EC5640F2EC6101F0CEF978
:10B85000854201D00020F3E704F1080001F082FBEB
:10B8600008B90120ECE70020EAE700BF50414D375E
:10B87000F8B507460C46084601F0E4F9BB79A37118
:10B88000002501E00135EDB2032D11D84FF4A4726B
:10B8900002FB05F166183944083106F10800FDF78E
:10B8A00095F9337D012BEDD140F25912B283E9E7CE
:10B8B00097F82E3584F82E3597F82F3584F82F35E4
:10B8C000B7F83035A4F83035B7F93235A4F8323549
:10B8D000B7F83435A4F83435B7F83635A4F836352A
:10B8E000B7F83835A4F83835B7F83A35A4F83A350A
:10B8F000B7F83C35A4F83C35B7F83E35A4F83E35EA
:10B90000B7F84035A4F8403597F8443584F8443505
:10B91000002384F8453584F8423584F8433597F898
:10B920002E35042B09D0204601F080F9204601F085
:10B9300019FBB0FA80F04009F8BD022384F82E35D7
:10B94000F1E7000010B5064C2346013C33B102205C
:10B9500005F0E2FB0028F7D1012010BD0020FCE734
:10B96000A086010008B50021022005F0E5FB08BD16
:10B97000F0B585B004464B48FFF75CFF05464A48E2
:10B98000FFF758FF06464FF0FF3303930023009361
:10B9900001930293204601F0E5FA00287DD11DB9FC
:10B9A0001EB9404E012714E066B1002D4FD03D4B2B
:10B9B0005B683D4A52689B1A002B01DD394B02E05F
:10B9C000394B00E0374B5F680137364A934240D02D
:10B9D000344E364D4FF4DE62FF212846FCF79CFFC3
:10B9E000334B2B606F6040F2E462214605F10800A2
:10B9F000FDF7ECF840F2EC61284601F0F7F8C5F8E5
:10BA0000EC060223009306F178431B0B01930123FC
:10BA10000293FFF797FF002840D005F069F9D0B9ED
:10BA200000F0BEFDD8B903A9684605F047FA0546FF
:10BA300000F0B6FDB8B9D5B105F072F9FFF792FF85
:10BA400075BB039BB3F1FF3F23D0002026E0164BCC
:10BA5000B9E7154EBDE7FFF785FF00201EE0012086
:10BA600009F0FEFBDFE7002009F0FAFBE3E7002422
:10BA7000DD2CE1D80D4B03EBC403D3E9002306EB27
:10BA8000C401012005F0A0F905460028D4D10134F5
:10BA9000EEE73046FFF7CEFE00E0002005B0F0BD37
:10BAA0000020FBE700E0070800F00708D8070020A7
:10BAB00050414D3770B505462448FFF7BBFE04469C
:10BAC0002348FFF7B7FE002C30D150B1002C33D003
:10BAD0001E4B5B681E4A52689B1A002B2ADD1B49CD
:10BAE0002BE01A48FFF770FE06461948FFF76CFE78
:10BAF000044656B940B376B1144B5B68144A526899
:10BB00009B1A002B05DD114806E00028F3D10F48F1
:10BB100002E00F4800E00E4829460830FFF7A8FE73
:10BB2000044688B12846FFF723FF0DE00028CDD159
:10BB3000064902E0064900E0054940F2E4620831A6
:10BB40002846FDF743F80124204670BD00E00708B1
:10BB500000F00708104B1A68104B9A4201D00020E1
:10BB600070470D4B5A680E4B9A4201D00020704727
:10BB700010B509488468082101F038F8844201D0E2
:10BB8000002010BD044BDA689B68DB439A4201D069
:10BB90000020F6E70120F4E700D0070850465238AD
:10BBA000C33C5AA510B584B01F4BEC460FCB8CE8B4
:10BBB0000F000821604601F019F80290C04303907D
:10BBC000FFF7C8FF044620B9184B1B68B3F1FF3FCD
:10BBD00002D0204604B010BDFFF7B4FE0028F8D014
:10BBE00005F086F870B9DDE900231049012005F061
:10BBF000EBF8044648B105F093F8FFF7B3FE64B1E3
:10BC00000024E6E7FFF7AEFEE3E7DDE9022308499B
:10BC1000012005F0D9F80446EDE7FFF79BFF08B1D6
:10BC20000124D6E70024D4E77061010800D007089A
:10BC300008D0070810B584B0002301930293039342
:10BC40004FF0FF330093204B1B68B3F1FF3F38D018
:10BC5000022301937D23029301230393FFF772FED6
:10BC600080B305F045F8A8B900F09AFCB0B9694670
:10BC700001A805F023F9044600F092FC90B905F004
:10BC80004FF8FFF76FFEC4B9009BB3F1FF3F0DD033
:10BC9000002017E0FFF766FE002013E0012009F006
:10BCA000DFFAE4E7002009F0DBFAE8E7064B1B685F
:10BCB000B3F1FF3F03D0002004E0002002E00120A8
:10BCC00000E0012004B010BD00D0070810B5064CFC
:10BCD0002346013C33B1022005F01EFA0028F7D1BB
:10BCE000012010BD0020FCE7A086010008B500215E
:10BCF000022005F021FA08BD10B584B0002301939D
:10BD0000029303934FF0FF3300930223019300F15A
:10BD10007840000B02900391012009F0A1FAFFF78F
:10BD2000D5FFA8B104F0E4FFC0B9694601A805F049
:10BD3000C5F8044604F0F4FFFFF7D8FF002009F02F
:10BD40008FFA94B9009BB3F1FF3F04D1012402E0C4
:10BD5000044609F085FA204604B010BDFFF7C6FF7F
:10BD6000002009F07DFA0024F5E70024F3E7000045
:10BD700008B501210448FFF7BFFF00B908BD302115
:10BD80000248FFF7B9FFF9E700C007080080030881
:10BD9000002942D02DE9F04383B005461646894676
:10BDA0008318B3F5403F02D810F0070403D00020F9
:10BDB00003B0BDE8F083FFF789FF0028F7D004F057
:10BDC00097FF8046E8B9B4421FD2371B082F28BF1F
:10BDD00008274FF0FF33009301933A4609EB040123
:10BDE0006846FCF7F3FE6119DDE9002301F100610B
:10BDF00001F56031012004F0E7FF804628B93C449A
:10BE0000E1E7FFF773FF0020D2E704F089FFFFF7B7
:10BE10006DFFB8FA88F04009CAE7002070470000BB
:10BE200038B5044601F0A4FD08B9002038BDFFF77D
:10BE30004DFF0028F9D004F05BFF78B900251F2DD5
:10BE400010D8631962595B6805F1006101F5F821AA
:10BE5000012004F0B9FF28B90835F0E7FFF746FFE5
:10BE60000020E3E704F05CFFFFF740FF202D01D046
:10BE70000020DBE7034801F07BFD08B10120D5E796
:10BE80000020D3E700C0070808B5012210210248AE
:10BE900005F02FF908BD00BF0010004808B50021CB
:10BEA000012008F0F5FE08BD00B583B0054B0093F6
:10BEB000054B01936946054809F084FA03B05DF823
:10BEC00004FB00BF28000320EBBE0008D1BE000821
:10BED00010B50446406808300AF0DCF810B10123C0
:10BEE000237010BD00232370FBE708B528B101289B
:10BEF00006D11F2008F0EEFE02E01F2008F0DCFE55
:10BF000008BD000008B50F4BD3F88025B2F1FF3F04
:10BF100010D0D3F884350C480270C2F30722427067
:10BF20008370C3F30722C270C3F3074202711B0E72
:10BF3000437108BD002009F0F1FB0028F9D1034846
:10BF4000F7E700BF0070FF1F480F0020206C0108BA
:10BF500030B589B00024ADF8184009F0A3FFFFF711
:10BF6000D1FF054602460621204609F01BFF6A79EB
:10BF70002E4B1A722A795A72EA789A72AA78DA7271
:10BF80006A781A732A785A73294A1021182009F0FE
:10BF900009FF284A1021082009F004FF1821012078
:10BFA00009F030FF09F0CFFD0DF11A03019307AB43
:10BFB00000930DF11E030C222146012009F013FD10
:10BFC0001D4B00930C232246BDF81C10BDF81E002B
:10BFD00009F08BFE06AB009302232246BDF81A102F
:10BFE000BDF81E0009F081FE01221146204609F02D
:10BFF000D7FF124D0320287009F066FC6C700823EF
:10C00000EB7010212971AC70049403940122029208
:10C010000191009323462146204609F07BFCAB7832
:10C020000BB909B030BD09F01DFDFAE75C00002036
:10C03000106C0108006C010860630108D00E00203C
:10C0400070B58EB0044601281FD04FF496664FF4A9
:10C050004875244B93F87500FEF7DEFE022C19D0CC
:10C06000204B83F8744000200690059004900390C4
:10C070001D4B02930D23019300900346324629463F
:10C0800009F0C8FB80B10EB070BD184B1D88184B6D
:10C090001E88DEE7134B93F87430013BDBB2012BB3
:10C0A000DED809F096FBDBE711238DF82430114D23
:10C0B0000FCDCDF82500CDF82910CDF82D20CDF8E5
:10C0C00031302B788DF8353009A9122009F00AFF9C
:10C0D000012CD8D10849034B93F87500FEF7FCFEFC
:10C0E000D1E700BFD00E0020F06B0108CE0E00207B
:10C0F000CC0E00208061010846E0010008B5012255
:10C100001021094804F0F5FF084B93F87430052B13
:10C1100000D108BD09F05DFB044B002283F87420B8
:10C120000220FFF78DFFF4E700100048D00E00203A
:10C1300030B593B04322002101A8FCF7EDFB442366
:10C14000ADF818300823ADF81A304FF4A863ADF8F5
:10C150001C3002248DF81E4001258DF81F5012233B
:10C160008DF8203029238DF821309C23ADF8223022
:10C170004FF4FA73ADF824304FF0FF330A934FF4C5
:10C18000A473ADF82C308DF82E5020238DF831306B
:10C19000D8238DF8323006238DF8333003238DF801
:10C1A000353040F27263ADF836300D238DF83C30F7
:10C1B00004238DF83E30FFF777FE2946204608F02D
:10C1C0002DFD244A0021204608F0D2FE01A809F0E6
:10C1D00029F800283BD1FFF7BBFE09F043FF1E4CB6
:10C1E000002584F874504FF6FF73A3811B4A29463B
:10C1F000012008F0BDFE062009F02DFE00F0E8F851
:10C20000174B2A4604F175012846FEF7CDFD154B64
:10C210002A4604F176012846FEF7C6FD124D0FCDE1
:10C22000C4F80F00C4F81310C4F81720C4F81B306A
:10C230002B78E3771123A3730C4B80221A800C4BCD
:10C24000A0221A800120FFF7FBFE13B030BDFDF7DE
:10C2500045FFC0E7E9530108D00E0020FDC00008EB
:10C260009DBE000889BE000880610108CE0E002036
:10C27000CC0E002030B583B0044643783E2B21D04D
:10C28000FF2B4FD0052B0FD18288434B9B899A42BD
:10C290000DD00120FFF7D4FE4048012303703E4B30
:10C2A0009B89438000F095F8012003B030BD3A4DE2
:10C2B0000024AC8121464FF6FF7000F061F985F84B
:10C2C0007440E6E7C378012B0AD00C2BECD10DF1BA
:10C2D00006020DF10701304B988909F02FFEE3E7C4
:10C2E0002D4D95F87500FEF797FD95F87430042BE9
:10C2F00014D0294B052283F87420B4F80530264D5C
:10C30000AB810121B4F8050000F03AF9234800237D
:10C310000370AB89438000F05CF8C5E7062285F81E
:10C320007420EAE7B0F8033040F20942934227D084
:10C3300013D940F60E42934228D041F604029342AC
:10C34000B2D100221021164804F0D3FE0A21124B6C
:10C3500093F87600FEF7C0FDA6E740F20242934252
:10C3600008D040F2054293429ED10B4B988909F0C8
:10C370009AFB99E70021084B988909F00BFB93E79A
:10C380000121054B988909F0B5FB8DE7024B98898F
:10C3900009F0E0FC88E700BFD00E0020C80E0020A6
:10C3A0000010004808B500F015F808BD7047704748
:10C3B00008B50021022008F06BFC08BD08B501207B
:10C3C00008F094FC08BD08B5012008F0A5FD08BDE3
:10C3D000704770477047000008B54378FF2B01D0C5
:10C3E000002008BDB0F8032040F601439A4201D076
:10C3F0000020F6E7B0F807200C4B9B8801339A42E7
:10C4000006D00A4B1B8901339A4208D00020E8E786
:10C41000B0F80B100D3004F0D9F80120E1E7B0F8C6
:10C420000B100D3004F0FAF80120DAE76C00002060
:10C430002DE9F04F8FB0494809F022FE484B06AC79
:10C440000FCB84E80F000AAD85E80F00454F009739
:10C450000E2301222946022009F097FB424B0FCB05
:10C4600084E80F0085E80F003B4633F8020B059384
:10C47000012604964FF00A09CDF80C9002964FF071
:10C480000008CDF804804FF0120ACDF800A0142364
:10C490002A46022109F0C9FB344B0FCB84E80F0078
:10C4A00085E80F003B4633F8040B05930496CDF85E
:10C4B0000C900296CDF804804FF00C0BCDF800B034
:10C4C000DC232A46022109F0B0FB294B0FCB84E87C
:10C4D0000F0085E80F003B4633F8060B05930496E2
:10C4E000CDF80C900296CDF80480CDF800A0DC23A6
:10C4F0002A46022109F099FB1E4B0FCB84E80F005E
:10C5000085E80F003B4633F8080B05930496CDF8F9
:10C510000C900296CDF80480CDF800B0D7232A46BF
:10C52000022109F082FB144B0FCB84E80F0085E851
:10C530000F0037F80A0B05970496CDF80C90029679
:10C54000CDF80480CDF800A010232A46022109F07E
:10C550006CFB0A4B1E700FB0BDE8F08FD9C300080A
:10C56000946101086C000020706301088463010875
:10C5700098630108AC630108C06301084E0F0020F6
:10C580000A4609B94FF6FF70014B98819A737047BC
:10C590006C000020014B987B704700BF6C000020AE
:10C5A000014B1878704700BF4E0F0020074B9B7B54
:10C5B00003B9704710B582B0044C0090CBB2002292
:10C5C0006188208809F091FB02B010BD6C0000204A
:10C5D000074B9B7B03B9704710B582B0044C0090A9
:10C5E000CBB20022E188208809F07FFB02B010BDA9
:10C5F0006C000020074B9B7B03B9704710B582B0DD
:10C60000044C0090CBB200226189208809F06DFBB8
:10C6100002B010BD6C00002010B5EFF3108272B6AE
:10C62000064C636843F40023636082F31088044B74
:10C630001B6898474FF40023A36010BD000C0058FE
:10C64000500F002082B04FF0B043D3F8502142F495
:10C650008012C3F85021D3F8503103F480130193B2
:10C66000019B0A4B1A6A42F400721A62D3F8D42072
:10C6700042F40072C3F8D42040BF20BF044AD368FC
:10C6800043F40043D36002B0704700BF0008005875
:10C690000004005800B583B04FF0B0431A6D42F467
:10C6A00080121A651B6D03F480130193019B094BE3
:10C6B0001A6842F001021A601A6842F480321A6065
:10C6C0002C2004F0D1F82D2004F0CEF803B05DF852
:10C6D00004FB00BF000C0058EFF3108172B6044A4F
:10C6E000536823F00103536081F31088704700BF43
:10C6F000000C0058024B4FF480329A60704700BF24
:10C70000000C005808B5EFF3108172B6044A536864
:10C7100043F40013536081F3108808F0D1FC08BD86
:10C72000000C005808B508F0B3FC024B01229A60D7
:10C7300008BD00BF000C0058EFF3108172B6044A28
:10C74000536823F00203536081F31088704700BFE1
:10C75000000C0058064B4FF400329A60EFF3108142
:10C7600072B65A6822F400325A6081F3108870471A
:10C77000000C005808B5EFF3108172B6044A5368F4
:10C7800043F40033536081F3108808F0CDFC08BDFA
:10C79000000C005808B5144BDB6813F0020F04D1ED
:10C7A000114B5B6813F4003F14D00F4BDB6813F0A0
:10C7B000080F04D10C4B5B6813F4002F0DD00A4B0B
:10C7C000DB6813F0200F04D1074B5B6813F4001FE4
:10C7D00006D008BDFFF7CEFFFBE7FFF71DFFF8E728
:10C7E000FFF790FFF5E700BF000C005808B508F010
:10C7F000A9FC024B02229A6008BD00BF000C005841
:10C8000008B50C4BDB6813F0080F05D18047094BC6
:10C810004FF400229A6008BD074B1860EFF31081B7
:10C8200072B6044A536823F40023536081F31088DE
:10C83000F1E700BF000C0058500F0020EFF310810B
:10C8400072B6044A536823F00803536081F31088DA
:10C85000704700BF000C005808B508F0CFFC024B31
:10C8600008229A6008BD00BF000C005808B5144BA0
:10C87000DB6913F0020F0AD1114BDB6913F0010FD2
:10C880000DD10F4BDB6913F0080F10D108BD0C4B15
:10C890005B6813F0020FEFD1FFF7A8FFF6E7084B34
:10C8A0005B6813F0010FECD1FFF73CFFEEE7044BA0
:10C8B0005B6813F0080FE9D1FFF7CEFFE6E700BF92
:10C8C000000C0058B0F5FA7F40F28B80B0F57A7F0B
:10C8D0000CD8C82303FB00F0A0F5C330A0384E4BA2
:10C8E00083FB00C3C017C0EB63107BE040F2DC5356
:10C8F00098420FD84FF4967303FB00F0A0F59220F6
:10C90000A0F57870444B83FB00C3C017C0EB6310E5
:10C91000C83067E040F6C413984210D84FF4FA7359
:10C9200003FB00F0A0F53720A0F5D8703A4B83FB4D
:10C9300000C3C017C0EBA31000F5FA7052E0B0F5C9
:10C940007A6F10D84FF4487303FB00F0A0F5F41091
:10C95000A0F59060314B83FB00C3C017C0EB6310A0
:10C9600000F57A703EE041F27073984210D84FF4AF
:10C970002F7303FB00F0A0F52A10A0F56650264B9C
:10C9800083FB00C3C017C0EBE31000F5E16029E0B2
:10C99000B0F5FA5F10D84FF4167303FB00F0A0F562
:10C9A0005B10A0F53A501C4B83FB00C3C017C0EBD3
:10C9B000E31000F6C41015E042F21073984221D83B
:10C9C0004FF4FA7300FB03F3A3F57413A3F510639C
:10C9D000114880FB03C0DB17C3EBE01303F61C40D8
:10C9E00000E00020A0EBA10002B96438022A0CD0BC
:10C9F000032A0CD000280CDBB0F5616F0ADD4FF480
:10CA0000616007E04FF46160ECE7C838F0E732306E
:10CA1000F0E7002000B27047D34D6210F11976059F
:10CA2000012919D90388934218D801238B421BD2BC
:10CA300000B530F813E003F1004C0CF1FF3C30F886
:10CA40001CC0E6450CD996450CD80133DBB28B42AD
:10CA5000EFD301205DF804FB0020704700207047F1
:10CA60000020F7E70020F5E701207047844603889F
:10CA700093420DD20020431C8B4206D23CF8133067
:10CA8000934206D20130C0B2F5E70239C8B270470E
:10CA90000020704770B50446049D9A4210D9AA42FE
:10CAA0000FD2A1EB000E4FEAEE76A2EB030CAEFB29
:10CAB0000C01EA1A00230CFB0611FBF785FB20444E
:10CAC00070BD0846FCE7B0F810C0438AACEB030326
:10CAD0008B4218D8437B012B17D00CF5967C8C45E4
:10CAE00015D913780133DBB21370028A8A4204D855
:10CAF00083F0010000F00100704713F0030F0CBF3A
:10CB0000012000207047002070470220704702205B
:10CB1000704700002DE9F84305460E461446984636
:10CB20004FF4A4720021FBF7F7FE0B223146284692
:10CB3000FCF7E6F82C73012C28D042F21C532B8210
:10CB40004FF4C8736B82012C23D040F21D13AB82CB
:10CB50000123EB829C421FD00822AA73012C1DD016
:10CB60000426EE7305F11800012C19D01B49174655
:10CB70005200FCF72BF805F13800012C12D01849AF
:10CB8000B1467200FCF722F8002621E042F6F823B5
:10CB9000D5E740F25913DAE71022DEE70826E0E78E
:10CBA0001049E4E71049EBE704F10C0006F11C031F
:10CBB000424635F8131035F81000FFF783FE04EBFA
:10CBC0000611243125F811000134A742ECD80136B2
:10CBD000B14501D90024F8E7BDE8F883606C01088D
:10CBE000586C0108386C0108286C010810B504461F
:10CBF000084600214FF0FF320CE042F3000E0A4BD2
:10CC00000EEA030383EA52020CF1010CBCF1070F98
:10CC1000F3D90131814204D2635C5A404FF0000CD9
:10CC2000F4E7D04310BD00BF2083B8ED40B110B58C
:10CC300004464FF4DC61FFF7D9FFC4F8E00610BDED
:10CC400070470000002853D038B5044640F2E46233
:10CC50000021FBF761FE274B23600423A3800125FD
:10CC6000A57100231A46244904F10800FFF752FF7A
:10CC70002B460022214904F5A870FFF74BFF022341
:10CC800000221F4904F52670FFF744FF03232A46BC
:10CC90001C4904F57870FFF73DFF2422002104F5BC
:10CCA000A560FBF739FE184BC4F828350223A4F819
:10CCB0002C3541F27073A4F83035A4F83455502364
:10CCC000A4F83635DC23A4F83C3540F6B833A4F894
:10CCD0003E354FF47A73A4F8403584F844550B4B35
:10CCE000C4F84C35A4F850552046FFF79FFF38BDD7
:10CCF000704700BF43444937D4630108D863010833
:10CD0000E0630108E8630108535550374F454D383B
:10CD100000286FD003460168504A91426CD1828846
:10CD2000022A6BD18279042A6AD8C179012969D88B
:10CD3000008948F69F41884266D8B3F90A104848EE
:10CD4000814263DB40F6B830814261DC9989002979
:10CD500060D0042960D8D98927295FD996295FD85E
:10CD6000998AB3295ED9FA295ED8D88A40F6B831B3
:10CD700088425BD1198BB1F57A7F59D8997E012908
:10CD800058D8D87E012857D893F81CC0BCF1020FA0
:10CD900054D893F81DC0BCF1020F51D893F81EC0AF
:10CDA000BCF1010F4ED893F81FC0BCF1010F4BD856
:10CDB00093F820C0BCF1010F48D810B45C8A2CB1A4
:10CDC000B3F810C00CF1320C644541D9012A08D9DE
:10CDD00008B100293ED0042A08D000205DF8044B99
:10CDE00070475B8B002BF3D00220F7E7002933D08C
:10CDF0000020F3E7012070470220704702207047AF
:10CE000002207047022070470220704702207047BE
:10CE100002207047022070470220704702207047AE
:10CE2000022070470220704702207047022070479E
:10CE3000022070470220704702207047022070478E
:10CE4000022070470220704702207047022070477E
:10CE50000220C3E70220C1E70220BFE75355503745
:10CE600048F4FFFF002860D070B50446037B012B17
:10CE70005DD8427B012A5CD8012B3FD0002B41D1E9
:10CE8000E389B3F5816F56D1A28A40F21D139A420D
:10CE900053D142F60411238A40F6B732934252D955
:10CEA0008B4252D8638A632B51D9B3F57A7F50D81D
:10CEB000A57B42F6EC42294604F11800FFF7B0FDCD
:10CEC000002848D0E67B4FF47A72314604F13800EE
:10CED000FFF7A6FD10B300218E4224D900239D4206
:10CEE0001ED903EB0112243234F91220002A34DB5C
:10CEF000B2F5616F33DC0133DBB2F0E70029BDD15D
:10CF0000032015E0E389B3F5016F18D1A28A40F23E
:10CF100059139A4215D142F6EC41BCE7022007E0D2
:10CF20000131C9B2D8E7002002E001207047022099
:10CF300070BD0220FCE70220FAE70220F8E7022099
:10CF4000F6E70220F4E70220F2E70220F0E70220F1
:10CF5000EEE70220ECE70220EAE70220E8E7022001
:10CF6000E6E7000070B5A8B304460268244B9A4275
:10CF700032D18388042B32D18379032B31D84FF4FB
:10CF8000DC61FFF733FED4F8E03698422BD104F58C
:10CF9000A560FFF7BDFE054638BBD4F84C25194BFC
:10CFA0009A4224D1B4F85035012B22D194F8DA36C4
:10CFB000012B20D80646032E0FD84FF4A47006FB91
:10CFC00000F0083001212044FFF74CFFA8B90136DA
:10CFD000F6B2F0E7012500E00225284670BD0225E3
:10CFE000FBE70225F9E70A25F7E70225F5E7022521
:10CFF000F3E70225F1E70225EFE70225EDE700BFA1
:10D00000434449374F454D382DE9F04F85B004462C
:10D01000884691460A46817B1830FFF727FD054672
:10D020004A46E17B04F13800FFF720FD064605EB98
:10D03000001024306F1C07EB0611243105F10C039E
:10D0400034F813A005F10D0334F813B0CDF800B097
:10D050005346424634F9111034F91000FFF71AFD17
:10D060000390731C05EB0315243507EB03172437D6
:10D07000CDF800B05346424634F9171034F9150084
:10D08000FFF708FD014606F11C031D3634F8162093
:10D09000009234F813304A460398FFF7FBFC00B2C5
:10D0A00005B0BDE8F08F00002DE9F041D2B00028B6
:10D0B00000F0B68017461E460446002900F0B580F1
:10D0C000589B002B00F0B380599B002B00F0B180DF
:10D0D0000368002B00F0AF808388002B00F0AD8048
:10D0E000002A00F0AC80837C002B00F0AA80C37C77
:10D0F000002B00F0A8804FF4A4726846FBF766FD91
:10D10000A3890BB1ADF81030217D6846FFF7AAFE68
:10D110000546002840F08580B6F57A7F01D94FF4A6
:10D120007A762368190F4FEA031CBCEB030C61F1FC
:10D1300000018900A388A7FB03234FEA8C0041EA82
:10D140009C71FBF791F80146599B1860421E43F20F
:10D15000D3039A4279D8589A6846FFF7B4FC8046C0
:10D16000599B1875324619686846FFF74DFF599B61
:10D170009880E38923B11BB2984201DD599A9380CC
:10D18000238A0BB9BDF81430599AD380216860897D
:10D19000334A0023A1FB0001FBF766F8599B186195
:10D1A00010B90123599A1361B8F1000F2ED1E58807
:10D1B000599BB3F90430ED1AB4F908602E44002DE0
:10D1C00045DB002E45DB48F69F439D4243DC9E42F3
:10D1D00043DCA388A7FB033CA3FB050148F6A04260
:10D1E000002305FB0C11FBF73FF8599B9860A37DCA
:10D1F0008BB1A388A7FB0371A7FB060448F6A042E6
:10D20000002306FB0141FBF72FF805E00023599AA4
:10D210009360D36005E00020599BD860454600E04C
:10D220000125284652B0BDE8F0810125F9E7012526
:10D23000F7E70125F5E70125F3E70125F1E70125EA
:10D24000EFE70425EDE70425EBE70525E9E70625EB
:10D25000E7E70625E5E70625E3E70625E1E700BF62
:10D2600040420F00F8B50D469DF8181058B314460B
:10D270000646C27BAA4228D9827BA24227D904EB68
:10D280000512243230F9127039B107F1C802934205
:10D290001FDCA7F1C80293421DDB04EB0512243208
:10D2A00026F812309DF81C103046FFF7DBFD18B948
:10D2B000F38A0133F38209E004EB051101F1240440
:10D2C00026F8147002E0012000E00120F8BD0120E2
:10D2D000FCE70720FAE70720F8E72DE9F04784B0DC
:10D2E00014469DF8302050B30D4607464CB3032931
:10D2F00029D86BBB72BB9DF834102046FFF7B2FDF6
:10D30000064608BB4FF4A47303FB057A0AF108082C
:10D310000DF1040998E8070089E807001A4621463C
:10D320004046FBF753FC99E8070088E80700002314
:10D330008AF81330BD713846FFF778FC04E0012607
:10D3400002E0012600E00126304604B0BDE8F08787
:10D350000826F9E70926F7E710B50446B0F800E01B
:10D36000964504D2A2EB0E0E012300200AE0AEEB9C
:10D37000020EF9E7ACEB020CE64501D9E646184689
:10D380000133DBB28B4206D234F813C09445F1D29C
:10D39000A2EB0C0CF0E710BD70B51E4690F8AA3158
:10D3A000BBB315469389B3B3D0F898218C1AD0F843
:10D3B0009C21A24231D94FEA947EA10009194EF175
:10D3C000000E4FEA0E1040EA11704FEA011CBCEB50
:10D3D000010C60EB0E0E4FEA0E1040EA1C704FEA93
:10D3E0000C11B1EB0C0C60EB0E004101A2FB03230E
:10D3F0004FEA4C1041EADC61FAF736FF2B89181A24
:10D40000B0F5616F0BD83080049B53B11C600120D4
:10D4100000E0002070BD0020FCE70020FAE70020BB
:10D42000F8E70120F6E770B50446084611461E46A7
:10D4300000250F2D30D8002227E0A0EB020E0DE0D2
:10D44000A1EB0C039E4475450DD00CF1010CBCF111
:10D450000F0F19D89042F0D2A2EB000E6145EFD227
:10D46000ACEB0103EEE704EB021EE6449EF80EE18E
:10D47000BEF1010FE9D90CEB021C0CF1040C04EB1A
:10D480004C04B4F9060070BD0132072A02D84FF0EF
:10D49000000CDCE70135CCE73046F4E710B5044674
:10D4A0004FF4CA720021FBF737FA024B23600123C5
:10D4B000A38010BD4F454D3868B138B50C460546C0
:10D4C0004FF4D8720021FBF727FA2846FFF7E6FF52
:10D4D000C5F8944138BD704790B110B50446FFF7C8
:10D4E000DDFF0023C4F8A031C4F89C31C4F89831A2
:10D4F00084F8AB3184F8AA31012384F8AC3110BD33
:10D50000704758B110B50446FFF7C8FF002384F8F0
:10D51000AC3184F8AB3184F8AA3110BD70470000FB
:10D52000F8B5069F002855D016461D460446002F24
:10D5300050D090F8AC31012B4CD1C0F89811002399
:10D5400080F8AB31A2F51C53103B264A93423BD8DE
:10D55000D0F89431C3B3190F4FEA031CBCEB030C92
:10D5600061F100018900324600234FEA8C0041EA54
:10D570009C71FAF779FE0246A0F5967142F6B45313
:10D58000994228D8C4F89C61B5F57A7F28BF4FF43A
:10D590007A75A4F8A451BB7B84F8A831FB7B84F88E
:10D5A000A931B97B07F11800FFF7D6FE84F8A60170
:10D5B0002A46F97B07F13800FFF7CEFE84F8A70171
:10D5C000012384F8AA3105E0002384F8AA312389D5
:10D5D00001332381F8BD002384F8AA312389013364
:10D5E0002381F7E7B09F2D00002854D010B584B0F8
:10D5F00004461AB190F8AC31012B05D094F8AC3147
:10D60000012B32D004B010BD02AB00930DF10E031C
:10D61000FFF7C2FE0028F1D094F8A73194F8A611C4
:10D6200004EB03120A4492F80E2112BB01EB031023
:10D63000043004EB4000BDF80EC0A0F806C0FF2A7D
:10D6400005D004EB03130B44013283F80E21E38869
:10D650004FF6FF72934201D00133E380029BC4F87E
:10D66000A031012384F8AB31CCE723890133238136
:10D67000C8E701EB0310043004EB4000B0F906E00A
:10D68000BDF90EC002FB0ECC02F1010E9CFBFEFCAC
:10D69000A0F806C0D3E77047002856D030B585B053
:10D6A0001446054632B190F8AC31012B02D190F806
:10D6B000AB310BB905B030BD02AB00930DF10E03D9
:10D6C000FFF76AFE0028F5D0D5F8A031029AD21AE9
:10D6D000D017810041EA927193009B1840EB010042
:10D6E000010141EA13711A01D21A61EB0000030132
:10D6F00043EA12734FEA021CBCEB020C63EB00031B
:10D700005901D5F89C21A389A2FB03234FEA4C10B1
:10D7100041EADC61FAF758FD00F6B83241F2707365
:10D720009A42C7D86B893BB9A8814FF6FF729342E2
:10D73000C0D001336B81BDE7B5F90C2002FB0300BB
:10D740005A1CB0FBF2F0A881EFE77047014630B3F6
:10D75000002084460FE0013391F8A8219A4209D9AC
:10D7600001EB00121A4492F80E21012AF3D90CF1B0
:10D77000010CF0E7013091F8A931834201D900236F
:10D78000EAE791F8A80168B15BB1642202FB0CFCE6
:10D7900003FB00F0BCFBF0FC5FFA8CF0704700204C
:10D7A000704718467047002839D02DE9F8430E46D7
:10D7B00091468046A9B390F8AC31012B33D1C38890
:10D7C000132B33D9002712E004EB0715243536F963
:10D7D0001530224639464046FFF725FE26F815004B
:10D7E0000134E4B2B37BA342EED80137FFB2F37B3E
:10D7F000BB4201D90024F5E7F38A0133F382012308
:10D8000088F88E31B9F1000F04D10023A8F80A304E
:10D81000A8F80C30022388F8AC31012004E0002085
:10D820007047002000E00020BDE8F8830020FBE7FF
:10D8300010B50C46114600220CE040F3000E094BD7
:10D840000EEA030383EA50000CF1010CBCF1070F50
:10D85000F3D901328A4204D2A35C58404FF0000C45
:10D86000F4E710BD2083B8ED88B1F8B50F46164631
:10D870001D4604462C220021FBF74EF8E761266284
:10D880006562069BA3624FF0FF336361F8BD70478A
:10D89000F8B50F4616469DF818209DF81C1020B3C9
:10D8A0001D460446C369E3B1006AD0B1606AC0B1E5
:10D8B000BAB1B1B1FF2E14D9B6F5403F11D801224B
:10D8C000227000222283A06A984780B16760A66018
:10D8D000E560002323614FF0FF336361022323706F
:10D8E00004E004232370012323830020F8BD0423D4
:10D8F000237002232383F9E7F8B588B38C461546D5
:10D900001C46064642B30378022B25D103698B429D
:10D9100022D10CB3D02C1FD811F0070F1CD114F05A
:10D92000070F03D01A1981688A4215D12344B268BF
:10D93000934211D8B36A224629466046376AB847EF
:10D94000074680B1224629467069FFF771FF706172
:10D9500033692344336104E00423337003233383A6
:10D9600000273846F8BD042333703383F9E70000FD
:10D9700088B338B504460268194B9A4201D000209A
:10D9800038BD426803F1F75303F55F2303F2E63332
:10D990009A4201D00020F3E74269124B9A4201D02B
:10D9A0000020EDE7C368FF2B17D9B3F5403F01D93D
:10D9B0000020E5E785691821FFF718F9854201D0B5
:10D9C0000020DDE7E269A369DB439A4201D0002031
:10D9D000D6E70120D4E7002070470020D0E700BF41
:10D9E0004F41543800800308002845D010B588B056
:10D9F00004460378022B03D1026983689A4206D059
:10DA00000423237005232383002008B010BD43693D
:10DA1000DB43C2689A4205D00423037006230383C4
:10DA20000020F2E7202200216846FAF775FF134B29
:10DA3000009303F1F75303F55F2303F2E6330193F9
:10DA400063680293A3680393E36804930C4B059304
:10DA500018216846FFF7CAF80690C0430790636A2A
:10DA6000A16A6846984710B103232370CDE70423C9
:10DA7000237007232383C8E7002070474F415438A1
:10DA80000080030838B100220270026182604FF00A
:10DA9000FF3141610283704708B5B0F5805F01D363
:10DAA00040F6FF70064904A3D3E90023A0FB01015F
:10DAB000FAF7DAFB80B208BDC0E076D107000000BB
:10DAC000203A0BD60000000008B5B0F5805F01D306
:10DAD00040F6FF704FF0000C02184CEB0C0C1218C3
:10DAE0004CF1000C4FEA4C3343EAD2435103891AFC
:10DAF00063EB0C039B0043EA91738900091A63F1FD
:10DB000000039B0143EA9163890111EB000C43F18F
:10DB10000003990106A3D3E900234FEA8C1041EAE0
:10DB20009C61FAF7A1FB80B208BD00BFAFF3008093
:10DB300010AA5E050000000030B1002202604260C1
:10DB400002814FF49672C28070472DE9F0479DF82C
:10DB500020809DF824909DF82870B8B30E469A4610
:10DB60000546B1F5AD7F01D340F259161046FFF7D7
:10DB700093FF044668805046FFF78EFFA880224638
:10DB8000844228BF0246844238BF0446A31A9BB28F
:10DB9000B7B9B4F5B97F13D2502C01D9322B0FD8B5
:10DBA0006B7AABB9B8F1000F17D0B9F1000F14D0F0
:10DBB000331D9C4215D302232B7200232B8005E0DA
:10DBC00001236B7203232B7200232B80BDE8F087A7
:10DBD00003232B7200232B80F8E700232B722B806A
:10DBE000F4E70A32964208D901232B722B88991C3C
:10DBF000EA889142EAD82980E8E702232B722B8831
:10DC0000002BE3D0013B2B80E0E7D0F84C3163B927
:10DC100090F860315BB9B0F854311D2B09D8B0F8D9
:10DC200056311D2B07D90020704700207047002077
:10DC30007047002070470120704798B130B583B01D
:10DC40000D46144603787BB12D2B10D00A2201A972
:10DC5000FAF7A6FD019B1B785BB9A8420BD82060A0
:10DC6000012002E000207047002003B030BD0020FA
:10DC7000FBE70020F9E70020F7E738B50446006825
:10DC8000D0F8E056FEF7D2FFD4F8703143B1D4F8A3
:10DC900074112068984718B92368C3F8E05638BD56
:10DCA0000120FCE700B586464FF0000C4FF6FF70F0
:10DCB0000EE041F2210058400132072A06D8430005
:10DCC0009BB210F4004FF4D10020F4E70CF1010CEA
:10DCD0008C4505D21EF80C3080EA03200022ECE7C8
:10DCE0005DF804FB30B5C3B015461C4600910346F1
:10DCF0000F4A4FF4807102A8FBF7F4F9FF2802D90C
:10DD0000002043B030BD014602A8FFF7CBFF0090D2
:10DD100002AB084A21462846FBF7E4F9031E04DD5E
:10DD20001846A342EDD30020EBE70020E9E700BF4F
:10DD3000EC630108F463010870B598B00446154619
:10DD40001E460B46084A60216846FBF7CBF9411E88
:10DD50005E2902D9002018B070BD33462A466946B4
:10DD60002046FFF7BFFFF6E7006401082DE9F04FFA
:10DD7000ADF2147D0446884616461F46B949002078
:10DD8000FAF74EFE002845D00546B749FAF7F8FFE6
:10DD9000002847D0B5492846FAF7F2FF002800F0DE
:10DDA000A180B3492846FAF7EBFF002800F0048170
:10DDB000B0492846FAF7E4FF002800F08181AE4917
:10DDC0002846FAF7DDFF002800F0C581AB49284658
:10DDD000FAF7D6FF002800F00382A9492846FAF78F
:10DDE000CFFF002840F064822046FFF70EFF002896
:10DDF00000F01A8294F8633123B1B4F85C31042B3B
:10DE000000F21A82DDF838373A469E494046FFF75D
:10DE100093FF4BE0DDF838373A469B494046FFF721
:10DE20008BFF43E032468F49FAF7FAFD002836D0DF
:10DE30009649FAF7A5FF002831D12046FFF7E5FE05
:10DE4000002837D0B4F85A31092B3BD9D4F800C098
:10DE50000DF5DD650CF5A5660FCE0FC50FCE0FC510
:10DE600033682B609CF82E3513B901238CF82E35BE
:10DE70002046FFF702FF68BB246804F5A5640DF592
:10DE8000DD650FCD0FC40FCD0FC42B682360DDF807
:10DE900038373A467E494046FFF74EFF06E0DDF848
:10DEA00038373A467B494046FFF746FF0DF2147D6E
:10DEB000BDE8F08FDDF838373A4677494046FFF73E
:10DEC0003BFFF3E7DDF838373A4674494046FFF741
:10DED00033FFEBE7DDF838373A4671494046FFF744
:10DEE00001FFE3E732465F49FAF79AFD8146204693
:10DEF000FFF78BFE002847D0B9F1000F4CD06949DD
:10DF00004846FAF73DFF28B167494846FAF738FF17
:10DF1000002841D1D4F800A00DF5DD650AF5A5660D
:10DF20000FCE0FC50FCE0FC533682B605E49484634
:10DF3000FAF726FFB0FA80F040098AF82F0500238F
:10DF4000A4F85A31226882F82E35226882F84235C8
:10DF5000226882F8433584F863312046FFF78DFE4E
:10DF600010BB246804F5A5640DF5DD650FCD0FC465
:10DF70000FCD0FC42B682360DDF838373A4644498B
:10DF80004046FFF7D9FE91E7DDF838373A46424977
:10DF90004046FFF7D1FE89E7DDF838373A46334986
:10DFA0004046FFF7C9FE81E7DDF838373A463F497A
:10DFB0004046FFF797FE79E732462A49FAF730FDE7
:10DFC0000DF20C720421FFF738FE00283FF4F0AE8A
:10DFD000DDF80C97B9F1000F3FF4EAAE2046FFF7E9
:10DFE00014FE002836D0D4F800C00DF5DD650CF520
:10DFF000A5660FCE0FC50FCE0FC533682B60ACF8EA
:10E000003495236893F82E25012A02D9012283F83A
:10E010002E252268002382F84235226882F8433593
:10E0200084F863312046FFF728FE002840D1246899
:10E0300004F5A5640DF5DD650FCD0FC40FCD0FC43C
:10E040002B682360DDF838373A4611494046FFF720
:10E0500073FE2BE7DDF838373A460F494046FFF7A5
:10E060006BFE23E74C64010860640108C864010882
:10E07000006501082065010828650108646501083C
:10E080006C6501087865010850640108686401083E
:10E09000B064010870640108806401089C64010890
:10E0A000B8640108D0640108D8640108E06401087C
:10E0B000DDF838373A46AA494046FFF713FEF5E641
:10E0C0003246A849FAF7ACFC0DF20C729621FFF724
:10E0D000B4FD00283FF473AEDDF80C97B9F1270FBB
:10E0E0007FF66DAE2046FFF790FD20B3D4F800C058
:10E0F0000DF5DD650CF5A5660FCE0FC50FCE0FC56E
:10E1000033682B60ACF836952046FFF7B6FDD0B9E2
:10E11000246804F5A5640DF5DD650FCD0FC40FCDA2
:10E120000FC42B682360DDF838373A468E494046E5
:10E13000FFF702FEBAE6DDF838373A468B4940462B
:10E14000FFF7FAFDB2E6DDF838373A46884940462F
:10E15000FFF7C8FDAAE632468249FAF761FC054698
:10E1600090B18449FAF70CFEE8B9236893F82E358C
:10E1700013B194F860317BB1DDF838373A467E4907
:10E180004046FFF7D9FD91E6DDF838373A467B493E
:10E190004046FFF7D1FD89E6012384F8633100236F
:10E1A000A4F85C3107E076492846FAF7E9FD68B93A
:10E1B000002384F8633194F863317BB17149DDF851
:10E1C00038373A464046FFF78DFD6FE6DDF83837C1
:10E1D0003A466A494046FFF7AFFD67E66A49EEE70F
:10E1E00032466049FAF71CFC0DF20C7248F69F416A
:10E1F000FFF723FD00283FF4F0AD94F863313BB9FD
:10E20000DDF838373A4661494046FFF795FD4DE65F
:10E21000BDF80C37A4F85831DDF838373A465C4978
:10E220004046FFF75FFD41E6DDF838373A464F4993
:10E230004046FFF781FD39E6D4F800C00DF5DD65F5
:10E240000CF5A5660FCE0FC50FCE0FC533682B603A
:10E25000B4F85831ACF830352368022283F82E2503
:10E260002268002382F84235226882F8433584F818
:10E2700063312046FFF701FD90B9246804F5A564D9
:10E280000DF5DD650FCD0FC40FCD0FC42B682360D6
:10E29000DDF838373A4634494046FFF74DFD05E68C
:10E2A000DDF838373A463B494046FFF71BFDFDE5B0
:10E2B00039492846FAF764FD002873D037492846C3
:10E2C000FAF75EFD002800F0D78035492846FAF7B6
:10E2D00057FD002840F044812046FFF796FC0028B7
:10E2E00000F02E81D4F800C09CF82E35012B40F2AE
:10E2F00027810DF5DD650CF5A5660FCE0FC50FCE98
:10E300000FC533682B6003238CF82E352368012258
:10E3100083F842252168002381F84335216881F87C
:10E320004425226882F84835A4F85E312046FFF77C
:10E33000A4FC002840F00C81246804F5A5640DF5C8
:10E34000DD650FCD0FC40FCD0FC42B682360DDF842
:10E3500038373A4604494046FFF7EEFCA6E500BFD1
:10E36000046501084C640108B06401088064010878
:10E370001C6501083065010834650108286501083D
:10E380004865010808640108186401084C65010823
:10E390006065010888650108986501080466010840
:10E3A000206601083246B549FAF73AFB0DF20C72C5
:10E3B00048F69F41FFF741FC00283FF47FAF32460B
:10E3C000AE490020FAF72CFBA0B1AD49FAF7D8FC12
:10E3D00080B92046FFF719FC20B1D4F800C09CF8A2
:10E3E0002E357BB9DDF838373A46A6494046FFF767
:10E3F000A3FC5BE5DDF838373A46A3494046FFF712
:10E400009BFC53E50DF5DD650CF5A5660FCE0FC53C
:10E410000FCE0FC533682B60BDF80C37ACF8303524
:10E420002268022182F82E152168002281F84225F7
:10E43000216881F84325A4F858312046FFF71DFCD8
:10E4400090B9246804F5A5640DF5DD650FCD0FC402
:10E450000FCD0FC42B682360DDF838373A468B495F
:10E460004046FFF769FC21E5DDF838373A46884930
:10E470004046FFF737FC19E532468049FAF7D0FAF3
:10E4800081462046FFF7C1FB002832D0B9F1000FCA
:10E490002FD0D4F800A00DF5DD650AF5A5660FCEE6
:10E4A0000FC50FCE0FC533682B607A494846FAF77F
:10E4B00067FC30BBB4F85231AAF838352368002223
:10E4C000A3F83A252046FFF7D8FB88BB246804F55B
:10E4D000A5640DF5DD650FCD0FC40FCD0FC42B68FE
:10E4E0002360DDF838373A4668494046FFF724FC98
:10E4F000DCE4DDF838373A4667494046FFF71CFC54
:10E50000D4E466494846FAF73BFC48B9B4F85221CE
:10E51000BAF8383532339A4202D9AAF83A25D1E707
:10E52000DDF838373A465E494046FFF705FCBDE462
:10E53000DDF838373A465B494046FFF7D3FBB5E490
:10E54000DDF838373A4658494046FFF7F5FBADE469
:10E55000DDF838373A4655494046FFF7C3FBA5E496
:10E5600053492846FAF70CFC814620B35149284606
:10E57000FAF706FC002800F019814F492846FAF7FF
:10E58000FFFB002840F0BC8132463C49FAF748FACC
:10E5900048B13B49FAF7F4FB28B92046FFF735FBB1
:10E5A000002840F06A81DDF838373A464349404652
:10E5B000FFF7C2FB7AE432463049FAF731FA824675
:10E5C00000230193D4F800B09BF82E35042B05D01E
:10E5D0009BF8483523B14FF0010901E04FF00109E4
:10E5E00009F001052046FFF710FB00283ED0002D62
:10E5F0003CD00DF5DD650BF5A56CBCE80F000FC533
:10E60000BCE80F000FC5DCF800302B6004238BF84A
:10E610002E352368012283F842252368002283F8DF
:10E620004325BAF1000F00F0978025495046FAF7CC
:10E63000A7FB00284CD023495046FAF7A1FB00283D
:10E6400040F08A802046FFF718FB002800F09880F1
:10E65000236893F84335002B00F0A6801A49DDF8B3
:10E6600038373A464046FFF73DFB1FE4DDF83837C0
:10E670003A4616494046FFF75FFB17E44C64010831
:10E680006864010834650108A4650108B0640108E4
:10E69000B8650108E4650108D0650108EC6501086A
:10E6A000F465010800660108086601081C66010897
:10E6B0002C660108986601089C660108A46601089A
:10E6C0004C66010854670108286401083466010893
:10E6D00032469049FAF7A4F9B0B10A2201A9FAF733
:10E6E00069FA019A12781ABBA2F6B83290421FDB7F
:10E6F00040F6B83290421BDC2268A2F8320523684B
:10E70000012283F843259DE7246804F5A5640DF5EF
:10E71000DD650FCD0FC40FCD0FC42B682360DDF86E
:10E7200038373A467C494046FFF706FBFFF7BEBB49
:10E73000246804F5A5640DF5DD650FCD0FC40FCD7C
:10E740000FC42B682360DDF838373A4672494046DB
:10E75000FFF7F2FAFFF7AABB246804F5A5640DF5EC
:10E76000DD650FCD0FC40FCD0FC42B682360DDF81E
:10E7700038373A4669494046FFF7DEFAFFF796BB5D
:10E78000246804F5A5640DF5DD650FCD0FC40FCD2C
:10E790000FC42B682360DDF838373A46604940469D
:10E7A000FFF7CAFAFFF782BB5E4958E7324659497C
:10E7B000FAF736F981462046FFF727FA00282FD0CE
:10E7C000B9F1000F2CD0D4F800A00DF5DD650AF5E5
:10E7D000A5660FCE0FC50FCE0FC533682B6052490B
:10E7E0004846FAF7CDFA20BB00238AF84435204684
:10E7F000FFF743FA002837D1246804F5A5640DF526
:10E80000DD650FCD0FC40FCD0FC42B682360DDF87D
:10E8100038373A4642494046FFF78EFAFFF746BB83
:10E82000DDF838373A4641494046FFF785FAFFF7A9
:10E830003DBB3F494846FAF7A3FA18B901238AF8C5
:10E840004435D4E73B494846FAF79AFA18B9022307
:10E850008AF84435CBE7DDF838373A463649404642
:10E86000FFF76AFAFFF722BBDDF838373A4633493B
:10E870004046FFF737FAFFF719BB25680DF5DD664F
:10E8800005F5A5650FCD0FC60FCD0FC62B683360FC
:10E8900001A8FEF7D7F9256805F5A5650DF22C56F8
:10E8A0000FCE0FC50FCE0FC533682B60BDF83435C2
:10E8B000A4F85831002384F86331A4F85A31204673
:10E8C000FFF7DBF998B9246804F5A5640DF5DD655B
:10E8D0000FCD0FC40FCD0FC42B682360DDF8383780
:10E8E0003A460F494046FFF727FAFFF7DFBADDF84F
:10E8F00038373A4612494046FFF7F4F9FFF7D6BADF
:10E90000DDF838373A460F494046FFF715FAFFF76A
:10E91000CDBA00BF4C640108546601086066010866
:10E92000B064010838640108486501086C66010894
:10E930003065010880660108886601089466010850
:10E94000B4660108C46601082DE9F0438BB00446A3
:10E950000D4617461E465F490020FAF761F8B8B326
:10E9600080462046FFF751F990B3D4F800900DF19E
:10E97000040C09F5A56EBEE80F00ACE80F00BEE878
:10E980000F00ACE80F00DEF80030CCF800300023B8
:10E9900084F8633150494046FAF7F2F908BB012385
:10E9A00089F845352268002382F84735226882F8C5
:10E9B0004235226882F843352046FFF75EF9002889
:10E9C00077D0129B324645492846FFF78BF905E080
:10E9D000129B324642492846FFF7AEF90BB0BDE81C
:10E9E000F08340494046FAF7CBF960B9002389F833
:10E9F0004535226882F84735226882F84235226818
:10EA000082F84335D8E738494046FAF7B9F9002883
:10EA100048D13A462F49FAF703F850B33349FAF789
:10EA2000AFF9024628BB236893F82E15012927D990
:10EA3000022183F845152368012183F847152368CF
:10EA400093F8481561B3042183F82E15236801213A
:10EA500083F84215236893F8481539B193F8DA160C
:10EA600021B1B3F85615092900D9012283F84325AD
:10EA7000A2E7129B32461E492846FFF75DF9ADE733
:10EA800003F5A56401AF0FCF0FC40FCF0FC43B68D0
:10EA90002360129B324617492846FFF74DF99DE740
:10EAA0000321D1E7129B324613492846FFF744F968
:10EAB00094E7246804F5A56401AF0FCF0FC40FCF0E
:10EAC0000FC43B682360129B32460C492846FFF76F
:10EAD00033F983E74C640108D46601081C67010818
:10EAE00080640108E0660108E8660108F466010830
:10EAF000EC6601080467010820670108B06401089A
:10EB00002DE9F04FADF5417D044688461F46794911
:10EB10000020F9F785FFD4F86861C6B10546B0B1A9
:10EB20007549FAF72DF918BB2046FFF76EF820B1AA
:10EB3000236893F84535012B10D0CA9B3A466F499C
:10EB40004046FFF7F9F80DF5417DBDE8F08FCA9B0F
:10EB50003A466B494046FFF7EFF8F4E73046FEF7D8
:10EB6000BBFCCA9B3A4667494046FFF7BBF8EAE759
:10EB700065492846FAF704F9002856D06349284623
:10EB8000FAF7FEF8002840F0AE802046FFF73DF887
:10EB9000002854D0B6F80AA0BAF1090F94BF4FF07C
:10EBA000000B4FF0010BD4F80090B7AD09F5A56C40
:10EBB000BCE80F000FC5BCE80F000FC5DCF8003043
:10EBC0002B6009F5A8754FF4A472294665A8F9F7DA
:10EBD000FDFF4FF4CA7209F24C516846F9F7F6FF8F
:10EBE0005A4629463046FEF7DEFD78B320684FF4DA
:10EBF000CA72D4F8681100F24C50F9F7E7FF2368A5
:10EC000001229A71204650F8045B4FF4A47205F576
:10EC1000A871F9F7DBFF022385F82E35BAF1090F49
:10EC20001BD92368B3F9583518E03046FEF769FC64
:10EC3000CA9B3A4636494046FFF754F883E7CA9BD9
:10EC40003A4634494046FFF777F87CE7CA9B3A4694
:10EC500031494046FFF770F875E700232268A2F8B3
:10EC600032352268002382F84235226882F8433523
:10EC7000226882F847352046FEF7FFFF48B1BAF117
:10EC8000090F2ED92549CA9B3A464046FFF72AF874
:10EC900059E7256805F5A565B7AE0FCE0FC50FCEB0
:10ECA0000FC533682B6020684FF4A4752A4665A908
:10ECB00000F5A870F9F78AFF54F8040B4FF4CA72F4
:10ECC000694600F24C50F9F781FF2A4665A92046B3
:10ECD000F9F77CFFCA9B3A4611494046FFF72CF8EA
:10ECE00031E71049CFE7CA9B3A460F494046FFF744
:10ECF00023F828E74C640108746701087C67010861
:10ED00005C6701089C670108EC690108CC67010891
:10ED1000B867010880640108D46701082867010802
:10ED2000B064010844670108D8660108C0B138B56D
:10ED30000C46054699B14FF4BC720021F9F7ECFD81
:10ED4000284640F8044BA1794FF4A47202FB01411C
:10ED50000831F9F73BFFB4F83035A5F8583138BD24
:10ED6000704718B1C0F87011C0F87421704708B12D
:10ED7000C0F86811704708B1C0F86C117047000006
:10ED8000002800F020852DE9F04FADF5277D0F46D6
:10ED900015461C4606460368002B00F01685002920
:10EDA00000F01585002A00F01485002C00F0138572
:10EDB0000B78402B40F014850846F9F741FDFF28F9
:10EDC00002D9002000F008BD0DF5CC78791C404632
:10EDD000F9F7C2FBBD494046F9F71CFC002308F8CF
:10EDE00000302A214046F9F725FE0746002800F0AA
:10EDF000F98400F101084046F9F722FD042802D009
:10EE0000002000F0E9BC00233B70102265A94046B9
:10EE1000F9F7C6FC8046659B1F78002F40F0E4841C
:10EE2000B0F5803F02D3002000F0D6BC66A8F9F709
:10EE300007FD014666A8FEF735FF8146002365936E
:10EE400065AAA34966A8F9F7EBFD64AA4FF6FF711E
:10EE5000FEF7F3FE002800F0C984C14507D0234621
:10EE60002A469C496498FEF767FF00F0B5BC65AA86
:10EE700097490020F9F7D4FD8046002800F09C80D7
:10EE80009549F9F77DFF002800F09E8093494046A0
:10EE9000F9F776FF002800F09F8091494046F9F786
:10EEA0006FFF002800F00C828E494046F9F768FF9A
:10EEB000002800F00D828C494046F9F761FF0028D8
:10EEC00000F00E8289494046F9F75AFF002800F009
:10EED0000F8287494046F9F753FF002800F0D68299
:10EEE00084494046F9F74CFF002800F03F838249EF
:10EEF0004046F9F745FF002800F082837F494046ED
:10EF0000F9F73EFF30B17E494046F9F739FF002856
:10EF100040F0528465AA6E490020F9F781FD63AA8A
:10EF20000321FEF78AFE002800F04684D6F84C71D3
:10EF3000002F40F0D28396F86091B9F1000F40F0B5
:10EF4000CC836E494046F9F71BFF002840F00A8445
:10EF50003068639B4FF4A47202FB03F3083396F806
:10EF600062111844FDF77EFF002840F0BD8333682E
:10EF70009F799DF88C219A713068FDF757FED6F87D
:10EF8000703133B1D6F8741130689847002800F01A
:10EF9000B283304650F8041B639B4FF4A47202FB0B
:10EFA00003110831F9F712FE23462A4655496498A1
:10EFB000FEF798FE00F010BC23462A46524964989A
:10EFC000FEF7BAFE00F008BC23462A464F49649873
:10EFD000FEF788FE00F000BC65AA3D49F9F720FD68
:10EFE000074600283DD04A49F9F7CAFE00283FD01D
:10EFF00048493846F9F7C4FE002800F095803849A2
:10F000003846F9F7BDFE002800F0AC80424938468A
:10F01000F9F7B6FE002800F0DB8032493846F9F7F0
:10F02000AFFE002800F0DB802F493846F9F7A8FE34
:10F0300028B9D6F86801002840F0E4808FB12B4948
:10F040003846F9F79DFE28B9D6F86C21002A40F021
:10F05000F18037B131493846F9F792FE002800F0C7
:10F06000F78023462A461D496498FEF765FEB3E300
:10F07000D6F84C31B6F85001B6F85471B6F856C10E
:10F08000326892F806E096F8108096F86121DAB1BD
:10F09000012296F86211002944D0012106910592BF
:10F0A000CDF81080CDF80CE0CDF808C001970090A5
:10F0B0001B4ADC210FA8FAF715F80346013BDA2BAF
:10F0C00040F2F780002087E30022E2E71C68010895
:10F0D0004C640108206801082C6801084468010894
:10F0E0009868010820670108D86601084C69010882
:10F0F000F4690108006A0108386A0108506A0108C9
:10F100005C6A01084C6A0108246801083468010837
:10F110004868010870680108D0680108646901083E
:10F12000506801080021B9E7337C727CB18AF08A0B
:10F13000378BB6F81AC096F812E096F81380CDF81F
:10F140001C80CDF818E0CDF814C00497039002910C
:10F1500001920093331DB54ADC210FA8F9F7C2FFD5
:10F160000346ABE7326892F82E350D9392F82F855F
:10F17000B6F85811B2F93205B2F834C5B2F836E52E
:10F18000B2F83875B2F83A95B2F83CA592F842B5A3
:10F1900092F8433592F84425B6F85A610B960A92D4
:10F1A0000993CDF820B0CDF81CA0CDF818900597A4
:10F1B000CDF810E0CDF80CC002900191CDF80080A0
:10F1C0000D9B9B4ADC210FA8F9F78CFF034675E7DE
:10F1D000482298490FA8F9F7F9FC47236EE73268EF
:10F1E00092F8453592F8471592F8460592F8482569
:10F1F000029201900091904ADC210FA8F9F772FF6A
:10F2000003465BE790F8AC71FEF7A0FAD6F86831D8
:10F21000DA8819895E89B3F90C3004930396029158
:10F22000019200903B46854ADC210FA8F9F75AFF6E
:10F23000034643E7137811699068128B029201909C
:10F2400000917F4ADC210FA8F9F74CFF034635E710
:10F2500065AA7C49F9F7E4FB63AA0721FEF7EDFCF8
:10F2600000283FF4FEAE65AA76490020F9F7D8FBE6
:10F2700062AA0F21FEF7E1FC00283FF4F2AEF27C17
:10F28000639B9A427FF6EDAEB27C62998A427FF62A
:10F29000E8AE01EB0312243206EB4202B2F904207D
:10F2A00001920091684ADC210FA8F9F71BFF034681
:10F2B00004E723462A460FA96498FEF713FD8BE264
:10F2C00000942B4665AA64993046FEF74FFD83E211
:10F2D00000942B4665AA64993046FFF735FB7BE224
:10F2E00000942B4665AA64993046FFF709FC73E247
:10F2F00065AA5449F9F794FB0746D6F86C91B9F121
:10F30000000F1FD0F0B15149F9F73AFD804600B324
:10F310004F493846F9F734FD00287BD04D4938462F
:10F32000F9F72EFD002840F0AA804846FEF7AAFB18
:10F33000002386F8643123462A4647496498FEF73D
:10F34000D1FC49E223462A4644496498FEF7F4FC7E
:10F3500042E265AA3B49F9F763FB63AA4FF0FF312C
:10F36000FEF76BFC50B165AA36490020F9F758FB4F
:10F3700062AA4FF44031FEF760FC30B923462A46BA
:10F3800037496498FEF7D8FC26E265AA2D4900208B
:10F39000F9F746FB61AA4FF0FF31FEF74EFC00285B
:10F3A000ECD0D6F86C016399629A619BD6F84C71E7
:10F3B000B7FA87F77F0996F860C1BCF1000F10D14A
:10F3C000B6F854C1BCF11D0F0BD8B6F856C1BCF14C
:10F3D0001D0F06D896F861C1BCF1000F01D14FF0A6
:10F3E000010808F00108CDF804800097FEF750FAF4
:10F3F00030B923462A461B496498FEF79DFCEBE191
:10F40000012386F8643123462A4617496498FEF79B
:10F4100069FCE1E14846FEF7E7FA48BB23462A4685
:10F4200012496498FEF788FCD6E100BF78680108AD
:10F43000A0680108D868010820690108346901083A
:10F44000506901084C6401086C6901089069010861
:10F45000B8690108EC690108E46901087C690108E0
:10F460008C69010898690108A8690108C069010848
:10F4700023462A46A6496498FEF734FCACE12346AD
:10F480002A46A4496498FEF757FCA5E1A24F65AA55
:10F490003946F9F7C5FA824665AA39460020F9F7D8
:10F4A000BFFA8146D6F800800FAF08F5A56CBCE81E
:10F4B0000F000FC7BCE80F000FC7DCF800303B603F
:10F4C0003046FEF7A2FB80B3BAF1000F2DD0B9F1A0
:10F4D000000F2AD091495046F9F752FC60BB904981
:10F4E0004846F9F74DFC074620B18E494846F9F7E2
:10F4F00047FC08BBB7FA87F35B0988F846353368E1
:10F5000093F84635003B18BF012386F86231304638
:10F51000FEF7B3FBB8B1649896F8623123B3824921
:10F5200023462A46FEF7DEFB56E123462A467F495C
:10F530006498FEF701FC4FE123462A467C49649813
:10F54000FEF7FAFB48E1366806F5A5660FAF0FCF68
:10F550000FC60FCF0FC63B68336023462A46754956
:10F560006498FEF7E9FB37E17349D9E765AA6A4970
:10F57000F9F756FA63AA0721FEF75FFB00283FF46C
:10F58000B6AC65AA64490020F9F74AFA62AA0F21CD
:10F59000FEF753FB00283FF4AAAC65AA5E490020A1
:10F5A000F9F73EFA61AA4FF47A61FEF746FB0028AC
:10F5B0003FF49DACD6F84C3196F862210192003BA5
:10F5C00018BF01230093BDF984319DF888219DF86F
:10F5D0008C11301DFDF746FE034640B16498072BA1
:10F5E0000CD0564923462A46FEF7A6FBF4E02346F4
:10F5F0002A4653496498FEF775FBEDE05149F1E75F
:10F6000065AA4549F9F70CFA80464FF4A472311DFA
:10F610000FA8F9F7DBFAD6F84C31BBB996F8603190
:10F62000A3B9B8F1000F0AD065AA3B490020F9F749
:10F63000F7F963AA42F6EC41FEF7FFFA68B92346F0
:10F640002A4641496498FEF777FBC5E023462A46DF
:10F650003E496498FEF770FBBEE065AA2E49002083
:10F66000F9F7DEF962AA4FF47A71FEF7E6FA00289C
:10F67000E5D037494046F9F783FB30B1354940467C
:10F68000F9F77EFB10B1FF2700E001278DF84970E4
:10F69000BDF88C31ADF84C30BDF88831ADF84E3046
:10F6A00096F862110FA8FDF7DDFB30B123462A461C
:10F6B00029496498FEF740FB8EE04FF4A4720FA92D
:10F6C000301DF9F783FA738B0133738323462A467F
:10F6D00022496498FEF706FB7EE023462A461B4932
:10F6E0006498FEF729FB77E023462A461C49649874
:10F6F000FEF722FB70E033689F713068FDF796FAE1
:10F7000023462A460B496498FEF716FB64E000BFC7
:10F71000CC6901084C6901084C640108E8630108E0
:10F720003065010848650108F06701088064010838
:10F73000F4690108B0640108FC6701081868010851
:10F74000FC69010808680108386A0108086A0108AC
:10F75000186A0108206A0108286A0108346A010849
:10F76000406A010896F862310193CDF800903B465B
:10F77000321D9DF88C113068FDF7AFFD70B9D6F8D9
:10F78000703123B1D6F874113068984768B12346B8
:10F790002A4617496498FEF7A5FA1DE023462A4633
:10F7A00014496498FEF7C8FA16E023462A4612491F
:10F7B0006498FEF7C1FA0FE023462A460F49649881
:10F7C000FEF7BAFA08E000207047002004E00020AD
:10F7D00002E0002000E020460DF5277DBDE8F08F17
:10F7E0000020F9E70020F7E70020F5E70020F3E725
:10F7F000586A01085C6A0108B0640108646A01087B
:10F800000170090A41707047002860D038B50C4675
:10F81000054600295DD0132A01D8002038BD4CF6DA
:10F8200015512046FFF7ECFF0323A3702B8803F04C
:10F830000103E3702988201DFFF7E2FFE3784BBB4B
:10F840006988A01DFFF7DCFFA98804F10800FFF715
:10F85000D7FFB5F9061089B204F10A00FFF7D0FF0F
:10F86000298904F10C00FFF7CBFF698904F10E0030
:10F87000FFF7C6FFA98904F11000FFF7C1FF1221AD
:10F880002046FEF70FFA014604F11200FFF7B8FF19
:10F890001420C3E7B5F90E1089B2A01DFFF7B0FF21
:10F8A0002B7C23726B7C6372AB7CA372EB7DE37267
:10F8B000A98A04F10C00FFF7A3FF298B04F10E00C5
:10F8C000FFF79EFFAB7E2374EB7E6374D7E70020C7
:10F8D00070470020A2E7C0B170B5C0B014461D4605
:10F8E0000646A1B1ABB1B2B1FF2A01D9002013E0A5
:10F8F0006846F9F76BF900230DF80430449B2A465B
:10F9000069463046FFF73CFA06E0002070470020C9
:10F9100002E0002000E0104640B070BDBFF34F8F02
:10F920000549CA6802F4E062044B1343CB60BFF39D
:10F930004F8F00BFFDE700BF00ED00E00400FA05B7
:10F9400010B5002206214FF0904001F0D2FB074C89
:10F950000421204603F0DAFC0421204603F0E2FEF5
:10F960000023034A1370034A137010BD24070020BC
:10F97000880F0020890F002038B52D4AB2F83015C5
:10F980002C4BD980B2F932151981B2F8341599800F
:10F99000B2F83615598192F82E05012894BF00213E
:10F9A0000121997492F84215003918BF0121597547
:10F9B00092F84325003A18BF01229A7500229A81D5
:10F9C000DA811A8203280BD0194B93F82F251A4B92
:10F9D0001B889A4203D0194BD3F84C415CB138BD17
:10F9E000134AB2F83E159981B2F84015D981B2F8A0
:10F9F0003C251A82E8E7124D0021284603F0A2FDBB
:10FA00002B681A6A22F00A021A621A6A084991F8E7
:10FA10002F15012900D0022422431A620021084830
:10FA200003F0D0FC024B93F82F25034B1A80D6E746
:10FA3000F4120020800000207C0000207C110020B7
:10FA4000D806002008B5FBF793FF08BD00B585B0C8
:10FA50000023009301930293039318238DF8003041
:10FA6000CD238DF8013001238DF802301B4A137825
:10FA70008DF8033013698DF80430C3F307218DF836
:10FA80000510C3F307418DF806101B0E8DF80730E3
:10FA900093688DF80830C3F307218DF80910C3F37C
:10FAA00007418DF80A101B0E8DF80B30138B8DF863
:10FAB0000C301B0A8DF80D300E216846FEF7F2F867
:10FAC0008DF80E00C0F307208DF80F001021684656
:10FAD000FCF790FD05B05DF804FB00BF940F00201B
:10FAE00030B583B0FFF72CFF00224FF40071394886
:10FAF00001F0FFFA3848FBF7DDFF18B13648FDF793
:10FB000031FA30B1344C2046FDF79CF82046FBF723
:10FB10002FFF314B93F82E35032B31D02E4B93F81A
:10FB20002E35032B52D12D4C2B492046FFF7FEF8E2
:10FB300000222B492046FFF714F92A4D2A4B196859
:10FB40002846FDF7B9FC29462046FFF710F9274D56
:10FB500000230093264B274A27492846FDF784FEB9
:10FB600029462046FFF707F92448FDF7E5FFFFF790
:10FB700003FF06222249234804F0E6FF03B030BD0C
:10FB8000FBF7E8FF0028C9D0134B012283F8482572
:10FB9000042183F82E1583F8422593F8DA3633B121
:10FBA0000D4BB3F85635092B0ED8002300E0002387
:10FBB000094C84F843352046FDF738F82046FBF71A
:10FBC000D7FEFCF737F8AEE70123F1E7FCF732F890
:10FBD000A9E700BF00040048F41200207C110020B7
:10FBE00045FA0008C00F002080000020940F00207C
:10FBF00021BE000891BD000871BD000870110020F1
:10FC00006C0F0020700700200368B3F1804F00D014
:10FC10007047037F012BFBD170B588B0002102F043
:10FC200025FE0446944B1B68C51A7BB342F2107341
:10FC30009D422BD9914B9D4228D8914B1B68DBB13B
:10FC400003EB83128F49A1FB0212B5EB521F13D9AC
:10FC500003EBC303C3EB03138A4AA2FB0323B5EBF5
:10FC6000531F09D2884BB3F85A31632B0CD8013398
:10FC7000854AA2F85A3107E0834BB3F85A311BB1D9
:10FC8000013B814AA2F85A317D4B1D607A4B1C60C2
:10FC900000F04AFD7D4B1860FFF76EFE7A4BB3F81B
:10FCA00058C17B4AA2F806C093F86361CEB9537D70
:10FCB000002B70D0774B93F84535022B01D00022F2
:10FCC00010E0744B93F84735002B66D0724B1B78CD
:10FCD000002B64D06C4B93F86431002B61D0002270
:10FCE00000E000226A49CA746A4890F84635003B31
:10FCF00018BF01230B75644981F8612181F86231D5
:10FD000090F84535012B4ED04EB15B4B1B6833B19B
:10FD100042F210739D4202D9584B9D426DD95A4907
:10FD200002AB01935D4B0093B1F850312A46043188
:10FD30005748FDF7B9F9002840F08C80029A524BE1
:10FD4000C3F84C21BDF90C20554B1A809DF81C308E
:10FD5000544A1370002B7DD1534B5B7A002B79D121
:10FD60000023524A1370524A1370069B514A136083
:10FD7000514A1360464B5B7D002B73D1444B9B7DF6
:10FD8000002B6DD04D480268059B2344D3630821A6
:10FD900003F0D0F864E00022A4E70022A2E70022EA
:10FDA000A0E701229EE7344B1B6833B142F2107387
:10FDB0009D4202D9314B9D4202D9FFF7C1FD4FE070
:10FDC00033480268130F1601B61A63F10003990055
:10FDD0008388A5FB0323B00041EA9671F8F744FA43
:10FDE000294BC3F84C011A1D0092B3F850312A4632
:10FDF00021463348FDF794FBDFE7254EB388A5FB8A
:10FE00000335A3FB0C0148F6A04200230CFB0511AF
:10FE1000F8F72AFA024600212A4B197033682A495A
:10FE2000A1FB0313DB0A29490B6024480168224423
:10FE30000A640C2103F07EF8134BB3F85C314FF6E3
:10FE4000FF72934203D001330F4AA2F85C31FFF7EF
:10FE500077FD05E0002206214FF0904001F049F9BE
:10FE600008B070BD15480268049B234493630421C5
:10FE700003F060F882E700BF900F0020BFC62D009E
:10FE8000580F00201F85EB517C1100208C0F0020A3
:10FE900080000020F41200208A0F00208B0F002029
:10FEA000680F0020660F002070110020880F0020CE
:10FEB000890F0020800F0020840F0020D80600202A
:10FEC000C00F00207C0F00205917B7D1780F0020F9
:10FED00008B5134B93F84535012B1CD1114B93F802
:10FEE000AC31012B19D1082803D010280AD00020EA
:10FEF00012E00D4B1B68596A0C4A0A48FDF774FB67
:10FF0000012009E0084B1B68596A084A0548FDF7BB
:10FF1000C3FB012000E0002008BD0020FCE700BF7B
:10FF2000F4120020C00F0020D80600201C1800206A
:10FF30000368B3F1804F00D0704710B50446037FCB
:10FF4000022B04D0042B23D0082B42D010BD314B00
:10FF50001B787BB9012202214FF0904001F0C9F8D3
:10FF60002C4B01221A702268936B2B4909680B44B1
:10FF70009363EBE7002202214FF0904001F0B9F8C3
:10FF8000244B00221A700421204603F0A1F8DDE77B
:10FF9000224B1B787BB9012204214FF0904001F0E5
:10FFA000A8F81E4B01221A702268D36B1C490968FD
:10FFB0000B44D363CAE7002204214FF0904001F0C4
:10FFC00098F8164B00221A700821204603F080F89A
:10FFD000BCE7144B1B787BB901224FF40071124827
:10FFE00001F087F80F4B01221A702268136C0F4939
:10FFF00009680B441364A9E700224FF400710A4812
:020000040801F1
:1000000001F077F8074B00221A700C21204603F00C
:100010005FF89BE7890F0020840F0020880F0020E5
:10002000800F00207C0F002000040048780F002083
:100030002DE9F04391B09D4B1889FDF745FD06462B
:10004000A0F514551C3DADB241F664139D428CBF22
:1000500000230123964A13704FF480614FF09040C3
:1000600001F040F80746B0FA80F46409914B1B8810
:1000700023B1013B9BB28F4A1380A3B18B4B1B88EA
:100080008D4AA2F852318D4AB2F83A15B2F83825A5
:1000900002F1320081421CD9934206D8864B0022DD
:1000A000A3F8502119E0FFF739FC8B4205D3824BAE
:1000B0004FF47A72A3F850210FE09B1A4FF47A7034
:1000C00000FB03F3891AB3FBF1F37B4AA2F850312A
:1000D00003E0794B0022A3F85021FFF74DFC764B4B
:1000E00093F86331D3B9764B5B7D002B4CD0734BC7
:1000F00093F84535022B01D0002210E06F4B93F8A6
:100100004735002B42D041F664139D4240D86A4BDC
:1001100093F86431002B3DD0002200E000226849B2
:10012000CA74664B93F84635003B18BF01230B7524
:10013000614981F8612181F8623100F0F5FA614B83
:100140001B68C01AB0F5FA7F03D95B4B0022C3F8D5
:100150004C21DFF85891B9F80400FDF79DFCDFF859
:100160005881A8F85401B9F80600FDF795FCA8F8E5
:100170005601554B1B887BB9B8F854311D2B56D806
:100180001D2856D9012208E00022C8E70022C6E750
:100190000022C4E70122C2E70122474B83F8602115
:1001A000474BDB7C23B11FB1434B93F863310BB159
:1001B000FFF7C6FBDFF8048198F84425003A18BF22
:1001C00001222021414800F094FF98F82E35032B9E
:1001D00031D000233E4A1360374AA2F85E31374BD4
:1001E00093F82E35032B7BD03A4A13780133DBB2D8
:1001F0001370092B40F2C781134600221A70304B4E
:10020000198A09B92C4B198B284B9A88DB882C4802
:10021000C07C002800F0A080DFF89CC09CF863C17F
:10022000BCF1000F00F068814FF0000C96E0012255
:10023000B3E70022B1E7204BD3F84C31A3F5FA73B2
:1002400040F68C229342CAD81F4B5B7A002BC6D152
:100250001F4B1B684EF65F22934202D801331C4AA3
:1002600013601B4B1A681C4BA3FB0213C3F38F13C1
:100270001149A1F85E3140F6B7339A42AFD9174B16
:100280001B78002BABD1FFF75BFB0F4B00221A80D2
:10029000FBF788FC114B18700028A0D007480123F9
:1002A00080F84835FCF7C2FC99E700BF6C0F0020CE
:1002B0008A0F00205C0F00207C110020F412002027
:1002C000800000208C0F00207011002000040048E6
:1002D000600F0020550F0020D34D62105E0F0020EC
:1002E000AF4B93F84835002B3FF47EAFAD4BD3F8BE
:1002F0004C31002B7FF478AFAA4BB3F854311D2B4F
:100300003FF672AFA74BB3F856311D2B3FF66CAFDB
:10031000A34B042283F82E25012283F8422593F86B
:10032000DA3633B19E4BB3F85635092B12D8002379
:1003300000E00023DFF8688288F843354046FCF788
:1003400075FC4046FBF714FB00283FF44DAFFBF76C
:1003500071FC49E70123EDE74FF0000CDFF8648200
:100360000294CDF804C000904046FDF7EEFBB8F8CB
:100370000030002B40F0C3808B4C0421204602F05B
:10038000C5FF0421204603F0CDF9884A13780133D4
:10039000DBB21370042B40F2F680002309930A931A
:1003A0000B930C930D930E930F931370804A138845
:1003B00001339BB21380ADF824307A4BD3F84C3123
:1003C000B3F5803F80F0AE809BB2ADF82630754B20
:1003D000B3F85021ADF82820764A1288ADF82A20CB
:1003E000754AA2FB0626C6F3CF06ADF82C60B3F81B
:1003F0005421ADF82E20B3F85631ADF830304FF41B
:100400000043ADF83230664B9B798DF834306B4B3E
:100410001B788DF835306A4BDB7C002B00F0858033
:100420000123674A127D002A00F0818002221343D3
:100430005C4A92F86021002A7BD004221343604A70
:10044000927C002A77D0082243EA0204FCF7A2F843
:10045000002872D0102323438DF83630504A92F88A
:100460002E25042A6BD0032A6ED0002F73D10123CE
:10047000ADF8383041F664118D4203D943F00203E0
:10048000ADF838304E4B9B7C2BB9BDF8383043F07B
:100490002003ADF838304B4B5B7A2BB1BDF83830C8
:1004A00043F00403ADF838308DF83A203C4B93F814
:1004B000423503B101233A4A92F8432502B10222A0
:1004C0001343384A92F86321002A46D0042213438A
:1004D000DBB2334A92F8442502B1082213438DF867
:1004E0003B30304BB3F85821ADF83C20B3F85A31CB
:1004F000642B34D8DBB233E04FF0010C2EE72A4CEA
:100500002268D16A01FB03332F49A1FB03139B0926
:1005100093630421204602F061FE0421204603F08B
:1005200097F832E74FF6FF734FE7002379E7002291
:100530007DE7002282E7002286E700238BE743F075
:1005400020038DF836308EE79DF8363043F04003B7
:100550008DF8363089E700238AE70022B7E7642365
:100560008DF83E300F4BB3F85E31FF2B01D8DBB274
:1005700000E0FF238DF83F30142204A909A8FFF7FB
:1005800043F9044610B911B0BDE8F083FCF702F856
:100590000028F8D0A1B204A8FCF708F8F3E700BFE0
:1005A000F41200207C11002024070020540F0020AA
:1005B000640F0020680F0020CDCCCCCC660F00204B
:1005C0008000002070110020D34D621000B5C3B030
:1005D0000A464FF48073009302AB01460C48FFF7C4
:1005E0007AF930B90B4B1B78032B07D043B05DF879
:1005F00004FB81B202A8FBF7EBFFF3E7064B1B8875
:10060000002BF3D1044B4FF47A721A80EEE700BF4F
:100610007C110020940F00205C0F0020002836D0B1
:10062000F8B50B460446062914D90278417842EA07
:100630000122817842EA0142C17842EA01650679E5
:10064000F21D9A4207D0124B04221A7008221A8314
:10065000FFF7FCF9F8BD991E475C034413F8013C11
:1006600047EA0327FDF71EFBB84207D0084B0422D8
:100670001A7009221A83FFF7E9F9EBE73346621D86
:1006800029460348FDF738F9FFF7E0F9E2E770473C
:10069000940F0020114B1B780BB90120704710B547
:1006A000044600F0CFFE0D4B1A784FF47A73B3FB7B
:1006B000F2F3B0FBF3F000F0DFF868B90F2C01D9CA
:1006C00001200AE0002221464FF0FF3000F0BCF884
:1006D000034B1C60002000E0012010BD98000020AA
:1006E0009C00002010B5094A136843F4807313601E
:1006F000032000F097F80020FFF7CCFF10B1012491
:10070000204610BD0446F9F721FDF9E700400058E6
:10071000034B1B78034A11680B441360704700BFFA
:1007200098000020D8190020014B1868704700BFBE
:10073000D8190020014B1868704700BF9C000020AA
:100740004FF0E022136923F00203136170474FF06A
:10075000E022136943F0020313617047024A5368B1
:1007600043F0010353607047002004E0024A5368DD
:1007700043F0020353607047002004E0002807DBC9
:1007800000F01F02400901239340024A42F8203042
:10079000704700BF00E100E000280CDB00F01F0202
:1007A0004009012393402030034A42F82030BFF330
:1007B0004F8FBFF36F8F704700E100E0002808DB28
:1007C0000901C9B200F1604000F5614080F80013F2
:1007D000704700F00F000901C9B2014B195470476E
:1007E00014ED00E000B500F00700C0F1070CBCF10B
:1007F000040F28BF4FF0040C031D062B0FD9C31E96
:100800004FF0FF3E0EFA0CF021EA000199400EFA7B
:1008100003FE22EA0E0241EA02005DF804FB002317
:10082000EEE70000074AD36823F4E0631B041B0CC7
:10083000000200F4E060034343F0BF6343F400337D
:10084000D360704700ED00E010B50446054BD86852
:10085000C0F30220FFF7C6FF01462046FFF7AEFFB8
:1008600010BD00BF00ED00E008B5FFF787FF08BD31
:1008700008B5FFF791FF08BD0138B0F1807F0BD2BA
:100880004FF0E0235861054AF02182F82310002040
:10089000986107221A6170470120704700ED00E05F
:1008A000002808DB00F01F0240090123934040307C
:1008B000014A42F82030704700E100E0002808DBE0
:1008C00000F01F024009012393406030014A42F8C2
:1008D0002030704700E100E030B4C46C056D656005
:1008E000446D14B1846DC56D6560446C04F01C0CDE
:1008F000012404FA0CF4056C6C600468636083687E
:10090000102B05D0036899600368DA6030BC70472B
:1009100003689A600368D960F8E700000368104A2A
:10092000934215D8426C22F0030202F1804202F594
:1009300002328264DBB2083B0A4AA2FB03230A4A62
:10094000C264C3F30413012202FA03F30365704780
:10095000426C22F00301054A0A448264EAE700BFC0
:1009600007040240CDCCCCCC800802401C080240D9
:10097000436803F03F03074A1A4492004265064A5F
:100980008265013B03F00303012202FA03F3C3650E
:10099000704700BF3F8200104009024000285BD032
:1009A00010B5044602682D4B9A423DD82C4B134497
:1009B0002C49A1FB03131B099B0043642A4B0364CE
:1009C000022384F8253011686FF30E11A368E068E4
:1009D00003432069034360690343A0690343E0695B
:1009E0000343206A03430B4313602046FFF796FF3F
:1009F000A368B3F5804F22D06368A26C03F03F0375
:100A00001360E36C226D5A606368013B032B19D9B4
:100A100000236365A365E3650020E063012384F898
:100A2000253084F8240010BD104B13440D49A1FB60
:100A300003131B099B0043640D4B0364C0E70023B1
:100A40006360D9E72046FFF793FF636D00221A60C9
:100A5000A36DE26D5A60DFE7012070470704024092
:100A6000F8FFFDBFCDCCCCCC00000240F8FBFDBFB1
:100A70000004024038B5044690F82400012841D013
:100A8000012084F8240094F82500C0B2012804D085
:100A9000002384F82430022038BD022084F8250089
:100AA0000020E0632568286820F0010028602046C7
:100AB000FFF712FF236BD3B12268136843F00E03D4
:100AC0001360A36C1A6812F4803F03D01A6842F4D2
:100AD00080721A60636D1BB11A6842F480721A60EA
:100AE0002268136843F0010313600020D4E72268F2
:100AF000136823F0040313602268136843F00A03A9
:100B00001360DEE70220C7E70346002834D090F8E0
:100B10002520D2B2022A06D00422C263002280F825
:100B200024200120704701680A6822F00E020A6042
:100B3000816C0A6822F480720A6001680A6822F0F7
:100B400001020A60426C02F01C01006C01228A4022
:100B50004260DA6C196D51605A6D32B1116821F43E
:100B6000807111609A6DD96D5160012283F8252042
:100B7000002083F8240070470120704708B590F8E2
:100B80002530DBB2022B03D00423C363012008BD50
:100B90000268136823F00E0313600268136823F0E1
:100BA00001031360826C136823F480731360436C39
:100BB00003F01C02016C012393404B60C36C026D77
:100BC0005A60436D33B11A6822F480721A60836DE3
:100BD000C26D5A60012380F82530002380F824304C
:100BE000836B13B198470020D1E70020CFE738B5D9
:100BF000036C196804682568436C03F01C03042225
:100C00009A400A4215D015F0040F12D0236813F051
:100C1000200F03D1236823F004032360436C03F007
:100C20001C02016C042393404B60036B03B1984793
:100C300038BD02229A400A421CD015F0020F19D08A
:100C4000236813F0200F06D1236823F00A032360E2
:100C5000012380F82530436C03F01C02016C022351
:100C600093404B60002380F82430C36A002BDFD010
:100C70009847DDE7082202FA03F30B42D8D015F0BB
:100C8000080FD5D0236823F00E032360436C03F0D4
:100C90001C03016C012202FA03F34B60C26380F86B
:100CA0002520002380F82430436B002BC0D09847C8
:100CB000BEE70268C2F3004302F01F02012101FAFD
:100CC00002F25B0103F1B043C3F80828704700004B
:100CD00010B4064C616941F0010161610260BFF32B
:100CE0006F8F43605DF8044B704700BF00400058B1
:100CF000094B5B69002B01DB00207047064B074A5C
:100D00009A6002F188329A605B69002B01DB002057
:100D100070470120704700BF00400058230167451D
:100D2000054B5A6942F000425A615B69002B01DBB6
:100D300001207047002070470040005838B5054634
:100D4000FFF7F2FC04461E4B1B6913F4803F06D0EC
:100D5000FFF7EAFC001BA842F5D3032038BD184B6F
:100D60001B6913F0010F02D0154A0121116113F420
:100D7000004F15D14CF2FA3119404CF2FA321340BF
:100D800001D00F4A1361A9B90D4B1B6913F4802FD1
:100D900014D0FFF7C9FC001BA842F5D30320DDE700
:100DA000074A4FF40041116123F400434CF2FA3139
:100DB0001940E2E7034B59600120CFE70020CDE75F
:100DC00000400058DC190020F8B51F46154B1B7871
:100DD000012B25D004460D461646124B01221A70EF
:100DE00000225A604FF47A70FFF7A8FF70B9012C07
:100DF00010D03146284605F083F94FF47A70FFF79A
:100E00009DFF094A536923EA04035361054B0022FD
:100E10001A70F8BD32463B462846FFF759FFECE70B
:100E20000220F6E7DC19002000400058164B1B6832
:100E300013F4007F10D0144B1A6822F400721A6069
:100E40001A6842F400621A601A6822F400621A609A
:100E50001A6842F400721A600B4B1B6813F4806F1F
:100E600010D0094B1A6822F480621A601A6842F4A2
:100E700080521A601A6822F480521A601A6842F48A
:100E800080621A60704700BF00400058034A5369EF
:100E900023F4FF6323F002035361704700400058BE
:100EA000054A536923F4FF6343EAC00040F48030ED
:100EB00040F002005061704700400058F8B51B4BED
:100EC0001B78012B2FD004460E46184B01221A70B6
:100ED00000225A604FF47A70FFF730FF074620B9BE
:100EE0002368022B06D0FFF7A1FF104B00221A70D7
:100EF0003846F8BD4FF0FF333360656800E00135D8
:100F00006368A2681344AB420AD92846FFF7C8FFBA
:100F10004FF47A70FFF712FF07460028EFD03560D4
:100F2000FFF7B4FFDFE70227E2E700BFDC1900208C
:100F3000F0B5002366E085685E000324B44025EA2E
:100F40000405CC68B4402C438460456825EA0C0550
:100F50004C68C4F300149C402C43446063E0DD08FB
:100F6000083550F8254003F0070C4FEA8C0C4FF081
:100F70000F0E0EFA0CFE24EA0E0E0C6904FA0CF4A5
:100F800044EA0E0440F8254064E0042400E0002414
:100F900004FA0EF42C430CF1020C4F4D45F82C4092
:100FA0004E4C2568D44325EA02064F6817F4801F8B
:100FB00001D042EA0506494D2E606D6804EA050637
:100FC0004F6817F4001F01D042EA0506434D6E60DA
:100FD000D5F8805004EA05064F6817F4803F01D029
:100FE00042EA05063D4DC5F88060D5F884502C4096
:100FF0004E6816F4003F01D042EA0504374AC2F8B1
:10100000844001330A6832FA03F464D04FF0010CD3
:101010000CFA03FC1CEA0202F3D04C6804F003044F
:10102000013C012C87D94C6804F00304032C0CD03C
:10103000C4685D004FF0030C0CFA05FC24EA0C0CAC
:101040008C68AC4044EA0C04C4604C6804F00304AF
:10105000022C84D004684FEA430E4FF0030C0CFAC4
:101060000EFC24EA0C0C4C6804F0030404FA0EF4A1
:1010700044EA0C0404604C6814F4403FC1D04FEAC9
:10108000930C0CF10205144C54F8255003F0030E98
:101090004FEA8E0E0F2404FA0EF425EA0405B0F18F
:1010A000904F3FF474AF0E4CA0420ED004F5806414
:1010B000A0420CD004F58064A0420AD004F58064FC
:1010C000A0423FF462AF072462E7012460E70224F4
:1010D0005EE703245CE7F0BD000001400008005813
:1010E000000400480369194201D001207047002024
:1010F00070470AB1816170478162704708B5054B3E
:10110000DB68034200D108BD024BD860F9F7BAFA98
:10111000F9E700BF000800582030054B53F82020A5
:10112000044B9A4201D0012070470020704700BF55
:10113000001400580004008041F48061014B43F822
:1011400020107047001400587047000008B5054B88
:10115000D8681A6822EA00021A605860FFF7F4FFA4
:1011600008BD00BF0015005870477047002309E014
:1011700000EB8302054951609A1D00EB820204498D
:1011800051600133052BF3D9704700BF6911010885
:101190006B110108002303604FF03F1343603F23AE
:1011A00083607047C0B138B5044690F8383083B1D9
:1011B0000A4D2846FFF7EEFF2B6843F001132B6022
:1011C0002046FFF7D3FF00206063012384F8383006
:1011D00038BDF8F7D3FFEBE701207047000C00584B
:1011E000002831D038B5044603684CF6CC421A606A
:1011F000036845F255521A60036842685A600368F2
:1012000082689A60FFF790FA05462368DA6812F060
:10121000070F0DD0FFF788FA401B41F601039842F3
:10122000F3D92368DB6813F0070FEED0032005E045
:101230001969E268914202D01A61002038BD4AF66D
:10124000AA221A600020F9E70120704703684AF6D5
:10125000AA221A6000207047024A136843F4807380
:101260001360704700040058024B186800F4C06017
:10127000704700BF0004005830B58DB005468E465B
:101280002B4C94E80F000DF1300C0CE90F0005AB6E
:1012900004F1100207CA83E807000DF1040C1C34A6
:1012A00094E80F008CE80F00BEF5007F07D0002304
:1012B00014E00CAA02EB830353F82C5C1EE000231D
:1012C000032B08D80CAA02EB830252F8102CAA4276
:1012D000EFD20133F4E7002510E00133022B0CD8E4
:1012E0000CAA02EB830252F81C2CAA42F5D30CAADA
:1012F00002EB830353F82C5C00E000250D4A1368D1
:1013000023F007032B431360FFF70EFA0446094B43
:101310001B6803F00703AB4206D0FFF705FA001B7A
:101320000228F4D9032000E000200DB030BD00BF3A
:10133000A46101080040005810B5B02816D90E4B22
:10134000DC6A4FF0B043D3F8083103F00F030B4AC7
:1013500052F82330B4FBF3F4FFF786FF0146084B45
:10136000A3FB0434A00CFFF787FF10BDC0F30310EC
:10137000014B53F82040E4E7D462010814630108EC
:1013800083DE1B434FF0B0439B6813F00C030DD179
:101390004FF0B0431B6803F0F003B02B04D81B09D7
:1013A000254A52F823007047B023F8E7042B3ED0BB
:1013B000082B10D04FF0B043DB6803F00303022B7F
:1013C00031D0032B0FD14FF0B0431B6813F4801FB3
:1013D0002BD11A4812E04FF0B0431B6813F4801F62
:1013E00027D0174870474FF0B0431B6803F0F00355
:1013F000B02B16D81B09104A52F823004FF0B04208
:10140000D368C3F3062303FB00F0D368C3F30213CE
:101410000133B0FBF3F0D3685B0F0133B0FBF3F0A3
:101420007047B023E6E70648E8E70548E6E70448E2
:1014300070470248704700BFD46201080048E801C5
:101440000024F40008B5FFF79DFF4FF0B0439B6800
:10145000C3F30313024A52F82330B0FBF3F008BD84
:1014600014630108002800F0728338B5044603684D
:1014700013F0200F2DD04FF0B0429368D26802F0E5
:10148000030213F00C0358D00C2B54D0E369002B4B
:1014900000F0A0804FF0B042136843F001031360E6
:1014A000FFF742F905464FF0B0431B6813F0020FF7
:1014B00000F08880636A4FF0B042116821F0F001BB
:1014C0000B431360216A536823F47F4343EA0123EB
:1014D0005360236813F0010F00F09A804FF0B04280
:1014E000936803F00C03D26802F00302082B00F0AB
:1014F0008B800C2B00F085806368B3F5803F00F093
:10150000B0804FF0B042136823F4803313606368F7
:10151000002B00F0AD80FFF707F905464FF0B04310
:101520001B6813F4003F73D1FFF7FEF8401B6428DB
:10153000F4D9032016E3012AA8D1E369002B00F0B7
:101540000883606A4FF0B0431B6803F0F003B02BD0
:1015500021D8984221D9FFF7EFFE002840F0FB8206
:10156000636A4FF0B042116821F0F0010B43136041
:10157000216A536823F47F4343EA01235360FFF752
:1015800061FFBF4B1860BF4B1868FFF783F8002856
:101590009FD00120E6E2B023DBE74FF0B0421368B2
:1015A00023F0F00318431060216A536823F47F434B
:1015B00043EA01235360606AFFF7BEFE0028DED0D5
:1015C0000120CFE2FFF7B0F8401B02287FF66BAF97
:1015D0000320C7E24FF0B042136823F00103136009
:1015E000FFF7A2F805464FF0B0431B6813F0020F57
:1015F0003FF46FAFFFF798F8401B0228F3D90320A0
:10160000B0E2032A7FF478AF6368002B00F0A58274
:10161000236813F0020F54D04FF0B042936803F0E8
:101620000C03D26802F00302042B33D00C2B2FD012
:10163000E368002B71D04FF0B042136843F480731D
:101640001360FFF771F805464FF0B0431B6813F4C1
:10165000806F2DD1FFF768F8401B0228F4D90320D2
:1016600080E24FF0B042136843F4803313604EE7DA
:10167000FFF75AF805464FF0B0431B6813F4003FDC
:10168000C6D0FFF751F8401B6428F4D9032069E263
:10169000022ACDD1E368002B00F0618221694FF06E
:1016A000B042536823F0FE4343EA0163536008E00D
:1016B00021694FF0B042536823F0FE4343EA0163CF
:1016C0005360236813F0180F00F0DE806269002A6F
:1016D00000F0A38013F0100F70D04FF0B043D3F898
:1016E000943013F0020F2ED14FF0B042D2F8943064
:1016F00043F00103C2F89430FFF716F805464FF0A7
:10170000B043D3F8943013F0020F1CD1FFF70CF85C
:10171000401B0228F3D9032024E24FF0B0421368A3
:1017200023F480731360FEF7FFFF05464FF0B043CC
:101730001B6813F4806FC4D0FEF7F6FF401B02282D
:10174000F4D903200EE24FF0B042D2F8943043F0C7
:101750000403C2F89430FEF7E7FF05464FF0B043AC
:10176000D3F8943013F0080F06D1FEF7DDFF401BCD
:101770000328F3D90320F5E1A1694FF0B042D2F874
:10178000943023F4706343EA0123C2F89430D2F812
:10179000943023F00103C2F89430FEF7C5FF0546EC
:1017A0004FF0B043D3F8943013F0020F6CD0FEF733
:1017B000BBFF401B0228F3D90320D3E14FF0B04216
:1017C000D2F8943043F00103C2F89430FEF7ACFF36
:1017D00005464FF0B043D3F8943013F0020F06D112
:1017E000FEF7A2FF401B0228F3D90320BAE14FF015
:1017F000B042D2F8943023F00403C2F894304FF092
:10180000B043D3F8943013F0080F3DD0FEF78CFFAF
:10181000401B0328F3D90320A4E14FF0B042D2F8D3
:10182000943023F00403C2F89430FEF77DFF0546A0
:101830004FF0B043D3F8943013F0080F18D14FF0A5
:10184000B042D2F8943023F00103C2F89430FEF78E
:101850006BFF05464FF0B043D3F8943013F0020FFE
:1018600012D0FEF761FF401B0228F3D9032079E173
:10187000FEF75AFF401B0328DAD9032072E100BFAC
:10188000580000209C000020236813F0040F68D04B
:10189000B74B1B6813F4807F27D0A368012B35D08A
:1018A000052B3CD04FF0B043D3F8902022F001023A
:1018B000C3F89020D3F8902022F00402C3F89020BF
:1018C000A368DBB3FEF730FF05464FF0B043D3F813
:1018D000903013F0020F44D1FEF726FF401B41F277
:1018E00088339842F1D903203CE1FFF7B5FCFEF7BD
:1018F0001BFF05469E4B1B6813F4807FCDD1FEF77E
:1019000013FF401B0228F5D903202BE14FF0B04212
:10191000D2F8903043F00103C2F89030D0E74FF096
:10192000B043D3F8902042F00402C3F89020D3F8DB
:10193000902042F00102C3F89020C1E7FEF7F4FEC8
:1019400005464FF0B043D3F8903013F0020F08D0A3
:10195000FEF7EAFE401B41F288339842F1D903209A
:1019600000E1236813F0400F33D0A36AC3B14FF0F6
:10197000B042D2F8983043F00103C2F89830FEF735
:10198000D3FE05464FF0B043D3F8983013F0020F62
:101990001FD1FEF7C9FE401B0228F3D90320E1E066
:1019A0004FF0B042D2F8983023F00103C2F89830DB
:1019B000FEF7BAFE05464FF0B043D3F8983013F067
:1019C000020F06D0FEF7B0FE401B0228F3D9032019
:1019D000C8E0E36A002B00F0C4804FF0B042916889
:1019E00001F00C01D268022B19D00C2900F0BD8047
:1019F0004FF0B042136823F080731360FEF794FE3B
:101A000004464FF0B0431B6813F0007F00F097804E
:101A1000FEF78AFE001B0228F3D90320A2E002F0A1
:101A20000303206B83420AD00C2900F09C804FF006
:101A3000B0431B6813F0806F22D0012092E002F0C7
:101A40007003606B8342EFD1C2F30623A06B834225
:101A5000EAD102F47813E06B8342E5D102F06063CF
:101A6000206C8342E0D102F06042636C9A42DBD189
:101A70004FF0B0431B6813F0007F44D0002071E0AA
:101A80004FF0B042136823F080731360FEF74CFEF2
:101A900005464FF0B0431B6813F0007F06D0FEF7F9
:101AA00043FE401B0228F4D903205BE04FF0B04214
:101AB000D36830491940236B606B0343A06B43EA42
:101AC0000023E06B0343206C0343606C0343194322
:101AD000D160136843F080731360D36843F0805380
:101AE000D360FEF721FE04464FF0B0431B6813F0AD
:101AF000007F06D1FEF718FE001B0228F4D9032050
:101B000030E000202EE04FF0B0431A6842F08072BF
:101B10001A60DA6842F08052DA60FEF705FE044689
:101B20004FF0B0431B6813F0007F06D1FEF7FCFDB9
:101B3000031B022BF4D9032014E0002012E04FF025
:101B4000B042D1680C4B0B40D36000200AE001206A
:101B50007047012006E0012004E0012002E001209E
:101B600000E0002038BD0120FCE70120FAE700BFBB
:101B7000000400588C80C111FCFFFEEE002800F02C
:101B8000278170B50C460546934B1B6803F007038D
:101B90008B422DD32B6813F0020F3FD12B6813F02B
:101BA000200F53D12B6813F0400F6AD12B6813F02C
:101BB000040F40F083802B6813F0080F40F09780EB
:101BC0002B6813F0010F00F0DE806B68022B00F031
:101BD000A880032B00F0AD80002B40F0B2804FF0C6
:101BE000B042126812F0020F40F0B1800120EEE026
:101BF000794A136823F007030B431360FEF794FD43
:101C00000646754B1B6803F00703A342C2D0FEF7DC
:101C10008BFD801B0228F4D90320D8E0AB684FF07D
:101C2000B0418A6822F0F00213438B60FEF77CFD1E
:101C300006464FF0B0439B6813F4803FAED1FEF7E9
:101C400073FD801B0228F4D90320C0E06B694FF0BC
:101C5000B041D1F8082122F0F0021343C1F8083155
:101C6000FEF762FD06464FF0B043D3F8083113F497
:101C7000003F97D1FEF758FD801B0228F3D90320BF
:101C8000A5E0A9694FF0B042D2F8083123F00F0364
:101C900043EA1113C2F80831FEF746FD06464FF03D
:101CA000B043D3F8083113F4803F7FF47FAFFEF7E1
:101CB0003BFD801B0228F2D9032088E0EB684FF03F
:101CC000B0418A6822F4E06213438B60FEF72CFD7A
:101CD00006464FF0B0439B6813F4003F7FF46BAFB0
:101CE000FEF722FD801B0228F3D903206FE029694B
:101CF0004FF0B042936823F4605343EAC10393600A
:101D0000FEF712FD06464FF0B0439B6813F4802F98
:101D10007FF456AFFEF708FD801B0228F3D903209D
:101D200055E04FF0B042126812F4003F0FD101208D
:101D30004DE04FF0B042126812F0007F07D1012051
:101D400045E04FF0B042126812F4806F42D04FF07D
:101D5000B0418A6822F0030213438B60FEF7E4FC73
:101D600006464FF0B0439B6803F00C036A68B3EB80
:101D7000820F08D0FEF7D8FC801B41F288339842CE
:101D8000EFD9032023E0144B1B6803F00703A342A1
:101D900015D9114A136823F0070323431360FEF794
:101DA000C3FC05460C4B1B6803F00703A34206D097
:101DB000FEF7BAFC401B0228F4D9032007E0FFF726
:101DC00041FB064B1860FEF7B5FCFEF763FC70BDE7
:101DD000012070470120FAE7004000585800002019
:101DE0004FF0B041D1F88830020902F47F2223EA93
:101DF0000203000100F47F200343C1F888307047DC
:101E000070B505464FF0B042136823F0806313604D
:101E1000FEF78AFC04464FF0B0431B6813F0006FD6
:101E200006D0FEF781FC001B0228F4D9032400E051
:101E300000240CB1204670BD4FF0B0431A6922F463
:101E4000FE42296842EA01221A611A6922F47812D4
:101E500069680A431A611A6842F080621A60FEF7E4
:101E600063FC06464FF0B0431B6813F0006F05D1CA
:101E7000FEF75AFC801B0228F4D90324002CD9D188
:101E80004FF0B042136929690B431361D2E770B573
:101E900005464FF0B042136823F080631360FEF7ED
:101EA00043FC04464FF0B0431B6813F0006F06D0AC
:101EB000FEF73AFC001B0228F4D9032400E00024BA
:101EC0000CB1204670BD4FF0B0431A6922F4FE42B7
:101ED000296842EA01221A611A6922F06062A9683F
:101EE0000A431A611A6842F080621A60FEF71CFC0D
:101EF00006464FF0B0431B6813F0006F05D1FEF7A4
:101F000013FC801B0228F4D90324002CD9D14FF0F4
:101F1000B042136929690B431361D2E770B50546D6
:101F20004FF0B042136823F080631360FEF7FCFBB0
:101F300004464FF0B0431B6813F0006F06D0FEF765
:101F4000F3FB001B0228F4D9032400E000240CB1A9
:101F5000204670BD4FF0B0431A6922F4FE42296852
:101F600042EA01221A611A6922F06042E9680A43D2
:101F70001A611A6842F080621A60FEF7D5FB0646C5
:101F80004FF0B0431B6813F0006F05D1FEF7CCFB98
:101F9000801B0228F4D90324002CD9D14FF0B04281
:101FA000136929690B431361D2E770B504460368CE
:101FB00013F0400F2FD0036BB3F5800F14D00AD865
:101FC00033B90430FFF71CFF0646A0B1054624E0F4
:101FD00001252E4621E0B3F5000F18D0B3F5400FD0
:101FE00017D001252E4618E04FF0B042D36843F4D5
:101FF0008033D3600026236B4FF0B041D1F88820A6
:1020000022F440021343C1F88830002505E0002681
:10201000F1E70026EFE700252E46236813F4006F52
:102020000AD04FF0B043D3F8905005F44075236CBC
:10203000AB4240F0B7803546236813F0010F09D05A
:10204000A3694FF0B041D1F8882022F00302134376
:10205000C1F88830236813F0020F09D0E3694FF00C
:10206000B041D1F8882022F440621343C1F888308F
:10207000236813F0100F0CD0A16A4FF0B042D2F8D1
:102080008830080C000423EA000343EA0143C2F845
:102090008830236813F0200F0CD0E16A4FF0B04273
:1020A000D2F88830080C000423EA000343EA014315
:1020B000C2F88830236813F0040F40F0B48023681E
:1020C00013F0080F40F0B380236813F4807F13D01F
:1020D000636B4FF0B041D1F8882022F04062134387
:1020E000C1F88830636BB3F1006F00F0A480636BBC
:1020F000B3F1806F00F0A480236813F4007F17D041
:10210000A36BB3F1804F05D0B3F1004F02D0002B89
:1021100040F09E804FF0B041D1F8882022F040423C
:102120001343C1F88830A36BB3F1C05F00F0A28005
:10213000236813F4806F13D0E36B4FF0B041D1F8F4
:10214000882022F040521343C1F88830E36BB3F18A
:10215000005F00F09680E36BB3F1805F00F0968043
:10216000236813F4805F09D0636C4FF0B041D1F85D
:10217000942022F440421343C1F89430236813F4AE
:10218000005F0DD0E26C4FF0B043596A21F030018E
:102190000A435A62A26C596A21F003010A435A6247
:1021A000284670BDFFF758F85DB9236C4FF0B04179
:1021B000D1F8902022F440721343C1F89030354694
:1021C0003AE74FF0B043D3F89020D3F8901041F4A1
:1021D0008031C3F89010D3F8901021F48031C3F807
:1021E000901022F44072216C0A43C3F89020D3F877
:1021F000903013F0010F12D0FEF796FA05464FF01B
:10220000B043D3F8903013F0020F0AD1FEF78CFAE6
:10221000401B41F288339842F1D903250CE735463B
:102220000AE7354608E7206AFFF7DAFD47E7606A04
:10223000FFF7D6FD48E7CB6843F08073CB6056E7E5
:10224000201DFFF724FE00283FF456AF054653E754
:1022500023F080534FF0B042D2F8881021F0404173
:10226000C2F88810D2F8881021F040610B43C2F800
:10227000883058E74FF0B042D36843F08073D360A2
:1022800056E7CB6843F48033CB6064E7201DFFF74B
:1022900045FE00283FF464AF054661E7D0B110B5B4
:1022A0000446437A93B1022363722268136823F0D1
:1022B000200361680B4313602268136843F0040332
:1022C0001360012363720020E06010BD0372F7F712
:1022D0007DFFE8E70120704738B5044603680A4AE5
:1022E000DA60FEF721FA05462368DB6813F0200F59
:1022F00007D1FEF719FA401BB0F57A7FF4D9032015
:1023000000E0002038BD00BF5FFF010070B503682A
:10231000DA6812F0400F02D00025284670BD04464E
:10232000DA6842F08002DA60FEF7FEF90646002520
:102330002368DB6813F0400FEFD1002DEDD1FEF7DD
:10234000F3F9831BB3F57A7FF2D9042384F82130A3
:102350000125EDE70268D36823F08003D3600368AA
:102360009B6813F0200F01D00020704710B5044681
:10237000FFF7B2FF18B1042384F82130012010BD0B
:10238000002850D038B5044690F8213063B10223BC
:1023900084F821302368DA6812F0100F09D0002089
:1023A000012384F8213038BD80F82030F7F738FF5A
:1023B000EDE7CA225A62236853225A622046FFF789
:1023C000A5FF28B12368FF225A620028EBD1E7E776
:1023D0002268936823F4E00323F0400393602168AC
:1023E0008A68636820690343A069034313438B60D1
:1023F0002368E2681A6122681369A16843EA01430D
:1024000013612046FFF7A6FF0028DBD12268D36CBA
:1024100023F00303D3642168CB6CE26965692A4326
:102420001343CB64CEE701207047000010B483B0A3
:102430008446464B1868464BA3FB0030C00A4FF455
:102440007A7303FB00F001909CF82030012B7AD0C6
:1024500001238CF8203002238CF82130DCF8003086
:10246000CA245C62DCF8003053245C62DCF8004073
:10247000A36813F4806F09D0019B013B0193019B7A
:10248000002B49D0E36813F0040FF5D1A36823F4BF
:102490008063A360DCF80040E368DBB263F4906320
:1024A000E3600190019B013B0193019B002B3CD019
:1024B000DCF80030D86810F0040FF3D0986820F0F2
:1024C00007009860DCF80000836813438360DCF841
:1024D000003059611F4BD3F8802042F40022C3F82A
:1024E00080201A6842F400221A60DCF80020936809
:1024F00043F480439360DCF80020936843F48063E6
:102500009360DCF80030FF225A6201238CF82130FE
:1025100000208CF8200012E0FF23636203208CF877
:10252000210000238CF8203009E0DCF80030FF2285
:102530005A6203208CF8210000238CF8203003B06D
:102540005DF8044B70470220F9E700BF58000020F7
:10255000D34D62100008005890F82030012B1AD09B
:10256000012280F82020022380F821300368CA214C
:10257000596203685321596201688B6843F0200354
:102580008B600368FF21596280F82120002380F8C6
:1025900020301846704702207047000030B4026AAD
:1025A000036A23F0010303624468836923F48033E0
:1025B00023F073030D681D4322F002028B6813435E
:1025C000154A904207D002F5E052904203D0A2F59E
:1025D0008062904207D1026A22F00402026223F074
:1025E0000803CA6813430C4A904207D002F5C05250
:1025F000904203D002F58062904205D124F44074E9
:102600004A6922438C691443446085614A68426385
:10261000036230BC704700BF002C014030B4036A35
:10262000026A22F4807202624468C26922F4803233
:1026300022F073020D68154323F400738A6843EA9D
:102640000223114A904207D002F5C05290420CD0AA
:102650000E4A904211D108E0026A22F480620262BE
:1026600023F40063CA6843EA022324F440544A690D
:1026700044EA02148A6944EA02144460C5614A6863
:10268000C263036230BC7047002C01400048014027
:1026900030B4026A036A23F4805303624468C36956
:1026A00023F0807323F4E6430D6843EA052322F404
:1026B00000528D6842EA05320B4DA84207D005F55D
:1026C000C055A84203D005F58065A84204D124F482
:1026D00080444D6944EA85144460C3614B680364D7
:1026E000026230BC704700BF002C014030B4036A66
:1026F000026A22F4803202624468426D22F480321F
:1027000022F070020D682A4323F400338D6843EAF7
:1027100005430B4DA84207D005F5C055A84203D08C
:1027200005F58065A84204D124F480344D6944EA5B
:102730000524446042654A688265036230BC704784
:10274000002C014030B4026A036A23F48013036250
:102750004468436D23F0807323F4E0430D6843EA3B
:10276000052322F400128D6842EA05520B4DA8425F
:1027700007D005F5C055A84203D005F58065A842ED
:1027800004D124F480244D6944EA852444604365DF
:102790004B68C365026230BC704700BF002C01402B
:1027A00030B4056A046A24F0100404620D4CA0429F
:1027B00013D0846924F4407C4CEA022222F4704253
:1027C0001B039BB2134325F0A002090101F0A001F5
:1027D00011438361016230BC7047046A24F04004F5
:1027E0000462E6E7002C014030B4056A046A24F470
:1027F000807404620D4CA04213D0C46924F0030C11
:102800004CEA020222F0F0021B01DBB2134325F472
:102810002062090201F420611143C361016230BCEE
:102820007047046A24F480640462E6E7002C0140E7
:1028300030B4056A046A24F480540462C46924F440
:10284000407C4CEA022C2CF4704C1B039BB243EAF4
:102850000C0325F42045090301F420412943C361F9
:10286000016230BC70477047704770470C2914D81C
:10287000DFE801F0071313130A1313130D131313D7
:1028800010000368586B70470368986B70470368C3
:10289000D86B70470368186C70470020704770470A
:1028A0007047704770B504460368DE681D6915F00F
:1028B000020F10D016F0020F0DD06FF002021A6155
:1028C0000123037703689B6913F0030F64D0FDF7BE
:1028D0009BF90023237715F0040F12D016F0040F94
:1028E0000FD023686FF004021A6102232377236854
:1028F0009B6913F4407F55D02046FDF785F90023EE
:10290000237715F0080F12D016F0080F0FD02368A8
:102910006FF008021A61042323772368DB6913F040
:10292000030F46D02046FDF76FF90023237715F0FB
:10293000100F12D016F0100F0FD023686FF0100296
:102940001A61082323772368DB6913F4407F37D0AB
:102950002046FDF759F90023237715F0010F02D027
:1029600016F0010F33D115F4025F02D016F0800F7C
:1029700035D115F4807F02D016F0800F37D115F0D5
:10298000400F02D016F0400F39D115F0200F02D0C1
:1029900016F0200F3BD170BDFDF7CAFA2046FFF7B5
:1029A0007FFF96E72046FDF7C3FA2046FFF778FF42
:1029B000A5E72046FDF7BCFA2046FFF771FFB4E714
:1029C0002046FDF7B5FA2046FFF76AFFC3E7236804
:1029D0006FF001021A612046FFF761FFC3E7236829
:1029E0006FF402521A61204600F05BFFC1E72368D2
:1029F0006FF480721A61204600F054FFBFE723682D
:102A00006FF040021A612046FFF74BFFBDE72368D5
:102A10006FF020021A61204600F042FFBBE7000081
:102A200003681C4A904202D0B0F1804F03D123F0DA
:102A300070034A681343174A90420AD0B0F1804F9E
:102A400007D002F5C052904203D002F58062904256
:102A500003D123F44073CA68134323F080034A6907
:102A600013438A68C2620A6882620A4A904207D0A7
:102A700002F5C052904203D002F58062904201D12B
:102A80000A690263026842F00402026001224261A4
:102A900003607047002C014060B310B5044690F805
:102AA0003D3013B3022384F83D30214651F8040B26
:102AB000FFF7B6FF012384F8483084F83E3084F8ED
:102AC0003F3084F8403084F8413084F8423084F854
:102AD000433084F8443084F8453084F8463084F834
:102AE000473084F83D30002010BD80F83C30FFF7BF
:102AF000BAFED7E70120704760B310B5044690F8DE
:102B00003D3013B3022384F83D30214651F8040BC5
:102B1000FFF786FF012384F8483084F83E3084F8BC
:102B20003F3084F8403084F8413084F8423084F8F3
:102B3000433084F8443084F8453084F8463084F8D3
:102B4000473084F83D30002010BD80F83C30FFF75E
:102B50008BFED7E70120704760B310B5044690F8AC
:102B60003D3013B3022384F83D30214651F8040B65
:102B7000FFF756FF012384F8483084F83E3084F88C
:102B80003F3084F8403084F8413084F8423084F893
:102B9000433084F8443084F8453084F8463084F873
:102BA000473084F83D30002010BD80F83C30FFF7FE
:102BB0005CFED7E70120704730B4036A026A22F056
:102BC000100202624468826922F0807222F4E642B6
:102BD0000D6842EA052223F020038D6843EA0513BD
:102BE000114DA84207D005F5C055A8420CD00F4D95
:102BF000A84211D108E0056A25F04005056223F0DE
:102C00008003CD6843EA051324F440644D6944EA27
:102C100085048D6944EA8504446082614A68826360
:102C2000036230BC704700BF002C014000480140E7
:102C300090F83C30012B36D010B50446012380F8C3
:102C40003C30142A2AD8DFE802F00B292929102960
:102C50002929152929291A2929291F29292924003F
:102C60000068FFF79BFC002019E00068FFF7A4FF55
:102C7000002014E00068FFF7D1FC00200FE000689E
:102C8000FFF706FD00200AE00068FFF72FFD002097
:102C900005E00068FFF756FD002000E0012000235A
:102CA00084F83C3010BD0220704738B590F83C30B5
:102CB000012B00F0958004460D46012380F83C303E
:102CC000142A00F28880DFE802F00B8686861F86D1
:102CD000868634868686488686865D8686867100E8
:102CE0000068FFF75BFC2268936943F00803936177
:102CF0002268936923F00403936122689369296928
:102D00000B439361002067E00068FFF755FF2268DE
:102D1000936943F4006393612268936923F48063A9
:102D2000936122689369296943EA01239361002032
:102D300052E00068FFF772FC2268D36943F0080391
:102D4000D3612268D36923F00403D3612268D36975
:102D500029690B43D36100203EE00068FFF798FC2F
:102D60002268D36943F40063D3612268D36923F4F2
:102D70008063D3612268D369296943EA0123D3615F
:102D8000002029E00068FFF7B1FC2268536D43F092
:102D9000080353652268536D23F0040353652268CA
:102DA000536D29690B435365002015E00068FFF758
:102DB000C9FC2268536D43F4006353652268536D68
:102DC00023F4806353652268536D296943EA012324
:102DD0005365002000E00120002384F83C3038BD1A
:102DE0000220FCE770B4056A046A24F0010404625E
:102DF000144CA04207D004F5E054A04203D0A4F53F
:102E00008064A04203D1046A24F00404046284694B
:102E10000C4EB04205D0B0F1804F02D044F0010218
:102E200002E024F00304224322F0F0021B01DBB293
:102E3000134325F00A0201F00A0111438361016284
:102E400070BC7047002C014038B590F83C30012B25
:102E50005ED004460D46012380F83C300C2A52D83F
:102E6000DFE802F007515151195151512C51515184
:102E70003E00CB684A6809680068FFF7B3FF226824
:102E8000936923F00C03936122689369A9680B434B
:102E90009361002038E0CB684A6809680068FFF752
:102EA0007FFC2268936923F44063936122689369ED
:102EB000A96843EA01239361002025E0CB684A68B2
:102EC00009680068FFF790FC2268D36923F00C03BF
:102ED000D3612268D369A9680B43D361002013E052
:102EE000CB684A6809680068FFF7A2FC2268D369CA
:102EF00023F44063D3612268D369A96843EA0123BC
:102F0000D361002000E00120002384F83C3038BD6C
:102F10000220FCE701F01F014FF0010C0CFA01FC4C
:102F2000036A23EA0C030362036A8A4013430362C1
:102F30007047000010B5044610293CD8DFE801F0C6
:102F4000093B3B3B1F3B3B3B263B3B3B2D3B3B3B42
:102F5000340090F83E30DBB2013B18BF0123002B58
:102F600040F0AA80102976D8DFE801F02C7575753D
:102F7000557575755E75757567757575700090F822
:102F80003F30DBB2013B18BF0123E8E790F8403047
:102F9000DBB2013B18BF0123E1E790F84130DBB21F
:102FA000013B18BF0123DAE790F84230DBB2013B66
:102FB00018BF0123D3E790F84330DBB2013B18BFC1
:102FC0000123CCE7022384F83E302268D36843F023
:102FD0000203D36001222068FFF79CFF23683A4A6E
:102FE000934207D002F5C052934203D002F58062AB
:102FF000934203D15A6C42F400425A642368324A25
:1030000093424BD0B3F1804F48D01A6842F001028E
:103010001A60002051E0022384F83F302268D36810
:1030200043F00403D360D5E7022384F840302268DC
:10303000D36843F00803D360CCE7022384F841301F
:103040002268D36843F01003D360C3E7022384F8F7
:103050004230012031E0022384F843300C292DD87E
:1030600001A353F821F000BFCB2F0108BD300108A8
:10307000BD300108BD3001081D300108BD30010818
:10308000BD300108BD3001082F300108BD300108F6
:10309000BD300108BD3001084130010899680B4A74
:1030A0000A40062A0CD0B2F5803F0BD01A6842F0D5
:1030B00001021A60002000E0012010BD0120FCE7A1
:1030C0000020FAE70020F8E7002C0140070001008B
:1030D00038B505460C460C297CD8DFE801F0077BA3
:1030E0007B7B3A7B7B7B407B7B7B46000268D368A3
:1030F00023F00203D360002221462868FFF70AFF6D
:103100002B68354A934236D002F5C052934232D0F2
:1031100002F5806293422ED02A68136A03F01133BD
:1031200023F0885343B9116A40F24443194203D152
:10313000136823F001031360102C46D8DFE804F075
:103140002C45454531454545364545453B45454575
:1031500040000268D36823F00403D360CBE7026821
:10316000D36823F00803D360C5E70268D36823F06F
:103170001003D360BFE71A6A02F0113222F08852BE
:10318000002AC9D1196A40F244421142C4D15A6C92
:1031900022F400425A64BFE7012385F83E30002044
:1031A00019E0012385F83F30002014E0012385F861
:1031B000403000200FE0012385F8413000200AE074
:1031C000012385F84230002005E0012385F84330D3
:1031D000002000E0012038BD002C014010B504465D
:1031E00010293BD8DFE801F0093A3A3A1E3A3A3A58
:1031F000253A3A3A2C3A3A3A330090F83E30DBB26C
:10320000013B18BF0123002B75D1102961D8DFE8DD
:1032100001F02C60606050606060546060605860D5
:1032200060605C0090F83F30DBB2013B18BF0123C7
:10323000E9E790F84030DBB2013B18BF0123E2E739
:1032400090F84130DBB2013B18BF0123DBE790F877
:103250004230DBB2013B18BF0123D4E790F8433082
:10326000DBB2013B18BF0123CDE7022384F83E30D7
:1032700001222068FFF74EFE2368224A934207D0BE
:1032800002F5C052934203D002F58062934203D10B
:103290005A6C42F400425A6423681A4A93421CD082
:1032A000B3F1804F19D01A6842F001021A60002071
:1032B00022E0022384F83F30DAE7022384F840302A
:1032C000D6E7022384F84130D2E7022384F8423063
:1032D000CEE7022384F84330CAE799680A4A0A40D5
:1032E000062A0AD0B2F5803F09D01A6842F00102DE
:1032F0001A60002000E0012010BD0020FCE7002043
:10330000FAE700BF002C01400700010038B5044671
:103310000D4600220068FFF7FDFD2368284A93420E
:1033200024D002F5C052934220D002F5806293422D
:103330001CD02268136A03F0113323F0885343B979
:10334000116A40F24443194203D1136823F0010388
:103350001360102D30D8DFE805F01A2F2F2F1F2F04
:103360002F2F232F2F2F272F2F2F2B001A6A02F0FA
:10337000113222F08852002ADBD1196A40F244420D
:103380001142D6D15A6C22F400425A64D1E701238B
:1033900084F83E30002038BD012384F83F30F9E73F
:1033A000012384F84030F5E7012384F84130F1E748
:1033B000012384F84230EDE7012384F84330E9E744
:1033C000002C014010B50446102934D8DFE801F084
:1033D0000933333323333333273333332B3333330B
:1033E0002F0090F83E00C0B249BB94F84430DBB2E5
:1033F000012840F09B80012B40F09980102955D87E
:10340000DFE801F02D545454335454544854545468
:103410004C545454500090F83F00C0B2E4E790F888
:103420004000C0B2E0E790F84100C0B2DCE790F89D
:103430004200C0B2D8E790F84300C0B2D4E70429F4
:1034400005D0082907D094F84730DBB2D0E794F8CC
:103450004530DBB2CCE794F84630DBB2C8E7022255
:1034600084F83E2084F8442009E0022284F83F20BA
:1034700004291FD0082936D0022284F847200C29BD
:1034800056D8DFE801F0395555551A55555533557D
:1034900055553F00022284F84020E9E7022284F8D3
:1034A0004120E5E7022284F84220E1E7022284F885
:1034B0004320DDE7022384F845302268D36843F0D7
:1034C0000403D36001222068FFF724FD23681B4A10
:1034D00093421DD0B3F1804F1AD01A6842F0010216
:1034E0001A60002023E0022384F846302268D36863
:1034F00043F00803D360E5E72268D36843F0020392
:10350000D360DFE72268D36843F01003D360D9E7C4
:1035100099680B4A0A40062A0CD0B2F5803F0BD0BE
:103520001A6842F001021A60002000E0012010BD7C
:103530001846FCE70020FAE70020F8E7002C0140DD
:103540000700010038B505460C460C296ED8DFE8A7
:1035500001F0076D6D6D2E6D6D6D346D6D6D3A0002
:103560000268D36823F00203D36000222146286852
:10357000FFF7D0FC2A68136A03F0113323F0885355
:1035800043B9116A40F24443194203D1136823F04E
:1035900001031360102C3BD8DFE804F01B3A3A3AE1
:1035A000223A3A3A2E3A3A3A323A3A3A36000268EF
:1035B000D36823F00403D360D7E70268D36823F00D
:1035C0000803D360D1E70268D36823F01003D36007
:1035D000CBE7012385F83E3085F84430002026E013
:1035E000012385F83F30042C16D0082C19D0012374
:1035F00085F8473000201AE0012385F84030F2E7D3
:10360000012385F84130EEE7012385F84230EAE7EF
:10361000012385F84330E6E7012385F84530002093
:1036200005E0012385F84630002000E0012038BD88
:1036300001F00F014FF0040C0CFA01FC036A23EABD
:103640000C030362036A8A4013430362704700005D
:1036500010B50446084619BB94F84430DBB2013B70
:1036600018BF0123002B52D1002832D1022384F845
:103670004430042201462068FFF7DAFF2268536CC9
:1036800043F4004353642368244A934231D0B3F196
:10369000804F2ED01A6842F001021A60002037E0F5
:1036A000042908D008290DD094F84730DBB2013B3B
:1036B00018BF0123D6E794F84530DBB2013B18BFB1
:1036C0000123CFE794F84630DBB2013B18BF01235A
:1036D000C8E7042805D0082807D0022384F847301B
:1036E000C7E7022384F84530C3E7022384F8463055
:1036F000BFE799680A4A0A40062A0AD0B2F5803F15
:1037000009D01A6842F001021A60002000E001208E
:1037100010BD0020FCE70020FAE700BF002C0140AC
:103720000700010038B504460D4600220068FFF787
:103730007FFF2268136A03F0113323F0885343B9E3
:10374000116A40F24443194203D1536C23F40043FD
:1037500053642268136A03F0113323F0885343B98A
:10376000116A40F24443194203D1136823F0010364
:10377000136025B9012384F84430002038BD042D9E
:1037800005D0082D07D0012384F84730F5E7012341
:1037900084F84530F1E7012384F84630EDE7000076
:1037A00090F83C20012A2BD030B40346012280F847
:1037B0003C20022280F83D20006842688468114D58
:1037C000A84218D022F070020D682A4342601A689D
:1037D0000C48824202D0B2F1804F04D124F0800420
:1037E000896821439160012283F83D20002083F8FD
:1037F0003C0030BC704722F470024D682A43E1E778
:1038000002207047002C014090F83C30012B43D03F
:1038100010B40246012380F83C30CB6823F4407397
:103820008868034323F480634868034323F40063F8
:103830000868034323F480530869034323F40053C7
:103840004869034323F48043086B034323F4702344
:10385000886943EA004323F08053C8690343106832
:103860000E4CA04206D04364002082F83C005DF874
:10387000044B704723F470038C6A43EA045323F02B
:1038800080730C6A234323F000734C6A234323F0B4
:103890000053C96A0B43E6E702207047002C014041
:1038A000704770477047026852E8003F23F49073F6
:1038B00042E800310029F6D1026802F1080353E81A
:1038C000003F23F0805323F00103083242E8003127
:1038D0000029F1D1C36E012B06D02023C0F88C3013
:1038E0000023C36643677047026852E8003F23F035
:1038F000100342E800310029F6D1EEE708B502686E
:1039000052E8003F23F0400342E800310029F6D19D
:103910002023C0F8883000238367F7F7DDFB08BD5C
:10392000704708B5806AFFF7FBFF08BD70470000CD
:1039300070B504460268D3691068916840F60F0CB0
:1039400013EA0C0F0DD113F0200F10D010F0200F40
:1039500002D111F0805F0AD0636F93B3204698477D
:103960002FE09D4D0D402DD19C4E30422AD1E56E69
:10397000012D00F0C08013F4801F03D011F4800FDC
:1039800040F06C8113F0800F07D010F0800F40F0F2
:103990006C8111F4000F40F0688113F0400F03D0E8
:1039A00010F0400F40F0688113F4000F03D010F0C6
:1039B000804F40F0658113F0807F02D00028C0F274
:1039C000638170BD13F0010F09D010F4807F06D021
:1039D00001261662D4F890203243C4F8902013F0E8
:1039E000020F0BD011F0010F08D0226802261662D8
:1039F000D4F8902042F00402C4F8902013F0040F91
:103A00000BD011F0010F08D0226804261662D4F8FA
:103A1000902042F00202C4F8902013F0080F0BD05F
:103A200010F0200F00D13DB1226808251562D4F8AE
:103A300090202A43C4F8902013F4006F0CD010F0AB
:103A4000806F09D022684FF400651562D4F8902089
:103A500042F02002C4F89020D4F89020002AB0D080
:103A600013F0200F09D010F0200F02D111F0805F69
:103A700003D0636F0BB120469847D4F89020236899
:103A80009B6813F0400F02D112F0280F2CD0204673
:103A9000FFF709FF23689B6813F0400F20D02268CE
:103AA00002F1080353E8003F23F04003083242E8E4
:103AB00000310029F3D1D4F880306BB1484A9A63C1
:103AC000D4F88000FDF75AF800283FF47AAFD4F814
:103AD0008000836B984774E72046FFF721FF70E76B
:103AE0002046FFF71DFF6CE72046FFF719FF002374
:103AF000C4F8903065E713F0100F3FF43CAF10F0BE
:103B0000100F3FF438AF1023136223689B6813F043
:103B1000400F67D0D4F880100A6853689BB2002B1E
:103B20004AD0B4F85C00984246D9A4F85E300B68DD
:103B30001B6813F0200F32D1226852E8003F23F4B3
:103B4000807342E800310029F6D1226802F10803AF
:103B500053E8003F23F00103083242E80031002916
:103B6000F3D1226802F1080353E8003F23F0400339
:103B7000083242E800310029F3D12023C4F88C3008
:103B80000023E366226852E8003F23F0100342E876
:103B900000310029F6D1D4F88000FCF7B5FF0223EC
:103BA0002367B4F85C10B4F85E309BB2C91A89B2CE
:103BB0002046FFF7BBFE04E7B4F85C1099427FF49F
:103BC00000AF136813F0200F3FF4FBAE022323670E
:103BD0002046FFF7ABFEF4E60100001020010004D0
:103BE00023390108B4F85C10B4F85E309BB2C91AEE
:103BF00089B2B4F85E309BB2002B3FF4E2AE0029EC
:103C00003FF4DFAE226852E8003F23F4907342E8AD
:103C100000300028F6D1226802F1080353E8003F83
:103C200023F0805323F00103083242E800300028DB
:103C3000F1D12023C4F88C300023E3666367226847
:103C400052E8003F23F0100342E800300028F6D18C
:103C5000022323672046FFF769FEB2E64FF4801384
:103C60001362204600F07AFBABE6A36F002B3FF413
:103C7000A8AE20469847A4E62046FFF73FFEA0E600
:103C8000204600F06DFB9CE6204600F068FB98E6BD
:103C900008B5B0F86030D0F88C20222A05D0026830
:103CA000936943F00803936108BD0268516ADBB26F
:103CB000826D0B401370836D01338365B0F85E3005
:103CC0009BB2013B9BB2A0F85E30B0F85E309BB275
:103CD000002BE9D1026852E8003F23F4907342E8D8
:103CE00000310029F6D1026802F1080353E8003FD1
:103CF00023F00103083242E800310029F3D12023E8
:103D0000C0F88C300023436703670368164A934268
:103D10000CD05B6813F4000F08D0026852E8003F33
:103D200023F0806342E800310029F6D1C36E012BF5
:103D300016D10023C366026852E8003F23F0100347
:103D400042E800310029F6D10368DA6912F0100F59
:103D500001D010221A62B0F85C10FFF7E7FDA3E76C
:103D6000F7F7A0F9A0E700BF0080004008B5B0F861
:103D70006020D0F88C30222B05D00268936943F084
:103D80000803936108BD03685B6A816D13400B8073
:103D9000836D02338365B0F85E309BB2013B9BB20A
:103DA000A0F85E30B0F85E309BB2002BEAD102681A
:103DB00052E8003F23F4907342E800310029F6D125
:103DC000026802F1080353E8003F23F001030832C0
:103DD00042E800310029F3D12023C0F88C300023C1
:103DE000436703670368164A93420CD05B6813F479
:103DF000000F08D0026852E8003F23F0806342E8D9
:103E000000310029F6D1C36E012B16D10023C36601
:103E1000026852E8003F23F0100342E80031002915
:103E2000F6D10368DA6912F0100F01D010221A627D
:103E3000B0F85C10FFF77AFDA4E7F7F733F9A1E7D4
:103E4000008000402DE9F843B0F860500368D3F8D3
:103E50001C90D3F800809F68D0F88C20222A05D0CF
:103E60009A6942F008029A61BDE8F8830446B0F806
:103E7000686008E0D4F89030002B4DD1B4F85E3083
:103E80009BB2002B4FD0002E00F0958019F0200F30
:103E900000F091802368596AEBB2A26D0B40137059
:103EA000A36D0133A365B4F85E309BB2013B9BB2B6
:103EB000A4F85E302368D3F81C9019F0070FDDD00A
:103EC00019F0010F09D018F4807F06D001221A6280
:103ED000D4F890301343C4F8903019F0020F0BD08F
:103EE00017F0010F08D0236802221A62D4F890302C
:103EF00043F00403C4F8903019F0040FBAD017F05F
:103F0000010FB7D0236804221A62D4F8903043F02E
:103F10000203C4F89030ADE72046FFF701FD00230F
:103F2000C4F89030AAE7226852E8003F23F4807377
:103F300042E800310029F6D1226802F1080353E873
:103F4000003F23F0805323F00103083242E80031A0
:103F50000029F1D12023C4F88C3000236367236744
:103F60002368284A93420CD05B6813F4000F08D0F2
:103F7000226852E8003F23F0806342E800310029C4
:103F8000F6D1E36E012B39D10023E366226852E8B3
:103F9000003F23F0100342E800310029F6D12368E6
:103FA000DA6912F0100F01D010221A62B4F85C1016
:103FB0002046FFF7BBFCB4F85E309BB2002B3FF409
:103FC00053AFB4F868209A427FF64EAF226802F1F0
:103FD000080353E8003F23F08053083242E80031E1
:103FE0000029F3D1084B6367226852E8003F43F091
:103FF000200342E800310029F6D135E72046F7F7E3
:1040000051F8D8E700800040913C01082DE9F843C1
:10401000B0F860500368D3F81C90D3F800809F6814
:10402000D0F88C20222A05D09A6942F008029A61C1
:10403000BDE8F8830446B0F8686008E0D4F8903032
:10404000002B4CD1B4F85E309BB2002B4ED0002E2A
:1040500000F0948019F0200F00F0908023685B6AD4
:10406000A26D2B401380A36D0233A365B4F85E30BC
:104070009BB2013B9BB2A4F85E302368D3F81C903E
:1040800019F0070FDED019F0010F09D018F4807F66
:1040900006D001221A62D4F890301343C4F890304D
:1040A00019F0020F0BD017F0010F08D0236802227D
:1040B0001A62D4F8903043F00403C4F8903019F039
:1040C000040FBBD017F0010FB8D0236804221A6286
:1040D000D4F8903043F00203C4F89030AEE72046A5
:1040E000FFF71EFC0023C4F89030ABE7226852E8CB
:1040F000003F23F4807342E800310029F6D12268A2
:1041000002F1080353E8003F23F0805323F001033A
:10411000083242E800310029F1D12023C4F88C3064
:104120000023636723672368284A93420CD05B68A7
:1041300013F4000F08D0226852E8003F23F0806398
:1041400042E800310029F6D1E36E012B39D100237A
:10415000E366226852E8003F23F0100342E8003192
:104160000029F6D12368DA6912F0100F01D010226D
:104170001A62B4F85C102046FFF7D8FBB4F85E3042
:104180009BB2002B3FF454AFB4F868209A427FF6FC
:104190004FAF226802F1080353E8003F23F0805339
:1041A000083242E800310029F3D1094B63672268E5
:1041B00052E8003F43F0200342E800310029F6D1E5
:1041C00036E72046F6F76EFFD8E700BF00800040D4
:1041D0006D3D010810B48165A0F85C20A0F85E2058
:1041E000002343678368B3F5805F06D0A3B90369F2
:1041F00073B9FF23A0F8603014E0036923B940F2DB
:10420000FF13A0F860300DE0FF23A0F8603009E054
:104210007F23A0F8603005E0B3F1805F2ED000234B
:10422000A0F860300023C0F890302223C0F88C3012
:10423000016801F1080353E8003F43F0010308312E
:1042400041E80034002CF3D1436EB3F1005F1FD07E
:104250008368B3F5805F43D0294B43670369002B24
:1042600044D0026852E8003F43F4907342E80031C2
:104270000029F6D100205DF8044B704703691BB993
:104280007F23A0F86030CDE73F23A0F86030C9E776
:10429000B0F868309342DBD88368B3F5805F19D0FB
:1042A000184B4367036943B1026852E8003F43F487
:1042B000807342E800310029F6D1026802F1080358
:1042C00053E8003F43F08053083242E800310029B0
:1042D000F3D1CFE70369002BE2D10B4B4367E1E752
:1042E0000369002BB8D1094B4367B7E7026852E86E
:1042F000003F43F0200342E800310029F6D1B9E73E
:10430000913C0108453E01080D4001086D3D010842
:1043100038B5D0F88C30202B17D1C1B1CAB10023E9
:10432000C36603680C4CA3420CD05B6813F4000F07
:1043300008D0046854E8003F43F0806344E8003547
:10434000002DF6D1FFF746FF00E0022038BD012026
:10435000FCE70120FAE700BF00800040704770478B
:10436000704710B430300B0A9B0003F00C03C458A4
:1043700001F01F014FF01F0C0CFA01FC24EA0C0C99
:10438000C2F384628A404CEA0202C2505DF8044BD8
:10439000704710B414304B0E9B0003F00403C45854
:1043A000C1F304514FF0070C0CFA01FC24EA0C0C89
:1043B0008A404CEA0202C2505DF8044B70477047D5
:1043C00030B583B000230193002800F0D880044664
:1043D000436D13B323689A6812F0005F05D09A68A2
:1043E00022F0204222F03F029A602268936813F084
:1043F000805F1FD1936823F0104323F03F0343F005
:10440000805393605F4B1B689B095F4AA2FB0323A9
:104410009B0901335B00019309E0FFF7D0FF002304
:10442000A36584F85030D5E7019B013B0193019BC4
:10443000002BF9D12268936813F0805F78D1636D07
:1044400043F010036365A36D43F00103A3650120EE
:10445000936813F0040300D00123616D11F0100F75
:1044600040F08680002B40F08380636D23F48173DD
:1044700043F002036365936813F0010F0BD1434BC4
:104480009B6813F0010F06D1636841498A6822F4E2
:104490007C1213438B60627E636B43EA4233E268B3
:1044A0001343A268134394F8202043EA0243012AED
:1044B00040D0A26A22B102F47072E16A0A43134347
:1044C0002168CD68334A2A401A43CA6021688B6844
:1044D00013F0040300D001238A6812F0080200D010
:1044E0000122B3B9AAB9237E94F83020520042EADF
:1044F0008332CB6823F4804323F002031343CB6061
:1045000094F83830012B1AD02268136923F0010384
:1045100013612369012B22D02268136B23F00F0350
:104520001363636D23F0030343F00103636524E029
:1045300000208DE7626A013A43EA4243B9E7216805
:104540000B696FF38A03E26B256C2A43656C2A437F
:10455000A56C2A43134343F001030B61D9E721689B
:104560000B6B23F00F03E269013A13430B63D8E7A7
:10457000636D43F010036365012003B030BD01207B
:10458000FBE700BF58000020632D3E0500000450EB
:104590000003045007C0F0FF7047704708B5806AF9
:1045A000FFF7FBFF08BD704708B50346806A426D00
:1045B00012F0500F30D1436D43F40073436503682C
:1045C0001A6812F0080F14D0DA6812F4406F20D184
:1045D000DB6813F4005F1CD1436D23F480734365E3
:1045E000436D13F4805F14D1436D43F001034365C1
:1045F0000FE0DB6813F0020F0BD1436D23F48073DF
:104600004365436D13F4805F03D1436D43F00103B1
:104610004365FFF7C1FF08BD426D12F0100F04D1D2
:10462000C26C526B18469047F5E7FFF7BCFFF2E704
:1046300008B5806A436D43F040034365836D43F0E2
:1046400004038365FFF7AFFF08BD0000F0B583B03A
:104650000023019390F85030012B00F002820446B1
:104660000D46012380F850300068836813F0040F72
:1046700009D0636D43F0200363650120002384F8B3
:10468000503003B0F0BD0A684968FFF76AFE206841
:10469000836813F0040300D00123826812F008023B
:1046A00000D001220BB9002A3AD02268936813F097
:1046B000010F40F0D0812B68E868D2F8B010C3F346
:1046C000120621EA060100F0180CA74820FA0CF0A7
:1046D0000340C3F312030B43C2F8B030EA68A34BA4
:1046E0009A4200F0A2802B68A14A134200F0B581E3
:1046F000A04A926802F0E0709F49896811F0010FAA
:1047000040F055819D498B4200F057819C498B4276
:1047100000F07A819B498B4200F08A810020ADE74E
:10472000AA682968FFF735FE69692268D368C3F370
:10473000C1035B009940286904280ED02E686032BE
:1047400052F82070904B3B4006F0F84631430B4343
:1047500043F0004342F82030A7E7136E116EC1F317
:1047600084612B68C3F3120080BBC3F38463994256
:1047700034D021684B6E4A6EC2F384622B68C3F357
:10478000120080BBC3F384639A4234D021688B6EDD
:104790008A6EC2F384622B68C3F3120080BBC3F33A
:1047A00084639A4234D02168CB6ECA6EC2F38462AD
:1047B0002B68C3F3120080BBC3F384639A427FF477
:1047C00074AFCB6E23F00043CB666EE793FAA3F38E
:1047D00013B1B3FA83F3CAE72023C8E7136E23F0BB
:1047E00000431366C5E793FAA3F313B1B3FA83F357
:1047F000CAE72023C8E74B6E23F000434B66C5E7AA
:1048000093FAA3F313B1B3FA83F3CAE72023C8E7FB
:104810008B6E23F000438B66C5E793FAA3F313B1C5
:10482000B3FA83F3CAE72023C8E720682B68C3F3F1
:1048300012063EBB9A0E013202F01F02092A8CBFFB
:1048400000220122002A55D05EBB990E0131890653
:1048500001F0F8418EBB4FEA936C0CF1010C0CF0A7
:104860001F0C012202FA0CF21143AEBB9B0E013366
:1048700003F01F0303EB43031B051943AA68FFF76B
:1048800088FD30E793FAA3F24AB1B2FA82F201321C
:1048900002F01F02092A8CBF00220122D2E7202247
:1048A000F5E793FAA3F131B1B1FA81F1013189064B
:1048B00001F0F841CEE72021F8E793FAA3F24AB1DC
:1048C000B2FA82F2013202F01F024FF0010C0CFA30
:1048D00002F2C9E72022F5E793FAA3F343B1B3FA52
:1048E00083F3013303F01F0303EB43031B05C4E70A
:1048F0002023F6E7E6B9990E0131890601F0F84167
:1049000016BB4FEA936C0CF1010C0CF01F0C01224A
:1049100002FA0CF21143CEBB9B0E013303F01F03CE
:1049200003EB43031E3B1B0543F000731943A5E74C
:1049300093FAA3F131B1B1FA81F10131890601F0A5
:10494000F841DDE72021F8E793FAA3F24AB1B2FA81
:1049500082F2013202F01F024FF0010C0CFA02F257
:10496000D8E72022F5E700BFFFFF070000007F40E7
:10497000000008800003045000000450000052C7EB
:10498000000084CB0100008000F0FF0393FAA3F342
:104990005BB1B3FA83F3013303F01F0303EB43036B
:1049A0001E3B1B0543F00073C0E72023F3E7636D54
:1049B00043F020036365012060E612F4000F7FF4EA
:1049C000A5AE2268284B9A4201D0002056E640F45A
:1049D000000326498A6822F0E07213438B60244B5F
:1049E0001B689B09234AA2FB03239B09013303EBAA
:1049F00043039B00019302E0019B013B0193019B58
:104A0000002BF9D1002039E612F0807F7FF482AECE
:104A10002268154B9A4201D000202FE640F08073A7
:104A200012498A6822F0E07213438B60002025E669
:104A300012F4800F13D122680B4B9A4201D0002050
:104A40001CE640F4800309498A6822F0E0721343AF
:104A50008B60002012E6002010E600200EE6002009
:104A60000CE602200DE600BF0000045000030450D5
:104A700058000020632D3E0530B583B0002301931C
:104A800003689A6812F0010F52D1044699682A4AC5
:104A9000114216D19A6822F0004222F03F0242F001
:104AA00001029A60254B9B6813F4000F19D0244B28
:104AB0001B689B09234AA2FB03239B090133019333
:104AC0000CE0436D43F010034365836D43F0010335
:104AD000836501202DE0019B013B0193019B002B8D
:104AE000F9D1FBF721FE054604E0FBF71DFE431B51
:104AF000022B11D823681A6812F0010F16D19A6898
:104B000012F0010FF1D19A6822F0004222F03F0228
:104B100042F001029A60E8E7636D43F010036365B9
:104B2000A36D43F00103A365012002E0002000E033
:104B3000002003B030BD00BF3F00008000030450E0
:104B400058000020632D3E0570B50446006880685B
:104B500010F0040F4ED10E46154694F85030012B3C
:104B60004AD0012384F850302046FFF785FF002803
:104B70003CD1636D23F4706323F0010343F480732D
:104B80006365636D13F4805F2DD0A36D23F006037E
:104B9000A365E36C194ADA62E36C194A1A63E36CA1
:104BA000184A5A6323681C221A60002384F8503084
:104BB0002268536843F0100353602268D36843F0BF
:104BC0000103D36021682B4632464031E06CFBF78D
:104BD00051FF2268936823F0004323F03F0343F022
:104BE0000403936007E00023A365D2E7002384F861
:104BF000503000E0022070BD0220FCE7A94501080A
:104C00009D450108314601080023024A1360024A0B
:104C100013607047F8190020F4190020EFF3108397
:104C200072B641B1012903D106490A6802430A60FC
:104C300083F31088704703490A6822EA00020A6079
:104C4000F6E700BFF419002038B5EFF3108472B610
:104C50000C4B1B683BB10C4D2B6898476B68984711
:104C600084F3108838BD094B1B682BB1064DAB6827
:104C70009847EB689847F3E7034D2B6998476B69B2
:104C80009847EDE7F8190020D86B0108F4190020C7
:104C9000EFF3108C72B6064A136803431360054A9B
:104CA00052F83130034342F831308CF310887047AA
:104CB000941A0020001A0020EFF3108172B6044A03
:104CC000136823EA0000106081F31088704700BF6A
:104CD000A4000020EFF3108172B6034A1368184352
:104CE000106081F310887047A4000020EFF310815A
:104CF00072B6034A13681843106081F31088704736
:104D0000901A00207047704770477047704728B16D
:104D1000B0FA80F0C0F11F00C0B270472020F9E760
:104D20002DE9F04F83B0704BD3F8009009EA0000F2
:104D300018606E4BD3F800806D4B1E686D4B1D687C
:104D40006D4BD3F800B043E001324AE0013C6B49BF
:104D500051F83430034041F8343085E0674901EBC5
:104D6000C2014D6801269E4025EA06054D604D684A
:104D700002A901EB820141F8045C0132002AEDD066
:104D80008047ACB15E4C2068FFF7BFFF574BD3F8AC
:104D90000080574B1E68574B1D68574BD3F800B027
:104DA000236801229A4057490B6813430B600FE0B8
:104DB000524B03EBC4035A6802A901EB840151F87A
:104DC000041C0A405A600134DBE70020FFF79EFF15
:104DD00008EA0503444A106803425BD016EA0B0256
:104DE00058D1464B53F832302B400342ACD04349A4
:104DF00051F832302B40034001EBC201496819429F
:104E000005D13E4901EBC2014FF0FF304860374900
:104E100009683A4800EBC20040683A4C276867EAE4
:104E20000000206021EA000113EA010000D11846C9
:104E300009B9344B1960314B03EBC2035B6818406E
:104E4000FFF765FF2E4B1860EFF3108272B6012456
:104E50001B6804FA03F3D843DFF890C0DCF80010B5
:104E600021EA0303CCF80030002C7FF46FAF82F30B
:104E70001088DFF88CA0DAF80000FFF745FFDAF8B9
:104E800000301F2BA1D8204A52F8230000289CD0C4
:104E9000224673E71A4B4FF0FF321A60164B1B681D
:104EA000334205D0104BC3F8009003B0BDE8F08F3B
:104EB000FFF728FFEFF3108472B60C4B1B680C4A07
:104EC00011680C4A12681340074A1268134203D152
:104ED000094B1B680B4204D084F31088FFF713FFC3
:104EE000E0E7F5F7BBFBF7E7A0000020941A0020ED
:104EF000901A0020A40000208C1A0020001A002024
:104F0000881A0020FC190020081A002008B5C043A8
:104F1000FFF706FF08BD0000F8B50446114B1E68F8
:104F2000B6F1FF3F05D00125B5400F4B1F681C604F
:104F300005E00025F9E721462846FFF7E7FF0B4B80
:104F40001B682342F7D0074B1E60EFF3108172B647
:104F5000064A136823EA0403136081F31088024BA6
:104F60001F60F8BD881A00208C1A0020901A0020BB
:104F700038B51446EFF3108572B6FFF7C8FE034B41
:104F800043F8204085F3108838BD00BF081A002080
:104F900000B583B009E001A9084800F006FC084B01
:104FA0001B690199186900F0E8FB044800F0CDFB8B
:104FB0000028F0D003B05DF804FB00BFAC1A00205D
:104FC0000000032008B5F7F73DFB08BD08B50C4B02
:104FD0000C4A1A600C4A5A600C4A9A600C4A1A62CF
:104FE0000C4A5A620C4ADA600C4A1A610C4A5A613D
:104FF0000C4A9A610C4ADA61F7F74CFB08BD00BF16
:1050000000000320C4010320B4010320A4010320F5
:105010009C010320940103208C01032070010320D4
:105020006C010320600103205401032038B50446BD
:105030000B4D284600F086FB0A4B5B68A2681A609D
:10504000E268DA60084A5A609D60F7F745FB22681B
:10505000064B1A606268064B1A60002038BD00BF1C
:105060003C01032000000320580A0320A81A002056
:10507000A41A002008B5054B5A6812680121117264
:105080005B68F7F737FB002008BD00BF0000032076
:1050900000B583B007E001A9074800F086FB074B85
:1050A0001B6801989847044800F04FFB0028F2D095
:1050B00003B05DF804FB00BF3C010320A81A0020E8
:1050C00008B5024B1B68984708BD00BFA41A002012
:1050D00038B50446094D284600F034FB084BDB6820
:1050E000A2681A605D60F7F727FB2268054B1A601B
:1050F0006268054B1A60002038BD00BF34010320F0
:1051000000000320A01A00209C1A002008B5054BBF
:10511000DA68126810211172DB68F7F71BFB0020B8
:1051200008BD00BF0000032008B5044BDA68DA6848
:10513000034B1B681068984708BD00BF00000320A0
:10514000A01A002000B583B007E001A9074800F0CD
:105150002CFB074B1B6801989847044800F0F5FAB0
:105160000028F2D003B05DF804FB00BF3401032037
:105170009C1A002038B504460C4D284600F0E2FA8F
:105180000B4800F0DFFA0B4B1B690B4A1360A26857
:105190009A60E268DA601D6122681A6062685A608B
:1051A00022695A6162699A6138BD00BF4C010320CF
:1051B000AC1A002000000320981A002008B5014610
:1051C000034800F0DAFA0348F7F71AFB08BD00BFFE
:1051D000AC1A0020914F010810B5054C204600F094
:1051E000B1FA044B5B691C60F7F728FB10BD00BFE8
:1051F00044010320000003207047000000B583B085
:1052000006E001A9064800F0D0FA0198FFF7F4FF84
:10521000034800F09AFA0028F3D003B05DF804FBCD
:105220004401032000B585B06B4600F10C02372124
:105230004FF6664000F02EFA9DF80E0005B05DF8BE
:1052400004FB00B585B06B4600F10C020F214FF650
:10525000684000F01FFA9DF80E0005B05DF804FBF1
:1052600000B585B08DF800006B466A4601214FF607
:10527000694000F00FFA9DF80E0005B05DF804FBE0
:1052800000B585B002466B4610214FF6754000F020
:1052900001FA9DF80E0005B05DF804FB30B4214B17
:1052A000DB6BC3F30D039B0003F1005303F54033A5
:1052B0001A6811681C4B99422DD01369546995697D
:1052C000516892684FEA136C80F800C04FEA134CA3
:1052D00080F801C04FEA132C80F802C0C3F3031C0E
:1052E00080F803C003F00F030371230E4371230CF6
:1052F0008371230AC371047245720B0E83720B0C07
:10530000C372090A0173130E4373130C8373C273C0
:10531000002030BC704753699469D569D16812691F
:10532000D0E700BF00400058B95646A908B520B9DB
:10533000054B1B6803B1984708BD034B1B68002B46
:10534000FAD001209847F7E7B81A002010B584B0CA
:1053500004460A4800F0F6F9094B1C60094800F0C1
:10536000F1F9094B01221A70084B1B6823B1029412
:10537000074A00926846984704B010BDBC1A002046
:10538000AC000020B0000020A8000020C41A0020BB
:105390001555010810B50B461146084A1468A4F8C3
:1053A0000900E3721A4604F10C00F3F70FFC044BFA
:1053B0001B6900210846984710BD00BFAC000020C3
:1053C000C41A002010B50C464A68054B1A60054BFC
:1053D000D861184600F0B8F82068FFF7B7FF10BD95
:1053E000B81A0020C41A002000B585B01B4800F090
:1053F000ACF910B91A4B1B784BB9184800F0A5F955
:1054000010B9174B1B7823BB05B05DF804FB03A94B
:10541000124800F0CAF9134BDB698BB1039A029270
:1054200001228DF8042001A898479DF804200C4B18
:105430001A700B4B1B783BB10398FFF7BFFEDCE7FC
:10544000074B01221A70F4E70399044800F089F928
:10545000D3E70248F6F7ACFFD6E700BFB000002064
:10546000A8000020C41A0020F0B583B00746002031
:10547000FFF75CFF7D883B88C5F3090545EA832576
:10548000ADB2224B01221A70BA68397B2846FFF769
:1054900081FF0026002E33D148F2E800F6F793FF93
:1054A00005E0B4F80D30AB4216D0237B33BB18486F
:1054B00000F04BF90028EDD101A9154800F075F96D
:1054C000019C637A0F2BECD0A389AB4208D0E37A1E
:1054D000002BECD00126EAE73B69E27A1A70E4E798
:1054E000A27A033AD2B27B699A42A8BF1A467A617D
:1054F00004F10E013869F3F769FBE8E70126D6E706
:105500000120FFF713FF002003B0F0BDB41A002004
:10551000BC1A002010B50146437A0E3BDBB2012BCA
:1055200007D9074C204600F028F92046F6F740FF3F
:1055300010BD044800F021F90020F6F73FFFF7E71F
:10554000B0000020BC1A0020024B0360024B036134
:10555000704700BF2D5001087550010808B538B9D3
:10556000084B1B6803B19847074B00221A7008BD0F
:10557000054B01221A70034B1B68002BF7D0104615
:105580009847F4E7E81A0020D000002010B584B056
:1055900004460B4B18600B4800F0D4F80120FFF7CD
:1055A000DDFF094B01221A70084B1B6833B10394CD
:1055B000074A0192074A029201A8984704B010BD19
:1055C000CC000020D4000020C8000020EC1A0020ED
:1055D000FD560108D955010810B50146034C204677
:1055E00000F0CBF82046F5F73DF810BDD4000020C0
:1055F00010B50C464A68054B1A60054BD861184631
:1056000000F082F82068FFF7C1FF10BDE81A002003
:10561000EC1A002000B585B01B4800F096F810B9D0
:105620001A4B1B784BB9184800F08FF810B9174B7C
:105630001B7823BB05B05DF804FB03A9124800F0FA
:10564000B4F8134BDB698BB1039A029201228DF8F7
:10565000042001A898479DF804200C4B1A700B4BAE
:105660001B783BB10398FFF7A9FDDCE7074B01224C
:105670001A70F4E70399044800F073F8D3E702487E
:10568000F4F7F0FFD6E700BFD4000020C8000020E8
:10569000EC1A00202DE9F04107460C4616461D463F
:1056A0000020FFF75BFFDFF85080D8F80000A0F87B
:1056B0000970C472224631460C30F3F787FA012490
:1056C0000B4B1C700B4B1B6900210846984748F296
:1056D000E800F4F7D2FFD8F800108A78033205F119
:1056E0000800F3F773FA2046FFF738FFBDE8F081B2
:1056F000E41A0020EC1A0020CC00002008B500209D
:10570000F4F7B6FF08BD0000024B0360024B0361D3
:10571000704700BFD15001080D51010801460748EC
:10572000C3798B4204D0064A904201D00838F7E78B
:105730008B4200D170470020FCE700BFF873FF1FC9
:105740000070FF1F006040607047EFF3108372B677
:105750000268824203D0002083F310887047012042
:10576000FAE7EFF3108372B602680A6048600160DE
:105770000A68516083F310887047EFF3108372B6A4
:10578000086042684A6041604A68116083F310888B
:105790007047EFF3108372B64268016811600268C7
:1057A0004168516083F31088704710B5EFF310849F
:1057B00072B603680B600068FFF7EBFF84F3108894
:1057C00010BD08B5F3F702FA08BD08B5F3F7A4F861
:1057D00008BD10B588B000248DF807401822214676
:1057E00002A8FFF7F2FF3F23ADF808308123ADF8A0
:1057F0000A300DF10703069301230793214602A8FF
:10580000FFF732FEA04203DB9DF8070008B010BD91
:10581000FF20FBE72DE9F04FCBB09C469DF854618B
:105820009DF85C5106F1080A04AC04EB0A0B7719E9
:105830000937E31901930DF10F094FF000088DF8B6
:105840000F808DF81000ADF81110ADF813208DF811
:1058500015C09DF850318DF816308DF8176032461E
:10586000569906A8FFF7ADFF04F80A5009362A46F4
:1058700058990BF10100FFF7A4FF3544BDF86431DE
:10588000E353BDF86831019A53800435182241462C
:1058900044A8FFF79AFF3F23ADF810318323ADF8FA
:1058A000123146944795CDF8209101234993414602
:1058B00044A8FFF7D9FD404504DB9DF80F004BB02D
:1058C000BDE8F08FFF20FAE770B5C8B00DF107050D
:1058D00000248DF8074002AE8DF8080018222146FA
:1058E00042A8FFF772FF3F23ADF808318523ADF8DA
:1058F0000A3144960123459346954793214642A891
:10590000FFF7B2FDA04203DB9DF8070048B070BD71
:10591000FF20FBE770B5C8B00DF1070600258DF834
:10592000075002AC8DF808008DF809108DF80A2098
:105930008DF80B309DF830318DF80C309DF83431F6
:105940008DF80D309DF838318DF80E304F9BCDF825
:105950000F309DF840318DF813301822294642A8A7
:10596000FFF733FF3F23ADF808318623ADF80A3146
:1059700044940C234593469601234793294642A815
:10598000FFF772FDA84203DB9DF8070048B070BD29
:10599000FF20FBE770B5C8B00DF1070600248DF8B5
:1059A000074002ADADF80800CDF80A1018222146D4
:1059B00042A8FFF70AFF3F23ADF808318823ADF86E
:1059C0000A31449506234593469601234793214681
:1059D00042A8FFF749FDA04203DB9DF8070048B04D
:1059E00070BDFF20FBE72DE9F041C8B007460E4629
:1059F00015469846072200216846FFF7E6FE02ACEE
:105A00008DF808708DF809608DF80A501822002171
:105A100042A8FFF7DAFE3F23ADF808318A23ADF83C
:105A20000A31449403234593CDF818D107234793B3
:105A3000002142A8FFF718FD002811DB9DF80000A7
:105A400058B9BDF80130A8F80030BDF803204E9BCE
:105A50001A80BDF805204F9B1A8048B0BDE8F08140
:105A6000FF20FAE710B588B000248DF8074018220F
:105A7000214602A8FFF7A9FE3F23ADF80830922384
:105A8000ADF80A300DF10703069301230793214671
:105A900002A8FFF7E9FCA04203DB9DF8070008B06D
:105AA00010BDFF20FBE770B5C8B00DF1070500245D
:105AB0008DF8074002AEADF808001822214642A832
:105AC000FFF783FE3F23ADF808319523ADF80A3187
:105AD000449602234593469501234793214642A8C5
:105AE000FFF7C2FCA04203DB9DF8070048B070BD81
:105AF000FF20FBE770B5C8B00DF1070600248DF854
:105B0000074002ADADF808008DF80A1018222146B2
:105B100042A8FFF75AFE3F23ADF80831A523ADF8A0
:105B20000A31449503234593469601234793214622
:105B300042A8FFF799FCA04203DB9DF8070048B09C
:105B400070BDFF20FBE710B588B000248DF807403A
:105B50001822214602A8FFF738FE3F23ADF808308F
:105B600040F20113ADF80A300DF10703069301234B
:105B70000793214602A8FFF777FCA04203DB9DF8BC
:105B8000070008B010BDFF20FBE72DE9F041C8B0C9
:105B90000446884617461E46012813D002280FD017
:105BA000012502AB1D440322002101A8FFF70DFED1
:105BB0008DF80840012C07D0022C32D1102404E0CB
:105BC0001125EEE70325ECE70224224641460DF1BC
:105BD0000900FFF7F6FD2F706E70033418220021C4
:105BE00042A8FFF7F2FD3F23ADF808314FF481736F
:105BF000ADF80A3102AB4493459401AB46930323BD
:105C00004793002142A8FFF72FFC00280BDB9DF8EB
:105C1000040018B9BDF805204E9B1A8048B0BDE8B5
:105C2000F0819720FAE7FF20F8E72DE9F041C8B0AE
:105C300006460C4690461F46012915D0022911D070
:105C4000032502AB1D440322002101A8FFF7BDFD7F
:105C5000ADF808608DF80A40012C07D0022C40D125
:105C6000102404E01325ECE70525EAE70224224688
:105C700041460DF10B00FFF7A4FD2F809DF8383150
:105C8000AB709DF83C31EB709DF840312B719DF865
:105C900044316B719DF84831AB710A3418220021F0
:105CA00042A8FFF792FD3F23ADF808314FF482730D
:105CB000ADF80A3102AB4493459401AB46930323FC
:105CC0004793002142A8FFF7CFFB00280BDB9DF88C
:105CD000040018B9BDF80520539B1A8048B0BDE8F0
:105CE000F0819720FAE7FF20F8E7F0B5C9B01C462D
:105CF0000DF1070700268DF8076002ADADF808002A
:105D0000ADF80A108DF80C208DF80D301A464E991A
:105D10000DF10E00FFF755FD06341822314642A85A
:105D2000FFF753FD3F23ADF808314FF48373ADF80F
:105D30000A3144954594469701234793314642A83A
:105D4000FFF792FBB04203DB9DF8070049B0F0BDBE
:105D5000FF20FBE770B5C8B00DF1070500248DF8F2
:105D6000074002AEADF808001822214642A8FFF70E
:105D70002CFD3F23ADF8083140F22513ADF80A3170
:105D8000449602234593469501234793214642A812
:105D9000FFF76AFBA04203DB9DF8070048B070BD27
:105DA000FF20FBE7F0B5C9B00C4611460DF107071F
:105DB00000258DF8075002AE8DF808008DF80940D7
:105DC00022460DF10A00FFF7FCFC02341822294696
:105DD00042A8FFF7FAFC3F23ADF808310C23ADF8D9
:105DE0000A3144964594469701234793294642A891
:105DF000FFF73AFBA84203DB9DF8070049B0F0BD6E
:105E0000FF20FBE770B5C8B00DF1070600248DF840
:105E1000074002AD8DF808008DF8091018222146C0
:105E200042A8FFF7D2FC3F23ADF808310F23ADF8AD
:105E30000A31449502234593469601234793214610
:105E400042A8FFF711FBA04203DB9DF8070048B012
:105E500070BDFF20FBE770B5C8B00DF10705002449
:105E60008DF8074002AEADF808001822214642A87E
:105E7000FFF7ABFC3F23ADF808311823ADF80A312A
:105E8000449602234593469501234793214642A811
:105E9000FFF7EAFAA04203DB9DF8070048B070BDA7
:105EA000FF20FBE710B588B000248DF807401822CA
:105EB000214602A8FFF789FC0323ADF80830ADF8AE
:105EC0000A300DF10703069301230793214602A828
:105ED000FFF7CAFAA04203DB9DF8070008B010BD27
:105EE000FF20FBE770B5C8B00DF1070500248DF861
:105EF000074002AE8DF808001F220DF10900FFF7E0
:105F000060FC1822214642A8FFF75FFC0823ADF889
:105F100008310923ADF80A3144962023459346956C
:105F200001234793214642A8FFF79EFAA04203DBD4
:105F30009DF8070048B070BDFF20FBE7F0B5C9B081
:105F400004460E461546052200216846FFF73DFC33
:105F500002AFADF808401822002142A8FFF735FC37
:105F60000823ADF808313023ADF80A3144970223F5
:105F70004593CDF818D105234793002142A8FFF798
:105F800073FA00280ADB9DF8000028B99DF8033059
:105F900033709DF804302B7049B0F0BDFF20FBE753
:105FA00070B5C8B00DF1070600258DF8075002AC9A
:105FB0008DF808008DF809108DF80A20182229465E
:105FC00042A8FFF702FC0823ADF808313123ADF8F1
:105FD0000A31449403234593469601234793294667
:105FE00042A8FFF741FAA84203DB9DF8070048B03A
:105FF00070BDFF20FBE770477047704770477047E0
:1060000070477047704770477047704770477047D8
:10601000704770477047704708B5FFF7ECFFFFF710
:10602000EBFFFFF7EAFFFFF7E9FFFFF7E8FFFFF7F6
:10603000E7FFFFF7E6FFFFF7E5FFFFF7E4FFFFF7F6
:10604000E3FFFFF7E2FFFFF7E1FFFFF7E0FFFFF7F6
:10605000DFFFFFF7DEFFFFF7DEFFFFF7DBFFF6F7FF
:10606000E7F908BD08B50023034A1371034A13700A
:10607000FFF7D2FF08BD00BFC0000020BC00002019
:10608000034A137942F8230001331371704700BFAC
:10609000C000002038B505464378FF2B06D1B0F884
:1060A000033003F47F43B3F5406F03D02846F6F77F
:1060B000E1F838BD002422460A4B1B79A34209D9D6
:1060C000084B53F8243028469847024610B901344B
:1060D000E4B2F1E7002AE9D0022A01D10020E8E782
:1060E0000120E6E7C0000020F8B500BFF8BC08BCFE
:1060F0009E467047F8B500BFF8BC08BC9E46704786
:106100000C4A536943F480235361EFF3108C72B649
:10611000802351F8042B40F8042B013B13F0FF03BC
:10612000F7D1044B1B6913F4803FFAD18CF310882C
:08613000704700BF0040005859
:10613800000000000000000000000000A86A01083C
:10614800540A0320440A0320260404000001802185
:106158000002B0250008302E001060320080F03EAA
:106168000004002A0000000050465238C33C5AA5DB
:106178000000000000000000073032534E4B0B5F58
:10618800A4404E9D6C00108F7A0000003032534EB0
:106198004B0B5FA4404E9D6C00108F7A12000000DC
:1061A8002400000036000000400000000600000047
:1061B8000C000000100000000000000001000000BA
:1061C80002000000030000000020202020202020E2
:1061D800202028282828282020202020202020208F
:1061E800202020202020202020881010101010109F
:1061F80010101010101010101004040404040404EB
:106208000404041010101010101041414141414184
:106218000101010101010101010101010101010166
:106228000101010110101010101042424242424276
:106238000202020202020202020202020202020236
:1062480002020202101010102000000000000000DE
:106258000000000000000000000000000000000036
:106268000000000000000000000000000000000026
:106278000000000000000000000000000000000016
:106288000000000000000000000000000000000006
:1062980000000000000000000000000000000000F6
:1062A80000000000000000000000000000000000E6
:1062B80000000000000000000000000000000000D6
:1062C800000000000000000000000000A08601009F
:1062D800400D0300801A060000350C0040420F00F4
:1062E80080841E0000093D0000127A000024F4009A
:1062F80000366E010048E801006CDC020000000076
:106308000000000000000000000000000100000084
:10631800030000000500000001000000010000006B
:10632800060000000A000000200000000200000033
:1063380004000000080000001000000040000000F9
:1063480080000000000100000002000053573100E7
:1063580053573200535733004E533230302D434495
:10636800492D5237000000003032534E4B0B5FA4CA
:10637800404E9D6C01108F7A000000003032534E61
:106388004B0B5FA4404E9D6C02108F7A00000000FA
:106398003032534E4B0B5FA4404E9D6C03108F7AE6
:1063A800000000003032534E4B0B5FA4404E9D6CF2
:1063B80004108F7A000000003032534E4B0B5FA45C
:1063C800404E9D6C05108F7A0000000045434F0039
:1063D80053545245455400005241494E00000000B4
:1063E80050524F00256C752C257300004025732AE8
:1063F800253034580A0000004552522C25730000FD
:1064080041434B2C5354524F42455F4F4E000000BE
:1064180041434B2C5354524F42455F4F4646000070
:1064280041434B2C52454144595F5448524545001D
:1064380041434B2C52454144595F43454E544552C4
:10644800000000002C00000053455455505F434F96
:106458004D4D414E440000005049434B55500000FB
:10646800434F4E4649524D005049434B55505F43A8
:106478004F4D4D414E44000053544F505F454E47D9
:10648800494E455F574149545F48565F4C54333035
:10649800000000005049434B55505F4E4F545F5326
:1064A8005441424C45000000464C4153480000000E
:1064B80041434B2C5049434B55505F4F4B00000014
:1064C800454447450000000046414C4C494E4700B2
:1064D800524953494E47000041434B2C45444745D8
:1064E8005F52455155495245535F5049434B5550AA
:1064F8005F544443000000005050520041434B2C6D
:106508005050525F52455155495245535F54444388
:106518000000000041434B2C474154455F55530050
:106528005354524F424500004F4E00005049434BD0
:1065380055505F4F525F48565F4143544956450096
:106548004F46460053544152545F5354524F4245AC
:106558005F4649525354000041434B2C4F46465323
:1065680045540000534156455F5444430000000021
:106578005354524F42455F53414D504C45530000D0
:1065880041434B2C5444435F53415645440000005B
:106598004D414E55414C5F5444430000434F4E46D5
:1065A80049524D5F5245515549524544000000003B
:1065B80041434B2C5444435F4D414E55414C5F532E
:1065C800415645440000000053544F505F454E4724
:1065D800494E455F464F525F54505300434C4F530A
:1065E800454400004F50454E000000005450535F92
:1065F80052414E474500000041434B2C5450530034
:106608005444435F4F525F48565F4143544956458F
:106618000000000041434B2C46495253545F5354E9
:1066280041525400524541445900000046495253D2
:10663800545F53544152545F4E4F545F50524F561B
:10664800454E000054485245450000005349444512
:106658005F4F46465345540052454144595F4D4F9C
:106668004445000053544F505F454E47494E455FDF
:10667800464F525F46414E004155544F00000000BE
:1066880046414E5F4D4F44450000000041434B2CAE
:1066980046414E005245534554000000524553456B
:1066A800545F424C4F434B454400000041434B2C40
:1066B80053455455505F524553455400534554551E
:1066C800505F554E4B4E4F574E0000004F454D5FA3
:1066D8004C4541524E0000004D414E55414C000082
:1066E80044495900434F4E4649524D5F4F454D5F0F
:1066F800554E504C554747454400000043414C49CE
:1067080042524154494F4E5F5245515549524544B2
:106718000000000041434B2C4D4F44450000000051
:1067280041434B2C4C4541524E5F53415645445FC3
:1067380043454E5445525F534944450041434B2C11
:106748004C4541524E5F53415645445F43454E5474
:10675800455200004F454D5F4C4541524E5F554EE6
:10676800415641494C41424C450000005354415266
:106778005400000053454C4543545F4F454D5F4C12
:106788004541524E5F454E47494E455F53544F5021
:106798005045440041434B2C4C4541524E5F5354A5
:1067A80041525445445F50415353495645000000F7
:1067B80041434B2C4C4541524E5F41424F52544548
:1067C8004400000053544F50000000004C45415213
:1067D8004E5F4E454544535F32305F56414C494405
:1067E8005F50554C5345530041434B2C50524F5F1B
:1067F8004F4E000041434B2C50524F5F4F464600CE
:10680800535445505F4D41585F324445470000009E
:106818004D4150000D0A000043524300434F4D4D77
:10682800414E440050494E470000000041434B2C64
:10683800504F4E475F52375F3200000047455400C3
:1068480053544154555300005354415455532C2527
:106858006C752C25752C25752C25752C25752C25E6
:10686800752C25752C2575004D45544100000000F8
:106878004D4554412C25732C25752C25752C2575D3
:106888002C25752C25752C25752C25752C25750022
:10689800534554555000000053455455502C257508
:1068A8002C25752C25752C25642C25752C25752CE7
:1068B80025752C25752C25752C25752C25752C25CD
:1068C800752C25750000000043415053000000005E
:1068D800434150532C52382E302C50524F544F3481
:1068E8002C4F454D5F4C4541524E2C4D414E554124
:1068F8004C2C4F54415F53544147452C4155544FFC
:106908005F46495253545F53544152542C4E4F5F83
:106918004A554D50455253004D4F44452C25752C32
:1069280025752C25752C2575000000004C45415215
:106938004E2C25752C25752C25752C25752C257523
:106948002C2564004F5441004F54412C25752C25AB
:106958006C752C256C752C257500000043454C4C36
:106968000000000043454C4C2C256C752C256C759B
:106978002C2564004F54415F554E415641494C41C6
:10698800424C45004F54415F424547494E00000084
:106998004F54415F4E4F545F53414645000000003D
:1069A80041434B2C4F54415F52454345495645009E
:1069B800434F4D4D495400004F54415F564552498D
:1069C8004659000041434B2C4F54415F52454144C6
:1069D800595F5245424F4F540000000041434B2C31
:1069E8004F54415F41424F525400000046454154C4
:1069F8005552450041434B2C4C4956450000000078
:106A0800454E47494E455F4F525F485600000000CB
:106A18004841524400000000534F46540000000013
:106A28004C494D49545F52414E47450041434B2C18
:106A38004C494D495400000050524F5F4C4F434B56
:106A48004544000041434B2C4C4F4144000000009A
:106A580041434B2C5341564500000000554E4B4EC8
:106A68004F574E00232D302B20000000686C4C003F
:106A7800656667454647000030313233343536376E
:106A88003839414243444546000000003031323332
:106A98003435363738396162636465660000000052
:106AA800000000480100000000000048010000004C
:106AB800000000480100000000000048010000003C
:106AC800000000480100000000000048010000002C
:106AD800000000480100000000000048010000001C
:106AE800000000480100000000000048010000000C
:106AF80000000048010000000000004801000000FC
:106B080000000048010000000000004801000000EB
:106B180000000048010000000000004801000000DB
:106B280000000048010000000000004801000000CB
:106B380000000048010000000000004801000000BB
:106B480000000048010000000000004801000000AB
:106B5800000000480100000000000048010000009B
:106B6800000000480100000000000048010000008B
:106B7800000000480100000000000048010000007B
:106B8800000000480100000000000048010000006B
:106B9800000000480100000000000048010000005B
:106BA800000000480100000000000048010000004B
:106BB800000000480100000000000048010000003B
:106BC800000000480100000000000048010000002B
:106BD800D5B2000801B30008A5B20008F5B2000854
:106BE80071B20008EDB20008094E533230302D431F
:106BF80044492D5237000000FEDCBA09876543215D
:106C0800FEDCBA0987654321123456789ABCDEF057
:106C1800123456789ABCDEF06C7AD8AC5772000001
:106C280000006400FA0090012602BC025203E80347
:106C3800F401EE02E803DC05D007C409B80BA00F85
:106C480088137017581B401F28231027F82AEC2C8C
:106C580000004D019A02E803F401E803DC05C409C9
:086C6800A00F7017401F102758
:086C70002816FF7F010000005F
:046C7800A9810008E6
:046C7C00818100080A
:106C80000C00002000000000FC0000206401002037
:106C9000CC01002000000000000000000000000007
:106CA00000000000000000000000000000000000E4
:106CB00000000000000000000000000000000000D4
:106CC00000000000000000000000000000000000C4
:106CD00000093D000DFF01830000000000000000DE
:106CE00000000000000000000000000000000000A4
:106CF000FFFF0000FFFF000000093D000100000051
:106D00000000500000000000000000000000000033
:106D10000100000010000000FFFFFFFFFFFFFFFF6A
:106D20000000000000000000000000000000000063
:106D30000000000000000000000000000000000053
:106D40000000000000000000000000000000000043
:046D5000000000003F
:0400000508009E5100
:00000001FF
