:020000040800F2
:1000000000000320511E00087D2200087F22000806
:1000100081220008832200088522000800000000D9
:10002000000000000000000000000000872200081F
:1000300089220008000000008B2200088D220008A1
:10004000A51E0008A51E0008A51E00089522000890
:10005000A51E0008A51E0008FF22000809230008AD
:10006000A51E0008A51E0008F52200085537000847
:10007000A51E0008A51E00089D220008A51E000858
:10008000A51E0008A51E0008A51E0008A51E000844
:10009000A51E0008A51E0008A51E0008A51E000834
:1000A000A51E0008A51E0008A51E0008A51E000824
:1000B00045370008A51E0008A51E0008A51E00085B
:1000C000A51E0008A51E0008A51E0008A51E000804
:1000D000AD220008BD220008A51E0008A51E0008CC
:1000E000A51E0008A51E0008A51E0008A51E0008E4
:1000F000CD220008D5220008DD220008A51E000838
:10010000A51E0008A51E0008A51E0008A51E0008C3
:10011000A51E0008A51E0008A51E0008A51E0008B3
:10012000A51E0008A51E0008E5220008A51E00085F
:0C013000A51E0008A51E0008A51E000862
:100140000348044B834202D0034B03B11847704766
:10015000A4000020A4000020000000000548064B79
:100160001B1AD90F01EBA301491002D0034B03B1B5
:1001700018477047A4000020A400002000000000E1
:1001800010B5064C237843B9FFF7DAFF044B13B1DF
:100190000448AFF300800123237010BDD800002075
:1001A00000000000E8C6000808B5044B1BB1044974
:1001B0000448AFF30080BDE80840CFE7000000002E
:1001C000DC000020E8C600087BB972B90029BEBF78
:1001D00000204FF0004106E008BF00281CBF6FF070
:1001E00000414FF0FF3000F0B5B9ADF1080C6DE9FA
:1001F00004CE002909DB002B1ADB00F04DF8DDF8F6
:1002000004E0DDE9022304B07047404261EB4101A4
:10021000002B1BDB00F040F8DDF804E0DDE90223F1
:1002200004B0404261EB4101524263EB430370472B
:10023000524263EB430300F02FF8DDF804E0DDE900
:10024000022304B0404261EB41017047524263EB2C
:10025000430300F021F8DDF804E0DDE9022304B0F7
:10026000524263EB4303704753B94AB9002908BFB0
:1002700000281CBF4FF0FF314FF0FF3000F06AB98B
:10028000ADF1080C6DE904CE00F006F8DDF804E0ED
:10029000DDE9022304B070472DE9F047089D0E46C2
:1002A00004460F46002B4AD194468C45B2FA82F29E
:1002B00060D942B1C2F12003974020FA03F30CFA4F
:1002C00002FC1F4394404FEA1C4E1FFA8CF6B7FB0A
:1002D000FEF1230C0EFB117743EA074301FB06F006
:1002E00098420AD91CEB030301F1FF3780F0158116
:1002F000984240F21281023963441B1AA4B2B3FB44
:10030000FEF00EFB103344EA034400FB06F6A6425F
:100310000AD91CEB040400F1FF3380F00081A642EF
:1003200040F2FD806444023840EA0140A41B0021F1
:100330001DB1D4400023C5E90043BDE8F0878B42DE
:1003400005D90DB1C5E9000100210846F5E7B3FA6A
:1003500083F1002946D1B34202D3824200F2F580F4
:10036000841A66EB030201201746002DE5D0C5E98B
:100370000047E2E7002A40F09380A1EB0C034FEA2C
:100380001C471FFA8CFE0121B3FBF7F607FB163062
:10039000230C43EA00430EFB06F0984208D91CEBFD
:1003A000030306F1FF3802D2984200F2D08046469D
:1003B0001B1AA4B2B3FBF7F007FB103344EA034463
:1003C0000EFB00FEA64508D91CEB040400F1FF3328
:1003D00002D2A64500F2B6801846A4EB0E0440EA0D
:1003E0000640A5E7C1F120078B4022FA07FC4CEA42
:1003F000030C06FA01FE20FA07F426FA07F344EA92
:100400000E0400FA01F84FEA1C404FEA1449B3FB0E
:10041000F0FE1FFA8CF600FB1E3349EA03430EFB85
:1004200006F9994502FA01F20BD91CEB03030EF110
:10043000FF3A80F08580994540F28280AEF1020E4D
:100440006344A3EB0909A4B2B9FBF0F300FB1399D1
:1004500044EA094403FB06F6A64208D91CEB04044F
:1004600003F1FF3068D2A64266D9023B644443EAF6
:100470000E40A41BA0FB02E6B4427346B14652D321
:100480004FD05DB1B8EB030264EB090404FA07F73F
:1004900022FA01F31F43CC40C5E9007400214CE768
:1004A000C2F1200120FA01F30CFA02FC26FA01F154
:1004B000964033434FEA1C471FFA8CFEB1FBF7F01E
:1004C00007FB1016190C41EA064100FB0EF68E429E
:1004D00004FA02F408D91CEB010100F1FF382DD217
:1004E0008E422BD902386144891B9BB2B1FBF7F6CF
:1004F00007FB161143EA014306FB0EF1994208D9A6
:100500001CEB030306F1FF3814D2994212D9023EC4
:1005100063445B1A46EA004136E73946EDE6184681
:1005200002E7F045ADD2BEEB020366EB0C060138E4
:10053000B146A6E74646ECE7034698E74046D3E7D0
:10054000D6467EE76444023847E708460DE7023E98
:1005500063442DE7704700BF80EA0102844612F031
:10056000030F4FD111F0030F32D14DF8044D11F0AC
:10057000040F51F8043B0BD0A3F101329A4312F05F
:10058000803F04BF4CF8043B51F8043B16D100BF38
:1005900051F8044BA3F101329A4312F0803FA4F1C9
:1005A00001320BD14CF8043BA24312F0803F04BF50
:1005B00051F8043B4CF8044BEAD023460CF8013BBD
:1005C00013F0FF0F4FEA3323F8D15DF8044B704767
:1005D00011F0010F06D011F8012B0CF8012B002AA5
:1005E00008BF704711F0020FBFD031F8022B12F094
:1005F000FF0F16BF2CF8022B8CF8002012F47F4F4F
:10060000B3D1704711F8012B0CF8012B002AF9D156
:10061000704700BF30B40478C4B10D78844685B10A
:100620000A462B4602E012F8013F2BB19C42FAD158
:10063000ACEB000030BC70471CF8014F002CEFD130
:10064000F6E71CF8014F002CFBD1F1E72046F1E75B
:100650002DE9F047074649480E46354616F801EBA6
:1006600010F80EC01CF0080CF7D1BEF12D0F5AD0B7
:10067000BEF12B0F03BF96F800E06446AE1C644643
:100680004BB9BEF1300F5CD00A23DFF8F4804FF095
:10069000050A99460AE0102B4AD04FF0FF38B8FB04
:1006A000F3F803FB08FA6FEA0A0A99460025284680
:1006B00005E02CD009FB00C0012516F801EBAEF1D6
:1006C000300CBCF1090F06D9AEF1410CBCF1190F89
:1006D0000BD8AEF1370C634510DDB5F1FF3FECD020
:1006E0004045E6D94FF0FF35E7E7AEF1610CBCF1CC
:1006F000190F03D8AEF1570C6345EEDC6B1C0BD021
:1007000004B140420AB165B91160BDE8F087D44533
:10071000D0DD4FF0FF35D0E722233B602846002A8A
:10072000F3D0711EF0E796F800E00124AE1CA7E7B5
:10073000BEF1300F11D04FF00F0A6FF0704899469C
:10074000B4E7337803F0DF03582B0BD008234FF0C6
:10075000070A6FF060489946A8E7307800F0DF009C
:100760005828E8D14FF0100996F801E04FF00F0A31
:1007700002366FF070484B4698E700BFA9C70008E3
:100780009999991964E700BF10B4044C8446134644
:1007900020685DF8044B0A46614659E708000020CE
:1007A00010B4044C8446134620685DF8044B0A4696
:1007B00061464DE70800002070B50F4B0F4DAB426E
:1007C000A3EB050607D0B610002455F8043B01340E
:1007D0009847A642F9D80BF087FF094D094B5E1BDD
:1007E000AB424FEAA60606D0002455F8043B01347C
:1007F0009847A642F9D870BDE0CF0008E0CF0008C6
:10080000E0CF0008E4CF0008000000000000000076
:1008100000000000000000000000000000000000D8
:1008200000000000000000000000000000000000C8
:1008300000000000000000000000000000000000B8
:1008400030B490F800F020F007016FF0000C10F0C9
:10085000070491F820F040F048804FF000046FF05A
:100860000700D1E9002391F840F000F1080082FA76
:100870004CF2A4FA8CF283FA4CF3A2FA8CF34BBB41
:10088000D1E9022382FA4CF200F10800A4FA8CF2BA
:1008900083FA4CF3A2FA8CF3E3B9D1E9042382FA88
:1008A0004CF200F10800A4FA8CF283FA4CF3A2FA9D
:1008B0008CF37BB9D1E9062301F1200182FA4CF2D5
:1008C00000F10800A4FA8CF283FA4CF3A2FA8CF33C
:1008D000002BC6D0002A04BF04301A4612BAB2FA5E
:1008E00082F200EBD20030BC7047D1E9002304F063
:1008F0000305C4F100004FEAC50514F0040F91F898
:1009000040F00CFA05F562EA05021CBF63EA050334
:1009100062464FF00004AAE7830730B547D0541E63
:10092000002A3ED0CAB2034601E0013C39D303F8A5
:10093000012B9D07F9D1032C2CD9CDB205EB052550
:100940000F2C05EB054535D9A4F1100222F00F0C50
:1009500003F1100EE6444FEA121C1A46C2E9005594
:10096000C2E9025510327245F8D10CF1010214F0BF
:100970000C0F03EB021204F00F0C13D0ACF10403C4
:1009800023F003030433134442F8045B9342FBD186
:100990000CF003042CB1C9B21C4403F8011BA342A0
:1009A000FBD130BD64461346002CF4D1F9E7034671
:1009B0001446C0E71A46A446E0E700BF18B3F0B4F7
:1009C00007468C4617F8015B01E0A54214D01CF8DD
:1009D000014B002CF9D1DDB13E460C4616F8015B07
:1009E00000E063B114F8013B9D42FAD14DB1002300
:1009F0003B701660F0BC704773B13846E0E737468D
:100A0000EAE72E46F5E710680028D8D100207047A5
:100A100015600020F0BC704717600370EAE700BF64
:100A20000123FFF7CBBF00BF014B1868704700BF21
:100A30000800002038B511F0FF040CD00346002553
:100A400001E0431C05462146184600F093FB0028B0
:100A5000F7D1284638BD2146BDE8384000F08ABBB2
:100A6000242B2DE9F84F43D8012B41D0804649482B
:100A70001F468E4675461EF801BB10F80B4014F059
:100A80000804F7D1BBF12D0F6FD0BBF12B0F08BFBE
:100A90009EF800B06FF0004908BF05F1020E73BB6D
:100AA000BBF1300F4BD00A273B460025B9FBF7F6C8
:100AB000284607FB169A05E03AD007FB00C001253F
:100AC0001EF801BBABF1300CBCF1090F06D9ABF13C
:100AD000410CBCF1190F19D8ABF1370C63451EDD81
:100AE000B5F1FF3FECD08642E6D24FF0FF35E7E7A5
:100AF000FFF79AFF162303600020BDE8F88F102B44
:100B0000D3D1BBF1300F23D01F46CEE7ABF1610C40
:100B1000BCF1190F03D8ABF1570C6345E0DC6B1C3B
:100B20002BD054B9002AE8D085BB1160BDE8F88FFE
:100B3000E245C2DA4FF0FF35C2E74042F2E79EF8E5
:100B4000003003F0DF03582B08D008273B46ACE702
:100B50009EF8000000F0DF005828D5D110279EF83D
:100B600001B03B460EF1020E9FE79EF800B04FF039
:100B7000004905F1020E012491E72223C8F8003054
:100B800032B10EF1FF3148461160CFE78146F8E7F8
:100B90004846B2E7A9C7000862E700BF10B4044C9A
:100BA0008446134620685DF8044B0A46614657E7C1
:100BB0000800002010B4044C8446134620685DF8F9
:100BC000044B0A4661464BE708000020844641EA90
:100BD000000313F003036DD1403A41D351F8043BB5
:100BE00040F8043B51F8043B40F8043B51F8043B07
:100BF00040F8043B51F8043B40F8043B51F8043BF7
:100C000040F8043B51F8043B40F8043B51F8043BE6
:100C100040F8043B51F8043B40F8043B51F8043BD6
:100C200040F8043B51F8043B40F8043B51F8043BC6
:100C300040F8043B51F8043B40F8043B51F8043BB6
:100C400040F8043B51F8043B40F8043B51F8043BA6
:100C500040F8043B51F8043B40F8043B403ABDD215
:100C6000303211D351F8043B40F8043B51F8043BB7
:100C700040F8043B51F8043B40F8043B51F8043B76
:100C800040F8043B103AEDD20C3205D351F8043B46
:100C900040F8043B043AF9D2043208D0D2071CBF12
:100CA00011F8013B00F8013B01D30B88038060463B
:100CB000704700BF082A13D38B078DD010F00303B1
:100CC0008AD0C3F10403D21ADB071CBF11F8013B21
:100CD00000F8013B80D331F8023B20F8023B7BE770
:100CE000043AD9D3013A11F8013B00F8013BF9D29B
:100CF0000B7803704B7843708B7883706046704735
:100D000040EA01039B0710B501D1032A17D8844696
:100D100001F1FF3E07E01EF8011F03F8011B541EFE
:100D200029B19C4622466346002AF4D110BD944462
:100D3000002CFBD003F8011B6345FBD110BD8E4690
:100D40008446DEF80040A4F1013323EA040313F0E3
:100D5000803F71460EF1040EDAD1043A032A4CF8B2
:100D6000044BEED87146D3E70000000000000000FD
:100D70000000000000000000000000000000000073
:100D800002780B78012A28BF9A4240F0D8806DE99A
:100D9000044540EA0104CDE902676FF0000C4FEA18
:100DA00044721AB380EA010414F0070F6BD100F00B
:100DB000070420F0070004F0030521F007014FEAC3
:100DC000C505F0E8042314F0040FF1E804670CFAF9
:100DD00005F462EA040266EA04060BD063EA04033F
:100DE000624667EA0407664604E000BFF0E80423B1
:100DF000F1E8046782FA4CF582EA0604A4FA8CF45E
:100E00006CBB83FA4CF583EA0705A5FA8CF595B916
:100E100050E9022351E9026782FA4CF582EA06049E
:100E2000A4FA8CF483FA4CF583EA0705A5FA8CF54D
:100E30002543DBD09CB92DBAB5FA85F424F007041C
:100E400027FA04F1DDE9026723FA04F303F0FF0057
:100E500001F0FF01FDE80445A0EB0100704724BA52
:100E6000B4FA84F424F0070426FA04F1DDE90267F9
:100E700022FA04F202F0FF0001F0FF01FDE8044550
:100E8000A0EB0100704714F0030F3CD110F00304F5
:100E900028D150F8082B51F8083B82FA4CF582EA29
:100EA0000305A5FA8CF55DB950F8042C51F8043C03
:100EB00082FA4CF582EA0305A5FA8CF5002DE8D0FC
:100EC0002DBAB5FA85F424F0070423FA04F122FAC6
:100ED00004F202F0FF0001F0FF01FDE80445A0EB81
:100EE000010070474FEAC40420F0030050F8082BBB
:100EF00021F0030151F8083B0CFA04F462EA040201
:100F000063EA0403C9E710F003041DD0A1EB040158
:100F100020F00300E40750F8042B06D012D28B789F
:100F20005FFAA2F4E41A06D12BB1CB785FFAB2F4DF
:100F3000E41A00D133B920465DF8104B7047A2EB9C
:100F40000300704701F1040150F8042BCC0721F095
:100F5000030151F8043B48D824D222F07F4482FA9E
:100F60004CF594EA1325A5FA8CF50AD165B951F828
:100F7000043B84EA0204B4EB036F0ED150F8042B57
:100F8000EBE74FEA132355E035F07F454DD1087864
:100F9000FDE80445C0F1000070474FEA126203F01B
:100FA000FF0347E002EA1C4482FA4CF594EA134539
:100FB000A5FA8CF50AD165B951F8043B84EA02041C
:100FC000B4EB034F0CD150F8042BEBE74FEA13437B
:100FD00030E015EA1C4528D10B884FEA124229E07F
:100FE0004FEA124203EA1C4324E002F0FF0482FAB3
:100FF0004CF594EA1365A5FA8CF50AD165B951F858
:10100000043B84EA0204B4EB032F09D150F8042B0B
:10101000EBE74FEA13630DE015F0FF0F05D10B6806
:101020004FEA122223F07F4304E04FF00000FDE876
:101030000445704712BA1BBA82FA4CF482EA0304E0
:10104000A4FA8CF5B5FA85F402FA04F203FA04F373
:101050004FEA1260FDE80445A0EB1360704700BF43
:1010600008B410B5002A9DB0044636DB4FF4027375
:10107000ADF814304FF000031B930291069120ABA2
:1010800017D0013A4FF6FF7104920792ADF816108F
:101090001F9A019302A900F0B9F9421C01DA8B23CF
:1010A0002360029B00221A701DB0BDE8104001B001
:1010B00070474FF6FF7104920792ADF816101F9A11
:1010C000019302A900F0A2F9431C01DA8B232360EB
:1010D0001DB0BDE8104001B070478B2303604FF096
:1010E000FF30F5E70CB410B5214B00291C689CB00B
:1010F00038DB4FF000034FF402721B93ADF814205D
:10110000029006901FAB18D001394FF6FF72049180
:101110000791ADF8162002A91E9A0193204600F00F
:1011200075F9421C01DA8B232360029B00221A709E
:101130001CB0BDE8104002B070474FF6FF7204913A
:101140000791ADF8162002A91E9A0193204600F0DF
:101150005DF9431C01DA8B2323601CB0BDE810400D
:1011600002B070478B2323604FF0FF30F5E700BFDC
:101170000800002011F0FF01034600F0030239D0FF
:101180008ABB026810B501EB012E0EEB0E4E8EEA03
:101190000204A2F1013323EA0203A4F1013222EA9C
:1011A0000402134313F0803F0FD150F8044F84EA38
:1011B0000E0CA4F10133ACF1013223EA040322EA5C
:1011C0000C02134313F0803FEFD0037823B936E0CD
:1011D00010F8013F002B32D09942F9D110BD8A425C
:1011E00028D09A0729D01A7818460133002AF6D158
:1011F00010467047CAB90268A2F1013323EA02031C
:1012000013F0803F08D150F8042FA2F1013323EAF4
:10121000020313F0803FF6D003785BB110F8013F72
:10122000002BFBD17047990705D0184613F8012B06
:10123000002AF8D170471846DDE71846A1E718469E
:1012400010BD00BF2DE9F0478F681D46AF420B6807
:101250000C46164636D8B1F90CC01CF4906F0ED16E
:101260003D46184631462A4600F0EEFAA368DF1BD9
:101270002368A7602B4400202360BDE8F0874A69FB
:10128000096902EB42025F1A02EBD2726B1C521028
:101290003B44934292BF914699461A461CF4806F94
:1012A000804611D0114600F0F1F9824600B3216961
:1012B0003A46FFF78BFCA38923F4906343F0800345
:1012C000A38105E02F46CCE700F092FB824658B19F
:1012D0000AEB0703A9EB0707A760C4F810A0C4F83E
:1012E000149023602F46BCE72169404600F04EFA77
:1012F000A3890C2243F04003C8F800204FF0FF30D0
:10130000A381BAE72DE9F04F9368176883B092463E
:10131000002B74D04FF0000B8B680A6881460C4696
:101320005D4645E0B4F90C3013F4906F2CD0D4E94D
:101330000401161A01EB410202EBD272711C521029
:101340002944914292BF904688460A465B0539D5AA
:101350001146484600F09AF9019000283DD03246E7
:101360002169FFF733FCA289019B22F4906242F0CD
:101370008002A2819819A8EB0606A660C4F8148022
:1013800023612060A8462E463246594600F05CFA9A
:10139000DAF80810A3682268A3EB08033244491B5B
:1013A000A3602260CAF8081049B3D7E900B508372E
:1013B00098461046002DF8D09D421E46B2D2A8464F
:1013C0002E46E1E70146484600F012FB034600289E
:1013D000D0D12169484600F0D9F9A3890C2243F005
:1013E0004003C9F800204FF0FF30A3810022002302
:1013F000CAF80820CAF8043003B0BDE8F08F002016
:101400000023CAF8043003B0BDE8F08F2DE9F04F97
:101410001C468B891D069DB088468146934603D5A0
:101420000B69002B00F0F1800023099343F22003A5
:10143000ADF829309BF800307D4D03940126002B38
:1014400073D0DA4603E01AF8013F002B75D0252B44
:10145000F9D1BAEB0B0473D19AF80020002A64D0BA
:1014600000234FF0FF32CDE905230AF1010A04936E
:1014700007938DF853301A9305E0049A06FA03F3A4
:101480001A430492A2465446052214F8011B28462A
:1014900000F05EFAA346431B0028EED1049BD80659
:1014A00044BF20228DF8532019079AF8001044BF3A
:1014B0002B228DF853202A2950D1039A1168043227
:1014C000002903927CDB07919AF801102E295BD04A
:1014D000584C0322204600F03BFA38B1049B001B15
:1014E0004022824013430BF1010B04931BF8011BB4
:1014F00051488DF82810062200F02AFA002865D0FD
:101500004E4B002B55D003AA00924D4B424604A9E6
:101510004846AFF3008007467A1C06D0099B3B443F
:1015200009939BF80030002B8BD1B8F80C305B0688
:101530007AD409981DB0BDE8F08FBAEB0B04F4D053
:1015400023465A4641464846FFF77CFE0130ECD020
:10155000099B9AF80020234409937FE7A1F1300208
:10156000092A88BFD346B1D8079B00E0013421780F
:1015700003EB830302EB4303A1F13002092AF5D9FF
:101580002E290793A346A3D19BF801102A2927D11E
:10159000039B9BF802101A6805920433002A0BF192
:1015A00002000393B8BF4FF0FF338346B8BF0593E3
:1015B0008EE7039B073323F0070308330393ADE75C
:1015C000494243F00203079104937DE703AA009286
:1015D0001B4B424604A9484600F0CEFA07469BE75B
:1015E000A1F130020023092A05930BF1010B3FF60C
:1015F0006FAF1BF8011F03EB830302EB4303A1F161
:101600003002092AF5D9059362E7402100F03EF83F
:10161000C8F80000C8F8100018B14023C8F814300A
:1016200002E70C23C9F800304FF0FF3082E700BF1B
:10163000D4CD0008DCCD0008E0CD0008000000009B
:101640004512000870B5104E336805460C46B3B11C
:101650002146284600F0D6FB431C0CD0C41C24F0C5
:101660000304A04205D0211A284600F0CBFB01302C
:1016700001D0204670BD4FF0FF34204670BD1946A2
:1016800000F0C0FB3060E3E7300200202DE9F843B2
:10169000CD1C25F0030508350C2D38BF0C25002D79
:1016A000064618DBA94216D8DFF8DC8000F0A6FB5E
:1016B000D8F80420A2B1144603E0636822467BB147
:1016C0001C4623685B1BF8D40B2B1FD8944263681D
:1016D00054D053600CE00C2333600020BDE8F88345
:1016E00029463046FFF7AEFF431C044619D005607B
:1016F000304600F085FB04F10B00231D20F00700AD
:10170000C21A1CBF1B1AA350BDE8F883611994428A
:10171000256014BF5160C8F80410635163684B60C2
:10172000E6E7D8F804701FB33C467F68002FFBD172
:1017300023683946304604EB030900F063FB81451A
:1017400016D12368ED1A29463046FFF77BFF01309A
:101750000ED02368D8F804202B442360536883B14B
:10176000A34203D01A465B689C42FBD10023B0E73A
:101770000C233360304600F043FBAEE7C8F804307A
:10178000B6E7C8F80470B3E730020020002950D053
:1017900038B551F8043C0C1F002BB8BFE4180546BF
:1017A00000F02CFB274A13682BB1A3420CD9216807
:1017B000601883422CD0636028461460BDE838402E
:1017C00000F01EBBA3420FD81A465B68002BF9D16C
:1017D00011685018844217D02CD363605460284697
:1017E000BDE8384000F00CBB11685018A04214D07E
:1017F00020D8216860188342EFD118685B680844DC
:10180000C4E900035460EAE723680B441360E6E789
:1018100018685B6808442060CDE7206801445018D0
:1018200083421160DBD1D3E900040144C2E9001412
:10183000D5E770470C232B602846BDE8384000F000
:10184000DFBA00BF3402002088420ED98B188342D1
:101850000BD900EB020C002A6ED0624613F801CDC2
:1018600002F801CD9942F9D170470F2A0FD80346EB
:1018700002F1FF3C002A5FD00CF1010C013B8C44CB
:1018800011F8012B03F8012F6145F9D1704740EAA7
:1018900001039B0751D1A2F1100370B501F1200C97
:1018A00023F00F0501F1100E00F11004AC441B09E8
:1018B0005EF8105C44F8105C5EF80C5C44F80C5C5C
:1018C0005EF8085C44F8085C5EF8045C44F8045C6C
:1018D0000EF1100EE64504F11004E9D1013312F0C7
:1018E0000C0F01EB031102F00F0400EB031328D0DF
:1018F000043C24F003064FEA940C1E441C1F8E4641
:101900005EF8045B44F8045FB442F9D10CF10104C1
:1019100002F0030203EB840301EB840102F1FF3CBC
:101920004AB10CF1010C013B8C4411F8012B03F876
:10193000012F6145F9D170BD704702F1FF3C0346AC
:101940009AE72246EAE700BF00000000000000001E
:1019500001F0FF01102A2BDB10F0070F08D010F860
:10196000013B013A8B422DD010F0070F42B3F6D164
:10197000F0B441EA012141EA014122F007047FF07D
:1019800000070023F0E80256083C85EA010586EAD4
:10199000010685FA47F5A3FA87F586FA47F6A5FA10
:1019A00087F68EB9EED1F0BC01F0FF0102F007021C
:1019B00032B110F8013B013A83EA010313B1F8D1C7
:1019C0000020704701387047002D06BF35460338A8
:1019D000073815F0010F07D1013015F4807F02BFE1
:1019E000013015F4C03F0130F0BC0138704700BF32
:1019F0002DE9F041144641B30AB306460D4600F006
:101A000013FA8442074602D8B4EB500F13D821468C
:101A10003046FFF73BFE804650B1BC422246294685
:101A200028BF3A46FFF7D2F829463046FFF7AEFE08
:101A30004046BDE8F081A8464046BDE8F081A0469A
:101A4000FFF7A4FE4046BDE8F081BDE8F041114635
:101A5000FFF71CBE2DE9F84F92461F460A698B68B6
:101A6000DDF828909A42B8BF1A46CAF8002091F8CB
:101A700043300C46064613B10132CAF800202268F2
:101A800091065FD5DAF800300233CAF800302268D8
:101A900012F0060F11461DD1E1689942D8BF1146D8
:101AA00018DD4FF0000804F1190B05E0E568DAF8DD
:101AB0000030ED1A45450CDD01235A4639463046C3
:101AC000C847013008F10108F0D14FF0FF30BDE800
:101AD000F88F216894F84330003B18BF01238A0631
:101AE0000AD5E1185A1C302081F84300224494F8AA
:101AF000451082F84310023304F143023946304660
:101B0000C8470130E1D02368DAF80050216903F0BA
:101B10000603042BD4E902201BD08A4220DD4FF0BB
:101B20000008521A90441A34002501E0454517DA9E
:101B30000123224639463046C847013005F10105E8
:101B4000F4D1C2E712F0060F0DD0003B18BF0123FD
:101B5000D2E7401B8A4220EAE078E2DC0028E2DC9F
:101B60000020BDE8F88FE168DAF800309942D8BF6C
:101B7000114696DCAEE700BF2DE9F047174684B06A
:101B80000A7E0C9D0C460646984601F1430C002A3D
:101B900035D0A2F15803D9B2202969D8202B67D8B3
:101BA000DFE813F0E6006600660066006600660087
:101BB00066006600660066006600AC0070006600A5
:101BC00066006600660070006600660066006600DB
:101BD00021008300C60066006600B6006600830030
:101BE00066006600EC002B6822686169181D286099
:101BF00010061B6802D4520600F1E0801960002331
:101C0000E1462361CDF800803B4603AA21463046D9
:101C1000FFF720FF013020D023694A46394630467D
:101C2000C047013019D02368E068DDF80C909B07AD
:101C300018D5484516DD002504F1190A04E0E068CE
:101C4000A0EB0903AB420DDD012352463946304675
:101C5000C047013005F10105F1D14FF0FF3004B06C
:101C6000BDE8F0874845B8BF484604B0BDE8F087F6
:101C700084F84220012004F142090023206184F805
:101C80004330BFE72A682368111D1806296002D473
:101C9000590600F195801068014600286268C0F27C
:101CA000938054484FF00A0E15E020682B6810F01E
:101CB000800F53F8041B02D1400648BF89B26F2A37
:101CC0004C482B6014BF4FF00A0E4FF0080E002353
:101CD000626884F84330002AA26051DB236823F055
:101CE0000403236000294BD1002A7BD1E146BEF1D9
:101CF000080F56D0ACEB0903236183E72B681A6801
:101D000004332B6004F1420984F842200120B4E737
:101D10002B686268191D2960D3F80090002148469D
:101D2000FFF716FE002863D0A0EB09006060A4E76F
:101D3000236843F02003236078222F4884F845204D
:101D40002A6813F0800F52F8041B03D113F0400FE0
:101D500018BF89B22A60DA0744BF43F0200323602A
:101D600019B9236823F0200323604FF0100EAEE76B
:101D7000582384F845301F482368E1E72368DBE7F0
:101D80007546E146B1FBF5F305FB131A0A46AA4274
:101D900010F80A1009F8011D1946F3D2BEF1080F18
:101DA000A8D12368DD07A5D5626823699A42A1DC22
:101DB000302309F8013C09F1FF399BE719801EE740
:101DC000B2F90010084668E72D20002AA26084F8C6
:101DD000430002DB23F0040323600A25054849423F
:101DE000AE46CEE7037884F8423004F142097EE73C
:101DF000606842E7E8CD0008FCCD0008704700BFEE
:101E0000704700BF38B5074D0022044608462A60D7
:101E100001F068FA431C00D038BD2B68002BFBD0C2
:101E2000236038BD3802002051F8043C181F002BF5
:101E3000BCBF0B58C0187047D458C4500433C418E2
:101E40008C42F9D37047036004308842FBD370475B
:101E50000C48854600F03CF90B480C490C4A00231D
:101E6000FFF7EDFF0B480C490023FFF7EEFF0B488F
:101E70000B490023FFF7E9FFFEF79EFC00F0FAF89C
:101E8000FEE700000000032008000020A40000205E
:101E9000E8CF0008D8000020E8150020E401032066
:101EA000670A0320FEE784B04FF0B043DA6C42F0DB
:101EB0000402DA64DA6C02F004020392039ADA6C28
:101EC00042F00102DA64DA6C02F001020292029A34
:101ED000DA6C42F00202DA64DB6C03F00203019375
:101EE000019B04B07047000008B50348034B036032
:101EF00005F066FC08BD00BF5C040020000C005823
:101F000000B585B04FF0B0439A6C42F004029A6479
:101F10009A6C02F004020392039A9A6C42F0010256
:101F20009A649A6C02F001020292029A9A6C42F050
:101F300002029A649B6C03F002030193019B00224E
:101F40000F210E2004F0A6FF0E2004F0B3FF0022A4
:101F50000F213A2004F09EFF3A2004F0ABFF05B0B9
:101F60005DF804FB38B50B4C0B4B23600025656016
:101F70000F23A36047F6FF73E3602561A561E56168
:101F80006561204606F00AFD2A462946204606F0ED
:101F90005BFD38BD3C0200200028004008B5044825
:101FA000044B03600023436006F086FC08BD00BFBD
:101FB000600200200010005830B59BB0482200217C
:101FC00008A8FEF7A9FC0024019402940394049449
:101FD00005940694079405F04DFC4FF0B042D2F8FA
:101FE000903023F01803C2F8903002F58062136835
:101FF00023F4C06343F400731360136803F4C063F5
:102000000093009B472308934FF4803309930125E5
:102010000A954FF480730B93129540230C931394FD
:1020200008A805F02DFD6F2301930223029303946A
:102030000494059406940794294601A806F0ACF888
:102040001BB030BD00B595B0502200216846FEF7A8
:1020500063FC4FF4405300934FF4804311930223E9
:10206000129310231393684606F0ADFA15B05DF88D
:1020700004FB000010B504F05BFE00F0ABFAFFF7C4
:102080009BFFFFF7DFFFFFF72FFFFFF70CFFFFF7C7
:1020900037FFFFF767FFFFF781FF01F035FB04F023
:1020A000B3F900F0B3FA04F065FE044600F0C4FA98
:1020B00004F060FE001B0028F8DD013404F08AFB08
:1020C000014805F0D1FBF3E7C0060020704700008F
:1020D000164B00219960D3F8882042F47002C3F8AF
:1020E00088204FF0B0431A6842F001021A604FF4A2
:1020F000E0229A601868A2F1A262A2F205120240E0
:102100001A60D3F8942022F00502C3F89420D3F883
:10211000982022F00102C3F89820054ADA601A617B
:102120001A6822F480221A609961704700ED00E07D
:102130000010042200B583B04FF0B0431A6D42F492
:1021400000221A651B6D03F400230193019B0022FA
:1021500011462E2004F09EFE2E2004F0ABFE03B0AC
:102160005DF804FB0268124B9A4200D0704700B53C
:1021700083B04FF0B0431A6D42F480121A651B6DA4
:1021800003F480130193019B002211462C2004F0DC
:1021900081FE2C2004F08EFE002211462D2004F03A
:1021A00079FE2D2004F086FE03B05DF804FB00BF2D
:1021B000000C005810B596B004465022002102A829
:1021C000FEF7AAFB22680F4B9A4201D016B010BD51
:1021D0004FF4007302934FF08053109302A806F05F
:1021E000F2F958B94FF0B0431A6D42F480221A65E3
:1021F0001B6D03F480230193019BE7E7FFF766FF64
:10220000F0E700BF0010005810B596B00446502209
:10221000002102A8FEF780FB2268174B9A4201D0EA
:1022200016B010BD4FF4006302934FF48073129305
:1022300002A806F0C8F9E0B94FF0B043D3F89020F7
:1022400042F40042C3F890209A6D42F480629A658D
:102250009B6D03F480630193019B002211460320D0
:1022600004F018FE032004F025FE204606F082FC50
:10227000D6E7FFF72BFFDFE7002800407047FEE7B7
:10228000FEE7FEE7FEE770477047704708B504F0C9
:1022900065FD08BD08B500F061FE08BD08B502483F
:1022A00004F0CBFF08BD00BFD402002008B50248EF
:1022B00007F04CFE08BD00BF3403002008B50248FB
:1022C00007F044FE08BD00BFC803002008B501F0B8
:1022D00095FF08BD08B501F025FF08BD08B505F05C
:1022E00043FA08BD08B5024804F0A7FF08BD00BFC7
:1022F0007402002008B5102005F026FA08BD08B5C4
:10230000012005F021FA08BD08B5022005F01CFAED
:1023100008BD000082B04FF0B0431A6D42F4801245
:102320001A651B6D03F480130193019B0A4B3F2236
:102330009A609A615A6842F47C125A605A6942F46F
:102340007C125A615A6842F03F025A605A6942F060
:102350003F025A6102B07047000C0058054BCA2278
:102360005A6253225A629A6822F007029A60FF2248
:102370005A62704700280040704708B54FF0B043DC
:10238000D3F8943013F0806F18D04FF0B043D3F8E7
:10239000943013F0805F11D105F06CFA05F06AFA01
:1023A0004FF0B043D3F8902042F48032C3F890202D
:1023B000D3F8902022F48032C3F8902008BD08B5ED
:1023C000FFF7DBFFFFF7A6FF08BD000008B5002000
:1023D00009F0A2FC68B181794FF0B042054BC2F818
:1023E0009C30D2F89C3023F47C5343EA0123C2F89A
:1023F0009C3008BDFECAFECA08B54FF0B0429368D3
:1024000043F40043936008F00DFF054AD2F8803092
:1024100023F0070343F00403C2F8803008BD00BF77
:102420000004005808B5034B01220349002000F0C6
:1024300007FE08BDA12400089C05002008B511492D
:102440001148FEF79DFC78B110490F48FEF798FC43
:1024500080B10F490C48FEF793FC50B90D480E4B64
:10246000036004F04CFF04E00A480C4B036004F0E6
:1024700046FF08BD07484FF0B053036004F03FFF2C
:10248000F7E700BF2CC900089C04002030C90008F1
:1024900034C90008A405002001000016040000163D
:1024A00008B50F4B1B88FF2B08D80E4A12780D2A4F
:1024B0000BD0581C0A4908800B49CA540B4B012207
:1024C0000849002000F0BCFD08BDFFF7B7FF002160
:1024D000034B19804FF480720348FEF71DFAEDE7B5
:1024E000980400209C0500209C040020A1240008E2
:1024F00000B589B009F078F80E4A0021202009F0D3
:1025000045F80D4B00930D4B019369460C4809F0BB
:102510006DFB0C4B02930C4B03930C4B049340F25A
:102520003C53059302A809F033F909F059F809B0B2
:102530005DF804FB11BC0008FC03032079230008AC
:10254000B1250008E4010320F00203200805032060
:1025500000B585B000230093019302930393436871
:102560005B7B23B1012B1ED005B05DF804FB00F0AE
:102570004DF90F238DF800307F238DF802300B4A80
:1025800013681B0CADF80C301368C3F30B03ADF8E4
:102590000E30684609F072F901F0FCFA00210120C2
:1025A00008F04AFEE0E700230370DDE7002004E0C6
:1025B0004368B3F80B30B3F5124F00D0704710B535
:1025C00084B00446684609F067F92046FFF7C0FF6B
:1025D00004B010BD08B5044B4FF400421A61FFF778
:1025E000EEFEFFF7F3FE08BD00400058034AD2F8A4
:1025F000903043F05003C2F8903070470008005804
:1026000008B5FFF7F3FFFFF7A9FE08BD08B5FFF710
:10261000F7FFFFF7F1FE0749002000F00BFB00F089
:10262000E3F80121084608F007FEFFF7FBFEFFF77D
:102630005FFF08BD3C02002008B54FF0FF3008F0F6
:102640007DFE08BD08B508F00DFE08BD08B50021E7
:10265000202008F02BFE08BD08B5022008F054FE2B
:1026600008BD08B5022008F065FF08BD08B50228BE
:1026700009D0102804D0012804D101F0BBFB01E0EF
:1026800001F0B4FB08BD01F0B6FBFBE770B58CB000
:1026900000230793089309930A930B931C461D4646
:1026A0001E4606E04D4A02EBC302928815430133F1
:1026B000DBB2252B1ED8494A02EBC3029279002ACD
:1026C000F5D0464A52F8332045488242EAD000F518
:1026D0008060824208D0B2F1904FE8D13F4A02EBCD
:1026E000C30292881643E2E73C4A02EBC302928897
:1026F0001443DCE70123089303230A9326B93DBB67
:10270000002C48D10CB070BD07964FF0B043DA6C86
:1027100042F00102DA64DA6C02F001020292029ADB
:10272000D3F84C2142F00102C3F84C21D3F84C31CC
:1027300003F001030193019B07A94FF0904004F0BF
:102740001DFF002231464FF0904004F0F8FFD6E71D
:1027500007954FF0B043DA6C42F00202DA64DA6CAB
:1027600002F002020492049AD3F84C2142F00202D1
:10277000C3F84C21D3F84C3103F002030393039BBD
:10278000174E07A9304604F0F9FE002229463046CC
:1027900004F0D5FFB4E707944FF0B043DA6C42F091
:1027A0000402DA64DA6C02F004020692069AD3F8A4
:1027B0004C2142F00402C3F84C21D3F84C3103F011
:1027C00004030593059B074D07A9284604F0D6FE90
:1027D00000222146284604F0B2FF93E710CE0008FD
:1027E000000400480008004808B504F0DDFA04F0D1
:1027F000E3FA054AD2F8903043F48033C2F89030BF
:10280000FFF744FF08BD00BF0008005810B588B0AE
:102810000DF1040C094C0FCCACE80F0094E8070054
:10282000ACE803002CF8022B120C8CF8002008F006
:10283000E1FF01A809F013F808B010BD38C700087F
:10284000064A936A9BB2906A80B203E0034B9A6A8D
:10285000034690B28342F9D1704700BF0028004080
:1028600001EB41020D4B03EBC2035B7DDBB2062B98
:1028700005D003EB430C094A02EBCC021075074A62
:1028800000EB400C02EBCC0C8CF815308CF81410DB
:1028900001EB410102EBC10250757047BC050020FD
:1028A000174B1B78DBB28B421DD0164B01EB41025C
:1028B00003EBC202127D5FFA82FC02EB420203EBE1
:1028C000C202507500EB400203EBC202517500EBEF
:1028D000400203EBC20282F814C001EB410103EB9A
:1028E000C10318757047074B00EB400203EBC202AF
:1028F000517501EB410103EBC1031875704700BF2F
:10290000B9050020BC05002010B4234B1B78DBB2B6
:1029100083422CD0214C00EB400204EBC20292F81F
:1029200014C0537DDBB2527DD2B20CEB4C0C04EBE5
:10293000CC046275062B0BD0184A00EB400402EB66
:10294000C404247DE4B203EB430302EBC302147519
:1029500000EB4000114B03EBC00301221A730E4B36
:102960001B78DBB2062B10D05DF8044B70470A4C85
:102970002378DBB20A4A137000EB4002074B03EBEB
:10298000C2035B7DDBB22370E2E70029ECD1054B8B
:102990004FF0FF321A60E7E7B9050020BC050020C0
:1029A000B8050020B405002008B5104B1B68B3F132
:1029B000FF3F02D1002080B208BDFFF741FF0B4B63
:1029C0001B6883420AD3094B1B681B1A084A1078FC
:1029D00003FB00F0074B1B78D840ECE7064B1A8846
:1029E000121A024B1B681344F0E700BFB405002025
:1029F000B0050020B1050020AE05002070B50446EA
:102A0000314B1B78DBB2062B13D12F4A1378DBB284
:102A10002E490B70107000EB40042D4B03EBC404E7
:102A2000062363752B4B4FF0FF321A6000252846B2
:102A300070BDFFF7B9FF0546254B04EB440203EBDD
:102A4000C20291680144916004EB440203EBC202AC
:102A500090681D4A127802EB420203EBC2039B68A6
:102A6000834225D8184B1B78D9B203EB4303184A8D
:102A700002EBC3035B7DDBB20CE0154A01EB4101C5
:102A800002EBC1014B7DD9B203EB430302EBC3025E
:102A9000537DDBB2062B07D003EB43030C4A02EB5A
:102AA000C3039B688342E8D92046FFF7D9FEBEE7FF
:102AB000054E31782046FFF7F3FE3378DBB2034A48
:102AC00013703470B3E700BFB9050020B8050020CB
:102AD000BC050020B405002010B548B30446012809
:102AE0002ED9013CA4B2194B1B68DA6812F0040F0E
:102AF000F9D0DA68D2B262F49062DA60144B4FF423
:102B00000022DA60032004F0FFF9124A53696FF3E0
:102B10000F031C435461FFF793FE0F4B18600B4BE0
:102B20001A68936843F480639360AFF3008010BD2C
:102B3000FFF786FE084B1860032004F0D7F9F6E78C
:102B4000064B1B78012BCCD1CDE700BF3C02002007
:102B50000008005800280040B4050020B1050020FE
:102B600038B52E4B9B6813F4806F05D02C4B1B6837
:102B7000DB6813F0040FF9D1294B1A68936823F42A
:102B800080639360274B1B78DCB203EB4303264A38
:102B900002EBC3039D68FFF707FF8446A84204D9F0
:102BA000224B01221A70002024E0214B1B8810FACE
:102BB00083F3AB4206D21E4B188880B21B4B002217
:102BC0001A7017E0A8B2A0EB0C0080B2174B0122DC
:102BD0001A700FE004EB4404134A02EBC404A26829
:102BE000A2EB0C02A26003EB43030F4A02EBC30308
:102BF0005C7DE4B2062C0ED0234604EB44010A4A65
:102C000002EBC10292689445E4D9074A02EBC10481
:102C10000022A260E7E7FFF75FFF38BD0028004011
:102C20003C020020B9050020BC050020B2050020B0
:102C3000AC05002010B5484B1B68CA225A625322CB
:102C40005A62464B9A6842F020029A609A6802F0F3
:102C50000702C2F10402D2B241490A701B6903F4AF
:102C6000FE034FF4FE0191FAA1F1002931D0B1FA2F
:102C700081F1CB40DBB20133DBB23A490B7037490B
:102C80000969C1F30E010131374C2180013901FB83
:102C900003F3A3F5A073D3404FF6FE7293421AD903
:102CA000324B4FF6FF721A80314B1A6842F4002201
:102CB0001A60D3F8802042F40022C3F88020002854
:102CC0003FD12C4B01221A702B4B4FF0FF321A6070
:102CD0000EE02021CDE79BB2244A1380E4E700EB0D
:102CE0004002264B03EBC20300221A730130C0B22C
:102CF0000528F4D9224B06221A70174C22689368D3
:102D000023F480639360D368DBB263F49063D36091
:102D1000174B4FF40022DA60032004F0F5F8226824
:102D2000936843F4804393600B4B1B68FF225A6205
:102D300000220321084604F0ADF8032004F0BAF89D
:102D400010BD054B1B68DB6813F4806FECD00320CB
:102D500004F0CCF8E8E700BF3C0200200028004067
:102D6000B1050020B0050020AE050020AC05002014
:102D700000080058B2050020B4050020BC05002062
:102D8000B9050020F0B5EFF3108572B64FF0000CD6
:102D9000BCF1050F0CD80CEB4C0E154C04EBCE0E11
:102DA0009EF80C4024B10CF1010C5FFA8CFCEFE7AB
:102DB000BCF1060F17D00E4E4FEA4C040CEB4C0E34
:102DC00006EBCE0E01278EF80C7085F31088CEF836
:102DD00010008EF80D2004EB0C02D200B35081F8E5
:102DE00000C00020F0BD85F310880120FAE700BF85
:102DF000BC05002038B50446EFF3108572B60320F9
:102E000004F05CF8254B1B68CA225A6253225A62AE
:102E100004EB4402224B03EBC2031B7BDBB2022B0D
:102E200009D01E4B1B68FF225A62032004F042F8AF
:102E300085F3108838BD00212046FFF765FD194B4A
:102E40001B78DBB2062B07D0174A1278D2B29A420F
:102E5000E7D0FFF785FEE4E7144B9B6813F4806F1F
:102E600005D00E4B1B68DB6813F0040FF9D10B4B38
:102E70001A68936823F480639360D36813F0040F97
:102E8000FBD0D368DBB263F49063D360084B4FF49C
:102E90000022DA60032004F037F8C2E73C02002089
:102EA000BC050020B9050020B8050020002800401E
:102EB0000008005870B504460D4600EB4002214B57
:102EC00003EBC2031B7BDBB2022B35D0EFF3108682
:102ED00072B6032003F0F2FF1B4B1B68CA225A6232
:102EE00053225A6204EB4402164B03EBC203022244
:102EF0001A739D605D602046FFF780FD134B1B78C1
:102F0000DBB2134A1278D2B29A4218D10D4B04EBBD
:102F1000440203EBC2029268121A04EB440403EB6E
:102F2000C4039A60084B1B68FF225A62032003F017
:102F3000C1FF86F3108870BDFFF75CFFC6E7FFF79F
:102F40000FFEEFE7BC0500203C020020B905002081
:102F5000B805002008B5904708BD0000F8B5EFF3AC
:102F6000108572B6314B1B68CA225A6253225A62CC
:102F70009A6822F480629A602D4A1478E4B204EBD5
:102F80004402D1002B4A0A44127BD2B2022A13D047
:102F9000DA6812F0040FFBD0DA68D2B262F4906201
:102FA000DA60254B4FF40022DA6085F310881F4B5E
:102FB0001B68FF225A62F8BD1E4A04EB4401CB0095
:102FC000D118D7580E691D4B1B7853B34B7BDBB21E
:102FD000012B10D085F310882046FFF70BFF134B11
:102FE0001B68CA225A6253225A623A462146304628
:102FF000FFF7B0FFDBE701212046FFF785FC85F3F3
:10300000108804EB4403DA000A4B13445968204645
:10301000FFF750FF054B1B68CA225A6253225A62BF
:10302000E3E7FFF79DFD85F31088C0E73C02002031
:10303000B9050020BC05002000080058B20500209A
:1030400008B548B102280ED1074803600748084B6D
:10305000036007F06BFC06E0064803600648074B78
:10306000036007F063FC08BD50060020C803002081
:103070000080004058060020340300200038014042
:1030800008B50368084A934208D002F538429342D3
:1030900003D1064B1B6803B1984708BD044B1B685E
:1030A000002BFAD09847F8E700800040580600202F
:1030B0005006002008B50368084A934208D002F57C
:1030C0003842934203D1064B1B6803B1984708BDB1
:1030D000044B1B68002BFAD09847F8E700800040AB
:1030E000540600204C060020244B4FF480621A61E5
:1030F00001E000233BB1214BD3F88C20204B9A42B6
:10310000F7D00123F6E74FF0B0439B6803F00C03C0
:10311000042B04D0194B4FF48062DA6070474FF0F3
:10312000B042136843F48033136002F580421368A1
:1031300023F0070343F001031360124B1A6802F0F7
:103140000702012AF9D100E03BB94FF0B0431B68F8
:1031500013F40033F8D01346F6E74FF0B04293680B
:1031600023F0030343F0020393604FF0B0439B68E6
:1031700003F00C03082BF8D1CCE700BF0014005873
:1031800000040080004000584FF0B042136843F440
:103190008073136000E03BB94FF0B0431B6813F439
:1031A0008063F8D00123F6E74FF0B042936823F034
:1031B000030343F001039360536A23F00303536254
:1031C0004FF0B0439B6803F00C03042BF8D1704719
:1031D00008B501E000233BB1184BD3F88C20184B05
:1031E0009A42F7D00123F6E7144BD3F89020144B02
:1031F0009A420BD0FFF7C8FF124A136823F0070367
:1032000013600E4B4FF48062DA6008BD0E4BD3F8AA
:10321000883013F4004F05D10B4BD3F8883013F4EA
:10322000806FEED0054B4FF480621A61FFF7ACFF60
:10323000044A136823F007031360E2E70014005800
:1032400000040080004000580004005808B503F056
:103250009DFDFFF7BDFF084A1F239361136823F00C
:10326000070343F003031360044A136943F00403A4
:10327000136130BF08BD00BF0004005800ED00E03E
:1032800008B503F083FDFFF7A3FF074A136823F097
:10329000070343F002031360044A136943F0040375
:1032A000136130BF08BD00BF0004005800ED00E00E
:1032B00008B503F06BFD034A136923F0040313619F
:1032C00030BF08BD00ED00E008B503F066FD08BDA5
:1032D00008B5FFF709FF03F060FD08BD08B503F06E
:1032E0005CFD08BD10B503460C4A0D490D48006849
:1032F00040B10C4800680344521A934206D8094A68
:10330000136010BD0748084C0460F2E7FDF78CFB22
:103310000C2303604FF0FF30F3E700BF00000320F1
:10332000001000005C060020E8150020F0B589B010
:103330000024039404940594069407944FF0B0433A
:10334000DA6C42F00102DA64DA6C02F001020292F5
:10335000029ADA6C42F00202DA64DA6C02F00202DB
:103360000192019ADA6C42F01002DA64DB6C03F02D
:1033700010030093009B224606214FF0904004F07A
:10338000DEF9324E22464FF40871304604F0D7F988
:103390002F4F01221021384604F0D1F90623039360
:1033A000012504950594069403A94FF0904004F07C
:1033B000E5F84FF40873039303A9304604F0DEF8F0
:1033C0001023039303A9384604F0D8F81C23039371
:1033D00004940227059703A9304604F0CFF84FF470
:1033E00080630393059503A94FF0904004F0C6F85D
:1033F000F823039303230493059403A94FF090400B
:1034000004F0BCF8039503A9304604F0B7F803951F
:10341000049705940697079503A94FF0904004F090
:10342000ADF84FF4007303930497079503A94FF089
:10343000904004F0A3F84FF480730393079503A919
:10344000304604F09BF809B0F0BD00BF000400480E
:103450000010004830B58FB00024089409940A94F5
:103460000B940C940D940DF1080C414D0FCDACE86C
:103470000F0095E803008CE803004FF0B043DA6CCE
:1034800042F40052DA64DA6C02F400520192019ABA
:103490009A6C42F001029A649B6C03F00103009362
:1034A000009B3448344B0360052343608460C46050
:1034B000802303614FF4807343614FF48063836121
:1034C0002023C3614FF40053036203F08DFD50BB12
:1034D0002A482B4B03604FF4002343600023836092
:1034E000C360012202610821416103764276062110
:1034F000C16180F820308362C36280F830204FF4CD
:103500008052426380F838301A4BC364986207F0E7
:1035100065FA58B906230A937F230B9304230C936F
:1035200000240D9406E0FEF7D1FDD1E7FEF7CEFDB5
:10353000F0E70134052C10D80EAB03EB840353F8ED
:10354000303C0893A31D099308A90C4807F08CFB95
:103550000028EED0FEF7BAFDEBE7002203210B2096
:1035600003F098FC0B2003F0A5FC0FB030BD00BFAA
:1035700054C70008600600200800024068070020C9
:103580000000045030B59FB000241A941B941C9482
:103590001D941394149415941694179418941994D4
:1035A0001094119412943422214603A8FDF7B4F923
:1035B0004FF0B0431A6E42F400621A661A6E02F4BB
:1035C00000620292029A9A6D42F001029A659B6D26
:1035D00003F001030193019B48484FF080430360CF
:1035E0000723436084604FF0FF33C360046184614C
:1035F00005F0C0FD18B9414805F05CFD08B1FEF7C3
:1036000065FD02231A9301231B9300221C920423BD
:103610001D931AA9394805F025FF00285AD1002327
:103620001393149315931793042213A9334805F0A9
:103630000DFE30B9082213A9304805F007FE002816
:103640004BD0FEF743FD002201211C2003F022FC99
:103650001C2003F02FFC2A482A4B03600023436000
:10366000836040F23F12C26003614361836105F0F1
:1036700051FD002839D10024109411941294204D4A
:1036800010A9284606F09AFB60231393149415940E
:103690001694179418941994042213A9284605F037
:1036A00012FE28BB00230393049305931A2206926B
:1036B00007934FF40052089209930B934FF0007256
:1036C0000C920D930F9303A90D4806F0ABFB90B934
:1036D0001FB030BDFEF7FAFCA1E70C2213A9074882
:1036E00005F0B4FD0028AED0ABE7FEF7EFFCC2E773
:1036F000FEF7ECFCD6E7FEF7E9FCE9E7D006002090
:103700001C070020002C014008B5FFF70FFEFFF753
:10371000A1FEFFF737FF0948094B0360042343600C
:103720004FF47A73836040F6FF73C36004F066F869
:1037300000B908BDFEF7CAFCFBE700BFC0060020C9
:103740000030004008B5024805F0BAFB08BD00BFD4
:10375000D006002008B5024BD86C03F06EFD08BD02
:103760006807002038B502680C4B9A4201D000204F
:1037700038BD0446D0F8545540F2545100F0FEFED6
:10378000854201D00020F3E704F1080001F08AF837
:1037900008B90120ECE70020EAE700BF50414D37AF
:1037A00038B505461048FFF7DDFF04460F48FFF720
:1037B000D9FF54B9B8B174B10B4B5B680B4A52686E
:1037C0009B1A002B05DD084906E00028F3D10649C5
:1037D00002E0064900E0054940F24C520831284613
:1037E000FDF7F4F9012038BD00E0070800F00708F4
:1037F000F0B585B004464148FFF7B4FF05464048A0
:10380000FFF7B0FF06464FF0FF330393002300930A
:1038100001930293204601F045F800286AD11DB9B2
:103820001EB9364D012714E066B1002D36D0334B5A
:103830005B68334A52689B1A002B01DD2F4B02E074
:103840002F4B00E02D4B5F6801372C4A934227D065
:103850002A4D2C4E4FF4AB62FF213046FDF75CF849
:10386000294B3360776040F24C52214606F1080044
:10387000FDF7ACF940F25451304600F07FFEC6F837
:1038800054050223009305F178431B0B0193012398
:10389000029303F053FD28B100202CE0184BD2E72F
:1038A000174DD6E703A9684603F02EFE064608B971
:1038B000002403E003F05AFD16E00134AA2C0CD8D2
:1038C000104B03EBC403D3E9002305EBC401012033
:1038D00003F0A0FD06460028EFD003F047FD1EB917
:1038E000039BB3F1FF3F01D0002004E02846FFF71F
:1038F00039FF00E0002005B0F0BD00BF00E0070880
:1039000000F00708D007002050414D3708B50122CC
:103910001021024803F013FF08BD00BF001000484B
:1039200008B50021012007F0C1FC08BD08B501223F
:103930001021084803F003FF074B93F87430052B60
:1039400000D108BD08F043FA034B002283F874202D
:10395000F7E700BF00100048300D002000B583B02D
:10396000054B0093054B01936946054808F028F87C
:1039700003B05DF804FB00BF280003209F39000856
:103980008539000810B504464068083008F082FE0A
:1039900010B10123237010BD00232370FBE708B58D
:1039A00028B1012806D11F2007F0A2FC02E01F2049
:1039B00007F090FC08BD000008B50F4BD3F8802538
:1039C000B2F1FF3F10D0D3F884350C480270C2F337
:1039D000072242708370C3F30722C270C3F3074209
:1039E00002711B0E437108BD002008F095F90028F4
:1039F000F9D10348F7E700BF0070FF1FA80D0020B2
:103A000088CF000830B589B00024ADF8184008F020
:103A100074FDFFF7D1FF054602460621204608F057
:103A2000ECFC6A792E4B1A722A795A72EA789A72E9
:103A3000AA78DA726A781A732A785A73294A102196
:103A4000182008F0DAFC284A1021082008F0D5FCDC
:103A50001821012008F001FD08F0A0FB0DF11A0368
:103A6000019307AB00930DF11E030C2221460120A8
:103A700008F0B7FA1D4B00930C232246BDF81C102A
:103A8000BDF81E0008F05CFC06AB00930223224642
:103A9000BDF81A10BDF81E0008F052FC01221146B4
:103AA000204608F07CFD124D0320287008F00AFA29
:103AB0006C700823EB7010212971AC70049403948E
:103AC000012202920191009323462146204608F0EC
:103AD0001FFAAB780BB909B030BD08F0EEFAFAE77F
:103AE0005C00002078CF000868CF000838C90008C3
:103AF000300D002070B588B00446012828D04FF45E
:103B00007A664FF4C8651D4B93F87500FFF772F99C
:103B1000022C22D0194B83F87440002006900590A7
:103B200003F10F0204929B7B0393154B02930D2329
:103B30000193009003463246294608F069F911497D
:103B40000E2008F08DFA08B9012C10D008B070BD15
:103B50000D4B1D880D4B1E88D5E7084B93F874302C
:103B6000013BDBB2012BD5D808F031F9D2E7084987
:103B7000024B93F87500FFF79DF9E7E7300D002041
:103B800058CF00085C0000202E0D00202C0D0020D6
:103B900046E0010030B593B04322002101A8FCF7B4
:103BA000BBFE4423ADF818300823ADF81A304FF4AB
:103BB000A863ADF81C3002248DF81E4001258DF855
:103BC0001F5012238DF8203029238DF821309C239B
:103BD000ADF822304FF4FA73ADF824304FF0FF33D4
:103BE0000A934FF4A473ADF82C308DF82E50202397
:103BF0008DF83130D8238DF8323006238DF83330EC
:103C000003238DF8353040F27263ADF836300D2362
:103C10008DF83C3004238DF83E30FFF79FFE294697
:103C2000204607F009FB1E4A0021204607F0AEFCA3
:103C300001A807F005FE78BBFFF7E4FE08F012FDCF
:103C4000184D002485F874404FF6FF73AB81164A77
:103C50002146012007F09AFC062008F027FC00F01E
:103C6000DBF8124B224605F175012046FFF78AF872
:103C70000F4B224605F176012046FFF783F8EC73DF
:103C8000AC730C4B80221A800B4BA0221A800120AF
:103C9000FFF730FF13B030BDFEF718FACCE700BFD6
:103CA000E5B90008300D00202D3900082139000841
:103CB0000D3900082E0D00202C0D002030B583B0EA
:103CC000044643783E2B21D0FF2B4FD0052B0FD13C
:103CD0008288434B9B899A420DD00120FFF70AFF4F
:103CE0004048012303703E4B9B89438000F095F8C8
:103CF000012003B030BD3A4D0024AC8121464FF67F
:103D0000FF7000F01DF985F87440E6E7C378012BD9
:103D10000AD00C2BECD10DF106020DF10701304B4E
:103D2000988908F00AFCE3E72D4D95F87500FFF738
:103D300061F895F87430042B14D0294B052283F8D0
:103D40007420B4F80530264DAB810121B4F805008C
:103D500000F0F6F8234800230370AB89438000F09D
:103D60005CF8C5E7062285F87420EAE7B0F803306E
:103D700040F20942934227D013D940F60E429342B3
:103D800028D041F604029342B2D1002210211648F5
:103D900003F0D5FC0A21124B93F87600FFF78AF85E
:103DA000A6E740F20242934208D040F20542934215
:103DB0009ED10B4B988908F0A1F999E70021084B97
:103DC000988908F0E5F893E70121054B988908F0F8
:103DD000BCF98DE7024B988908F0E7FA88E700BF45
:103DE000300D0020280D00200010004808B500F01C
:103DF00015F808BD7047704708B50021022007F08C
:103E000055FA08BD08B5012007F07EFA08BD08B5CF
:103E1000012007F08FFB08BD704770477047000016
:103E200008B54378FF2B01D0002008BDB0F803206F
:103E300040F601439A4201D00020F6E7B0F807208F
:103E4000064B9B8801339A4201D00020EDE7B0F881
:103E50000B100D3002F02EFF0120E6E76C00002071
:103E60002DE9F0478EB0304808F00AFC2F4B06AC25
:103E70000FCB84E80F000AAD85E80F002C4E0096AA
:103E8000092301222946022008F0AAF9294B0FCB69
:103E900084E80F0085E80F00334633F8020B0593E2
:103EA000012704974FF00A09CDF80C9002974FF0C4
:103EB0000008CDF804804FF0120ACDF800A01423BA
:103EC0002A46022108F0DCF91B4B0FCB84E80F00D7
:103ED00085E80F00334633F8040B05930497CDF8BB
:103EE0000C900297CDF804800C230093DC232A4623
:103EF000022108F0C5F9114B0FCB84E80F0085E8CB
:103F00000F0036F8060B05960497CDF80C90029733
:103F1000CDF80480CDF800A0DC232A46022108F069
:103F2000AFF90EB0BDE8F087213E00086CC700086D
:103F30006C00002048C900085CC9000870C900086E
:103F40000A4609B94FF6FF70014B18819A72704703
:103F50006C000020014B987A704700BF6C00002075
:103F6000074B9B7A03B9704710B582B0044C0090A0
:103F7000CBB200226188208808F0E2F902B010BDBF
:103F80006C000020074B9B7A03B9704710B582B0D4
:103F9000044C0090CBB20022E188208808F0D0F9D0
:103FA00002B010BD6C00002010B5EFF3108272B6A5
:103FB000064C636843F40023636082F31088044B6B
:103FC0001B6898474FF40023A36010BD000C0058F5
:103FD000B00D002082B04FF0B043D3F8502142F42E
:103FE0008012C3F85021D3F8503103F480130193A9
:103FF000019B0A4B1A6A42F400721A62D3F8D42069
:1040000042F40072C3F8D42040BF20BF044AD368F2
:1040100043F40043D36002B0704700BF000800586B
:104020000004005800B583B04FF0B0431A6D42F45D
:1040300080121A651B6D03F480130193019B094BD9
:104040001A6842F001021A601A6842F480321A605B
:104050002C2002F02FFF2D2002F02CFF03B05DF882
:1040600004FB00BF000C0058EFF3108172B6044A45
:10407000536823F00103536081F31088704700BF39
:10408000000C0058024B4FF480329A60704700BF1A
:10409000000C005808B5EFF3108172B6044A53685B
:1040A00043F40013536081F3108807F017FB08BD39
:1040B000000C005808B507F0F9FA024B01229A608B
:1040C00008BD00BF000C0058EFF3108172B6044A1F
:1040D000536823F00203536081F31088704700BFD8
:1040E000000C0058064B4FF400329A60EFF3108139
:1040F00072B65A6822F400325A6081F31088704711
:10410000000C005808B5EFF3108172B6044A5368EA
:1041100043F40033536081F3108807F013FB08BDAC
:10412000000C005808B5144BDB6813F0020F04D1E3
:10413000114B5B6813F4003F14D00F4BDB6813F096
:10414000080F04D10C4B5B6813F4002F0DD00A4B01
:10415000DB6813F0200F04D1074B5B6813F4001FDA
:1041600006D008BDFFF7CEFFFBE7FFF71DFFF8E71E
:10417000FFF790FFF5E700BF000C005808B507F007
:10418000EFFA024B02229A6008BD00BF000C0058F3
:1041900008B50C4BDB6813F0080F05D18047094BBD
:1041A0004FF400229A6008BD074B1860EFF31081AE
:1041B00072B6044A536823F40023536081F31088D5
:1041C000F1E700BF000C0058B00D0020EFF31081A4
:1041D00072B6044A536823F00803536081F31088D1
:1041E000704700BF000C005808B507F015FB024BE4
:1041F00008229A6008BD00BF000C005808B5144B97
:10420000DB6913F0020F0AD1114BDB6913F0010FC8
:104210000DD10F4BDB6913F0080F10D108BD0C4B0B
:104220005B6813F0020FEFD1FFF7A8FFF6E7084B2A
:104230005B6813F0010FECD1FFF73CFFEEE7044B96
:104240005B6813F0080FE9D1FFF7CEFFE6E700BF88
:10425000000C0058B0F5FA7F40F28B80B0F57A7F01
:104260000CD8C82303FB00F0A0F5C330A0384E4B98
:1042700083FB00C3C017C0EB63107BE040F2DC534C
:1042800098420FD84FF4967303FB00F0A0F59220EC
:10429000A0F57870444B83FB00C3C017C0EB6310DC
:1042A000C83067E040F6C413984210D84FF4FA7350
:1042B00003FB00F0A0F53720A0F5D8703A4B83FB44
:1042C00000C3C017C0EBA31000F5FA7052E0B0F5C0
:1042D0007A6F10D84FF4487303FB00F0A0F5F41088
:1042E000A0F59060314B83FB00C3C017C0EB631097
:1042F00000F57A703EE041F27073984210D84FF4A6
:104300002F7303FB00F0A0F52A10A0F56650264B92
:1043100083FB00C3C017C0EBE31000F5E16029E0A8
:10432000B0F5FA5F10D84FF4167303FB00F0A0F558
:104330005B10A0F53A501C4B83FB00C3C017C0EBC9
:10434000E31000F6C41015E042F21073984221D831
:104350004FF4FA7300FB03F3A3F57413A3F5106392
:10436000114880FB03C0DB17C3EBE01303F61C40CE
:1043700000E00020A0EBA10002B96438022A0CD0B2
:10438000032A0CD000280CDBB0F5616F0ADD4FF476
:10439000616007E04FF46160ECE7C838F0E7323065
:1043A000F0E7002000B27047D34D6210F119760596
:1043B000012919D90388934218D801238B421BD2B3
:1043C00000B530F813E003F1004C0CF1FF3C30F87D
:1043D0001CC0E6450CD996450CD80133DBB28B42A4
:1043E000EFD301205DF804FB0020704700207047E8
:1043F0000020F7E70020F5E7012070478446038896
:1044000093420DD20020431C8B4206D23CF813305D
:10441000934206D20130C0B2F5E70239C8B2704704
:104420000020704770B50446049D9A4210D9AA42F4
:104430000FD2A1EB000E4FEAEE76A2EB030CAEFB1F
:104440000C01EA1A00230CFB0611FBF7BDFE204409
:1044500070BD0846FCE7B0F810C0438AACEB03031C
:104460008B4218D8437B012B17D00CF5967C8C45DA
:1044700015D913780133DBB21370028A8A4204D84B
:1044800083F0010000F00100704713F0030F0CBF30
:104490000120002070470020704702207047022052
:1044A000704700002DE9F84305460E46144698462D
:1044B0004FF4A4720021FCF72FFA0B223146284654
:1044C000FCF71EFC2C73012C28D042F21C532B82CB
:1044D0004FF4C8736B82012C23D040F21D13AB82C2
:1044E0000123EB829C421FD00822AA73012C1DD00D
:1044F0000426EE7305F11800012C19D01B4917464C
:104500005200FCF763FB05F13800012C12D018496A
:10451000B1467200FCF75AFB002621E042F6F82370
:10452000D5E74FF49173DAE71022DEE70826E0E7DB
:104530001049E4E71049EBE704F10C0006F11C0315
:10454000424635F8131035F81000FFF783FE04EBF0
:104550000611243125F811000134A742ECD80136A8
:10456000B14501D90024F8E7BDE8F883C8CF0008B9
:10457000C0CF0008A0CF000890CF000810B50446B7
:10458000084600214FF0FF320CE042F3000E0A4BC8
:104590000EEA030383EA52020CF1010CBCF1070F8F
:1045A000F3D90131814204D2635C5A404FF0000CD0
:1045B000F4E7D04310BD00BF2083B8ED40B110B583
:1045C00004464FF4A961FFF7D9FFC4F8480510BDB0
:1045D0007047000000284DD070B5044640F24C52A0
:1045E0000021FCF799F9244B23600326A6800125BE
:1045F000A57100231A46214904F10800FFF752FF74
:104600002B4600221E4904F5A870FFF74BFF02233A
:1046100000221C4904F52670FFF744FF33462A4662
:10462000194904F57870FFF73DFF2022002104F5B9
:10463000A560FCF771F9154BC4F82835A4F82C5582
:1046400041F27073A4F83035A4F834555023A4F81F
:104650003635DC23A4F83C3540F6B833A4F83E35B3
:104660004FF47A73A4F8403584F844552046FFF798
:10467000A5FF70BD704700BF4344493784C9000897
:1046800088C9000890C9000898C9000853555037D8
:10469000002858D003460168414A914255D182888A
:1046A000012A54D18279042A53D8C179012952D8D8
:1046B000008948F69F4188424FD8B3F90A1039481B
:1046C00081424CDB40F6B83081424ADC99890029AE
:1046D00049D0042949D8D989272948D9962948D8C1
:1046E000998AB32947D9FA2947D8D88A40F6B831E8
:1046F000884244D1198BB1F57A7F42D8997E01293D
:1047000041D8D87E012840D893F81CC0BCF1020FD4
:104710003DD810B55C8A2CB1B3F810E00EF1320E22
:10472000744536D9012A06D908B1002933D0042AA4
:1047300006D0002010BD5B8B002BF5D00220F9E7DE
:1047400059B30020F6E7012070470220704702208D
:1047500070470220704702207047022070470220F5
:1047600070470220704702207047022070470220E5
:1047700070470220704702207047022070470220D5
:1047800070470220704702207047022070470220C5
:1047900070470220CEE70220CCE70220CAE700BF24
:1047A0005355503748F4FFFF00285FD070B50446DA
:1047B000037B012B5CD8427B012A5BD8012B3FD0C5
:1047C000002B41D1E389B3F5816F55D1A28A40F224
:1047D0001D139A4252D142F60411238A40F6B73291
:1047E000934251D98B4251D8638A632B50D9B3F588
:1047F0007A7F4FD8A57B42F6EC42294604F1180097
:10480000FFF7D6FD002847D0E67B4FF47A72314699
:1048100004F13800FFF7CCFD08B300218E4223D904
:1048200000239D421DD903EB0112243234F91220DA
:10483000002A33DBB2F5616F32DC0133DBB2F0E723
:104840000029BDD1032014E0E389B3F5016F17D12E
:10485000A38AB3F5917F15D142F6EC41BDE7022062
:1048600007E00131C9B2D9E7002002E0012070471A
:10487000022070BD0220FCE70220FAE70220F8E7E0
:104880000220F6E70220F4E70220F2E70220F0E738
:104890000220EEE70220ECE70220EAE70220E8E748
:1048A0000220E6E770B540B3044602681A4B9A420C
:1048B00025D18388032B25D18379032B24D84FF46A
:1048C000A961FFF75BFED4F8483598421ED104F584
:1048D000A560FFF7DDFE0646D0B90546032D0FD8CB
:1048E0004FF4A47005FB00F0083001212044FFF7CD
:1048F0005BFF78B90135EDB2F0E7012600E0022652
:10490000304670BD0226FBE70226F9E70A26F7E7E4
:104910000226F5E70226F3E7434449372DE9F04F35
:1049200085B00446884691460A46817B1830FFF7D9
:1049300065FD05464A46E17B04F13800FFF75EFD60
:10494000064605EB001024306F1C07EB06112431DE
:1049500005F10C0334F813A005F10D0334F813B07E
:10496000CDF800B05346424634F9111034F9100026
:10497000FFF758FD0390731C05EB0315243507EB77
:1049800003172437CDF800B05346424634F91710C8
:1049900034F91500FFF746FD014606F11C031D36EC
:1049A00034F81620009234F813304A460398FFF783
:1049B00039FD00B205B0BDE8F08F00002DE9F041EF
:1049C000D2B0002800F0B68017461E4604460029E3
:1049D00000F0B580589B002B00F0B380599B002B52
:1049E00000F0B1800368002B00F0AF808388002BBB
:1049F00000F0AD80002A00F0AC80837C002B00F03A
:104A0000AA80C37C002B00F0A8804FF4A4726846F3
:104A1000FCF7DCF8A3890BB1ADF81030217D6846B6
:104A2000FFF7C2FE0546002840F08580B6F57A7F84
:104A300001D94FF47A762368190F4FEA031CBCEBB7
:104A4000030C61F100018900A388A7FB03234FEA4F
:104A50008C0041EA9C71FBF707FC0146599B1860EA
:104A6000421E43F2D3039A4279D8589A6846FFF718
:104A7000F2FC8046599B1875324619686846FFF764
:104A80004DFF599B9880E38923B11BB2984201DD09
:104A9000599A9380238A0BB9BDF81430599AD38060
:104AA00021686089334A0023A1FB0001FBF7DCFB8E
:104AB000599B186110B90123599A1361B8F1000F7D
:104AC0002ED1E588599BB3F90430ED1AB4F908608A
:104AD0002E44002D45DB002E45DB48F69F439D42CA
:104AE00043DC9E4243DCA388A7FB033CA3FB0501F8
:104AF00048F6A042002305FB0C11FBF7B5FB599BC0
:104B00009860A37D8BB1A388A7FB0371A7FB060464
:104B100048F6A042002306FB0141FBF7A5FB05E098
:104B20000023599A9360D36005E00020599BD86018
:104B3000454600E00125284652B0BDE8F081012538
:104B4000F9E70125F7E70125F5E70125F3E7012559
:104B5000F1E70125EFE70425EDE70425EBE705255F
:104B6000E9E70625E7E70625E5E70625E3E7062565
:104B7000E1E700BF40420F00F8B50D469DF8181060
:104B800058B314460646C27BAA4228D9827BA24269
:104B900027D904EB0512243230F9127039B107F12C
:104BA000C80293421FDCA7F1C80293421DDB04EB4D
:104BB0000512243226F812309DF81C103046FFF7FB
:104BC000F3FD18B9F38A0133F38209E004EB051110
:104BD00001F1240426F8147002E0012000E0012015
:104BE000F8BD0120FCE70720FAE70720F8E72DE9E8
:104BF000F04784B014469DF8302050B30D46074668
:104C00004CB3032929D86BBB72BB9DF834102046E6
:104C1000FFF7CAFD064608BB4FF4A47303FB057AF1
:104C20000AF108080DF1040998E8070089E807006F
:104C30001A4621464046FBF7C9FF99E8070088E875
:104C4000070000238AF81330BD713846FFF7B6FC21
:104C500004E0012602E0012600E00126304604B00F
:104C6000BDE8F0870826F9E70926F7E7000000000D
:104C700008B5B0F5805F01D340F6FF70064904A384
:104C8000D3E90023A0FB0101FBF7EEFA80B208BDD7
:104C9000C0E076D107000000203A0BD600000000EB
:104CA00008B5B0F5805F01D340F6FF704FF0000CFF
:104CB00002184CEB0C0C12184CF1000C4FEA4C3360
:104CC00043EAD2435103891A63EB0C039B0043EA86
:104CD00091738900091A63F100039B0143EA916310
:104CE000890111EB000C43F10003990106A3D3E9FC
:104CF00000234FEA8C1041EA9C61FBF7B5FA80B2C1
:104D000008BD00BFAFF3008010AA5E0500000000E0
:104D100030B100220260426002814FF49672C2807C
:104D200070472DE9F0479DF820809DF824909DF86C
:104D30002870B8B30E469A460546B1F5917F01D961
:104D40004FF491761046FFF793FF04466880504673
:104D5000FFF78EFFA8802246844228BF0246844285
:104D600038BF0446A31A9BB2B7B9B4F5967F13D2E5
:104D7000502C01D9322B0FD86B7AABB9B8F1000F98
:104D800017D0B9F1000F14D0331D9C4215D3022364
:104D90002B7200232B8005E001236B7203232B72FF
:104DA00000232B80BDE8F08703232B7200232B8088
:104DB000F8E700232B722B80F4E70A32964208D9D9
:104DC00001232B722B88991CEA889142EAD829800A
:104DD000E8E702232B722B88002BE3D0013B2B80CA
:104DE000E0E7D0F84C3163B990F860315BB9B0F8C6
:104DF00054311D2B09D8B0F856311D2B07D900208E
:104E00007047002070470020704700207047012045
:104E1000704798B130B583B00D46144603787BB126
:104E20002D2B10D00A2201A9FBF7BAFC019B1B789D
:104E30005BB9A8420BD82060012002E00020704737
:104E4000002003B030BD0020FBE70020F9E7002080
:104E5000F7E738B504460068D0F84855FFF7AEFBD1
:104E6000D4F8643143B1D4F868112068984718B970
:104E70002368C3F8485538BD0120FCE700B58646D5
:104E80004FF0000C4FF6FF700EE041F22100584049
:104E90000132072A06D843009BB210F4004FF4D128
:104EA0000020F4E70CF1010C8C4505D21EF80C3003
:104EB00080EA03200022ECE75DF804FB30B5C3B0C4
:104EC00015461C46009103460F4A4FF4807102A814
:104ED000FCF708F9FF2802D9002043B030BD014695
:104EE00002A8FFF7CBFF009002AB084A21462846F4
:104EF000FCF7F8F8031E04DD1846A342EDD30020AA
:104F0000EBE70020E9E700BF9CC90008A4C900083E
:104F100070B598B0044615461E460B46084A6021F7
:104F20006846FCF7DFF8411E5E2902D9002018B060
:104F300070BD33462A4669462046FFF7BFFFF6E7B5
:104F4000B0C900082DE9F04FADF2745D0446884603
:104F500016461F46BB490020FBF762FD002845D0DE
:104F60000546B949FBF70CFF002847D0B74928464A
:104F7000FBF706FF002800F09E80B5492846FBF7A6
:104F8000FFFE002800F00181B2492846FBF7F8FE39
:104F9000002800F07F81B0492846FBF7F1FE002889
:104FA00000F0C381AD492846FBF7EAFE002800F077
:104FB0000182AB492846FBF7E3FE002840F06282FD
:104FC0002046FFF70EFF002800F0188294F86331A6
:104FD00023B1B4F85C31042B00F21882DDF8983567
:104FE0003A46A0494046FFF793FF48E0DDF8983580
:104FF0003A469D494046FFF78BFF40E032469149D3
:10500000FBF70EFDA0B39949FBF7BAFE80BB204623
:10501000FFF7E7FEB8B3B4F85A31092B3BD9D4F8FF
:1050200000C00DF24C550CF5A5660FCE0FC596E8E5
:105030000F0085E80F009CF82E3513B901238CF87A
:105040002E352046FFF705FF68BB246804F5A564EC
:105050000DF24C550FCD0FC495E80F0084E80F00FA
:10506000DDF898353A4682494046FFF751FF06E0A1
:10507000DDF898353A467F494046FFF749FF0DF283
:10508000745DBDE8F08FDDF898353A467A494046C0
:10509000FFF73EFFF3E7DDF898353A46774940469B
:1050A000FFF736FFEBE7DDF898353A46744940469E
:1050B000FFF704FFE3E732466249FBF7B1FC8146A4
:1050C0002046FFF78EFE002847D0B9F1000F4CD0E4
:1050D0006C494846FBF754FE28B16B494846FBF73C
:1050E0004FFE002841D1D4F800A00DF24C550AF52E
:1050F000A5660FCE0FC596E80F0085E80F00624940
:105100004846FBF73DFEB0FA80F040098AF82F05CB
:105110000023A4F85A31226882F82E35226882F8DA
:105120004235226882F8433584F863312046FFF720
:1051300090FE10BB246804F5A5640DF24C550FCD0C
:105140000FC495E80F0084E80F00DDF898353A4663
:1051500047494046FFF7DCFE91E7DDF898353A46CF
:1051600045494046FFF7D4FE89E7DDF898353A46D1
:1051700036494046FFF7CCFE81E7DDF898353A46E0
:1051800042494046FFF79AFE79E732462D49FBF740
:1051900047FC0DF26C520421FFF73BFE00283FF460
:1051A000F3AEDDF86C95B9F1000F3FF4EDAE20469B
:1051B000FFF717FEA8B3D4F800C00DF24C550CF55C
:1051C000A5660FCE0FC596E80F0085E80F00ACF876
:1051D0003495236893F82E25012A02D9012283F8F9
:1051E0002E252268002382F84235226882F8433552
:1051F00084F863312046FFF72CFED0B9246804F50B
:10520000A5640DF24C550FCD0FC495E80F0084E84E
:105210000F00DDF898353A4615494046FFF778FE0D
:105220002DE7DDF898353A4613494046FFF770FE02
:1052300025E7DDF898353A4615494046FFF73EFE2A
:105240001DE700BFFCC9000810CA000878CA0008A2
:10525000B0CA0008D0CA0008D8CA000810CB00089D
:1052600018CB000824CB000800CA000818CA0008A0
:1052700060CA000820CA000830CA00084CCA0008EA
:1052800068CA000880CA000888CA000890CA0008D6
:10529000B4CA00083246BD49FBF7C2FB0DF26C529E
:1052A0009621FFF7B6FD00283FF475AEDDF86C954A
:1052B000B9F1270F7FF66FAE2046FFF792FD20B3BE
:1052C000D4F800C00DF24C550CF5A5660FCE0FC5F5
:1052D00096E80F0085E80F00ACF836952046FFF7FA
:1052E000B8FDD0B9246804F5A5640DF24C550FCD76
:1052F0000FC495E80F0084E80F00DDF898353A46B2
:10530000A3494046FFF704FEB9E6DDF898353A4672
:10531000A0494046FFF7FCFDB1E6DDF898353A4676
:105320009D494046FFF7CAFDA9E632469749FBF77B
:1053300077FB054690B19949FBF722FDE8B9236850
:1053400093F82E3513B194F860317BB1DDF89835C0
:105350003A4693494046FFF7DBFD90E6DDF8983585
:105360003A4690494046FFF7D3FD88E6012384F88A
:1053700063310023A4F85C3107E08B492846FBF732
:10538000FFFC68B9002384F8633194F863317BB182
:105390008649DDF898353A464046FFF78FFD6EE6C0
:1053A000DDF898353A467F494046FFF7B1FD66E69D
:1053B0007F49EEE732467549FBF732FB0DF26C523E
:1053C00048F69F41FFF725FD00283FF4F2AD94F821
:1053D00063313BB9DDF898353A4676494046FFF7E8
:1053E00097FD4CE6BDF86C35A4F85831DDF89835DA
:1053F0003A4671494046FFF761FD40E6DDF89835D1
:105400003A4664494046FFF783FD38E6D4F800C0C9
:105410000DF24C550CF5A5660FCE0FC596E80F00A2
:1054200085E80F00B4F85831ACF830352368022213
:1054300083F82E252268002382F84235226882F8FC
:10544000433584F863312046FFF703FD90B92468A3
:1054500004F5A5640DF24C550FCD0FC495E80F006F
:1054600084E80F00DDF898353A4649494046FFF791
:105470004FFD04E6DDF898353A4650494046FFF7BF
:105480001DFDFCE54E492846FBF77AFC00284DD06F
:105490004C492846FBF774FC002800F0D5804A49A7
:1054A0002846FBF76DFC002840F041812046FFF7BD
:1054B00098FC002800F02B81D4F800C09CF82E3511
:1054C000012B40F224810DF24C550CF5A5660FCE50
:1054D0000FC596E80F0085E80F0003238CF82E35E2
:1054E0002368012283F842252168002381F843358F
:1054F000216881F84425A4F85E312046FFF7A9FC15
:10550000002840F00C81246804F5A5640DF24C5588
:105510000FCD0FC495E80F0084E80F00DDF8983533
:105520003A461B494046FFF7F3FCA8E532461749C7
:10553000FBF776FA0DF26C5248F69F41FFF769FCD3
:105540000028A5D0324611490020FBF769FAA0B126
:105550001E49FBF715FC80B92046FFF742FC20B13D
:10556000D4F800C09CF82E35A3BBDDF898353A4638
:105570000B494046FFF7CCFC81E5DDF898353A460B
:1055800013494046FFF7C4FC79E500BFFCC9000899
:1055900060CA000830CA0008CCCA0008E0CA000887
:1055A000E4CA0008D8CA0008F4CA0008B8C900084C
:1055B000C8C90008F8CA00080CCB000834CB0008A2
:1055C00044CB0008B0CB0008C8CB000818CA0008BC
:1055D00050CB00080DF24C550CF5A5660FCE0FC54B
:1055E00096E80F0085E80F00BDF86C35ACF8303553
:1055F0002268022182F82E152168002281F84225B6
:10560000216881F84325A4F858312046FFF721FC92
:1056100090B9246804F5A5640DF24C550FCD0FC464
:1056200095E80F0084E80F00DDF898353A46BC494C
:105630004046FFF76DFC22E5DDF898353A46B9495A
:105640004046FFF73BFC1AE53246B749FBF7E8F95D
:1056500081462046FFF7C5FB90B3B9F1000F2FD06C
:10566000D4F800A00DF24C550AF5A5660FCE0FC573
:1056700096E80F0085E80F00AC494846FBF780FB31
:1056800030BBB4F85231AAF8383523680022A3F8A9
:105690003A252046FFF7DDFB88BB246804F5A564A6
:1056A0000DF24C550FCD0FC495E80F0084E80F00A4
:1056B000DDF898353A469A494046FFF729FCDEE482
:1056C000DDF898353A469A494046FFF721FCD6E482
:1056D00098494846FBF754FB48B9B4F85221BAF848
:1056E000383532339A4202D9AAF83A25D1E7DDF8A3
:1056F00098353A4690494046FFF70AFCBFE4DDF88A
:1057000098353A468D494046FFF7D8FBB7E4DDF8B7
:1057100098353A468A494046FFF7FAFBAFE4DDF890
:1057200098353A4687494046FFF7C8FBA7E48649C3
:105730002846FBF725FB814620B384492846FBF722
:105740001FFB002800F0188181492846FBF718FB51
:10575000002840F0B98132467349FBF761F948B13E
:105760007C49FBF70DFB28B92046FFF73AFB0028E0
:1057700040F06781DDF898353A4677494046FFF7B3
:10578000C7FB7CE432466849FBF74AF982460023AE
:105790000093D4F800B09BF82E35042B08D0022BD0
:1057A00008D9B4F85E31022B04D94FF0010901E0A9
:1057B0004FF0010909F001052046FFF712FB002810
:1057C00037D0002D35D00DF24C550BF5A56CBCE84B
:1057D0000F000FC59CE80F0085E80F0004238BF82D
:1057E0002E352368012283F842252368002283F89E
:1057F0004325BAF1000F68D058495046FBF7C0FA6C
:10580000F8B157495046FBF7BBFA00285DD1204656
:10581000FFF71FFB00286CD0236893F84335002B5B
:105820007BD05049DDF898353A464046FFF746FBB5
:1058300025E4DDF898353A464B494046FFF768FBCA
:105840001DE432463849FBF7EBF8B0B10A2269464D
:10585000FBF7B0F9009A12781ABBA2F6B832904260
:105860001FDB40F6B83290421BDC2268A2F83205FA
:105870002368012283F84325C9E7246804F5A56459
:105880000DF24C550FCD0FC495E80F0084E80F00C2
:10589000DDF898353A4635494046FFF739FBFFF7C2
:1058A000EEBB246804F5A5640DF24C550FCD0FC472
:1058B00095E80F0084E80F00DDF898353A462B494B
:1058C0004046FFF725FBFFF7DABB246804F5A56423
:1058D0000DF24C550FCD0FC495E80F0084E80F0072
:1058E000DDF898353A4622494046FFF711FBFFF7AD
:1058F000C6BB246804F5A5640DF24C550FCD0FC44A
:1059000095E80F0084E80F00DDF898353A46044921
:105910004046FFF7FDFAFFF7B2BB164982E700BF2A
:1059200060CA000864CB0008FCC9000890CB0008DE
:105930007CCB000898CB0008A0CB0008ACCB0008BB
:10594000B4CB0008C4CB0008D4CB000848CC000876
:105950004CCC000818CA000854CC0008F4CB00084E
:1059600008CC0008D8C90008DCCB0008FCCB000834
:1059700010CC0008E8C9000832465849FBF750F837
:1059800081462046FFF72DFA70B3B9F1000F2BD0F6
:10599000D4F800A00DF24C550AF5A5660FCE0FC540
:1059A00096E80F0085E80F004D494846FBF7E8F9F7
:1059B00018BB00238AF844352046FFF74AFAB8BBE3
:1059C000246804F5A5640DF24C550FCD0FC495E87D
:1059D0000F0084E80F00DDF898353A46414940460B
:1059E000FFF796FAFFF74BBBDDF898353A463E498C
:1059F0004046FFF78DFAFFF742BB3C494846FBF7AC
:105A0000BFF918B901238AF84435D5E73849484623
:105A1000FBF7B6F918B902238AF84435CCE7DDF86C
:105A200098353A4633494046FFF772FAFFF727BBED
:105A3000DDF898353A4630494046FFF73FFAFFF720
:105A40001EBB25680DF24C5605F5A5650FCD0FC69A
:105A500095E80F0086E80F006846FEF7BBFD256855
:105A600005F5A5650DF5A5660FCE0FC596E80F00E7
:105A700085E80F00BDF83035A4F85831002384F8CC
:105A80006331A4F85A312046FFF7E3F998B9246846
:105A900004F5A5640DF24C550FCD0FC495E80F0029
:105AA00084E80F00DDF898353A460E494046FFF786
:105AB0002FFAFFF7E4BADDF898353A460F49404629
:105AC000FFF7FCF9FFF7DBBADDF898353A460C49E9
:105AD0004046FFF71DFAFFF7D2BA00BFFCC9000825
:105AE000F4CA000860CA00081CCC0008E0CA00081C
:105AF00030CC000838CC000844CC000864CC000846
:105B000074CC0008C0B138B50C46054699B14FF4C5
:105B1000B6720021FAF700FF284640F8044BA1793D
:105B20004FF4A47202FB01410831FBF74FF8B4F8BF
:105B30003035A5F8583138BD704718B1C0F8641138
:105B4000C0F8682170470000002800F011832DE99B
:105B5000F04FADF5277D0F4615461C4606460368F7
:105B6000002B00F00783002900F00683002A00F0D4
:105B70000583002C00F004830B78402B40F0058354
:105B80000846FAF75DFEFF2801D90020F9E20DF57D
:105B9000CC78791C4046FAF7DFFCA7494046FAF773
:105BA00039FD002308F800302A214046FAF742FF69
:105BB0000746002800F0EB8200F101084046FAF7A2
:105BC0003FFE042801D00020DBE200233B701022BE
:105BD00065A94046FAF7E4FD8046659B1F78002FD3
:105BE00040F0D782B0F5803F01D30020C9E266A81B
:105BF000FAF726FE014666A8FFF740F98146002322
:105C0000659365AA8D4966A8FAF70AFF64AA4FF65C
:105C1000FF71FFF7FEF8002800F0BD82C14506D0F5
:105C200023462A4686496498FFF772F9A9E265AAD5
:105C300082490020FAF7F4FE804600287CD0814992
:105C4000FBF79EF800287ED07F494046FBF798F886
:105C500000287FD07D494046FBF792F8002800F0ED
:105C60007D817B494046FBF78BF8002800F07E8160
:105C700078494046FBF784F8002800F0C181764956
:105C80004046FBF77DF830B174494046FBF778F8A1
:105C9000002840F0668265AA68490020FAF7C0FE35
:105CA00063AA0321FFF7B5F8002800F05A82D6F85E
:105CB0004C71002F40F0118296F86091B9F1000FFD
:105CC00040F00B8264494046FBF75AF8002840F048
:105CD0001E823068639B4FF4A47202FB03F3083307
:105CE00096F862111844FEF75FFD002840F0FC8131
:105CF00033689F799DF88C219A713068FEF75EFCBD
:105D0000D6F8643133B1D6F8681130689847002866
:105D100000F0F181304650F8041B639B4FF4A472ED
:105D200002FB03110831FAF751FF23462A464C497A
:105D30006498FFF7C3F824E223462A464949649849
:105D4000FFF7E6F81DE223462A4647496498FFF725
:105D5000B5F816E265AA3949FAF762FE0746B0B10E
:105D60004249FBF70DF8C8B141493846FBF708F83E
:105D7000002842D035493846FBF702F800287FD08A
:105D80003C493846FAF7FCFF002800F0AF80234674
:105D90002A462D496498FFF7BBF8F2E1D6F84C315A
:105DA000B6F85001B6F85471B6F856C1326892F898
:105DB00006E096F8108096F86121D2B1012296F89B
:105DC0006211C1B1012106910592CDF81080CDF884
:105DD0000CE0CDF808C001970090274ADC210FA8FD
:105DE000FBF780F90346013BDA2B40F2B08000203C
:105DF000C7E10022E3E70021E5E7337C727CB18A4A
:105E0000F08A378BB6F81AC096F812E096F813802D
:105E1000CDF81C80CDF818E0CDF814C0049703909D
:105E2000029101920093331D144ADC210FA8FBF765
:105E300059F90346D7E700BF98CC0008FCC9000811
:105E40009CCC0008A8CC0008C0CC000814CD0008E9
:105E500068CD0008A0CD0008B8CD0008C4CD00086A
:105E6000B4CD0008A0CC0008B0CC0008C4CC000819
:105E7000ECCC00084CCD0008CCCC0008F4CC0008D9
:105E8000326892F82E350D9392F82F85B6F8581196
:105E9000B2F93205B2F834C5B2F836E5B2F8387561
:105EA000B2F83A95B2F83CA592F842B592F843356B
:105EB00092F84425B6F85A610B960A920993CDF8E8
:105EC00020B0CDF81CA0CDF818900597CDF810E0C3
:105ED000CDF80CC002900191CDF800800D9BAF4A27
:105EE000DC210FA8FBF7FEF803467CE765AAAC4966
:105EF000FAF796FD63AA0721FEF78BFF00283FF40F
:105F000046AF65AAA6490020FAF78AFD62AA0F21CA
:105F1000FEF77FFF00283FF43AAFF27C639B9A4282
:105F20007FF635AFB27C62998A427FF630AF01EBE3
:105F30000312243206EB4202B2F9042001920091CE
:105F4000984ADC210FA8FBF7CDF803464BE7234620
:105F50002A460FA96498FEF7B1FF12E100942B4680
:105F600065AA64993046FEF7EDFF0AE165AA8C49FF
:105F7000FAF756FD63AA0721FEF74BFF00283FF40E
:105F800077AE65AA86490020FAF74AFD62AA0F217A
:105F9000FEF73FFF00283FF46BAE65AA8049002062
:105FA000FAF73EFD61AA4FF47A61FEF732FF00284E
:105FB0003FF45EAED6F84C3196F862210192003B78
:105FC00018BF01230093BDF984319DF888219DF805
:105FD0008C11301DFEF7D0FD034640B16498072BAD
:105FE0000CD0714923462A46FEF792FFC9E02346AA
:105FF0002A466E496498FEF761FFC2E06C49F1E7FA
:1060000065AA6749FAF70CFD80464FF4A472311D6A
:106010000FA8FAF7DBFDD6F84C31BBB996F8603122
:10602000A3B9B8F1000F0AD065AA5D490020FAF7BC
:10603000F7FC63AA42F6EC41FEF7EBFE68B9234693
:106040002A465C496498FEF763FF9AE023462A4695
:1060500059496498FEF75CFF93E065AA5049002017
:10606000FAF7DEFC62AA4FF47A71FEF7D2FE00283E
:10607000E5D052494046FAF783FE30B150494046D8
:10608000FAF77EFE10B1FF2700E001278DF8497076
:10609000BDF88C31ADF84C30BDF88831ADF84E30DC
:1060A00096F862110FA8FEF77FFB30B123462A460F
:1060B00044496498FEF72CFF63E04FF4A4720FA9E3
:1060C000301DFAF783FD738B0133738323462A4611
:1060D0003D496498FEF7F2FE53E023462A463649CE
:1060E0006498FEF715FF4CE023462A46374964982A
:1060F000FEF70EFF45E033689F713068FEF75EFAE9
:1061000023462A4632496498FEF702FF39E096F8A2
:1061100062310193CDF800903B46321D9DF88C1101
:106120003068FEF764FD70B9D6F8643123B1D6F853
:1061300068113068984768B123462A462549649813
:10614000FEF7BCFE1DE023462A4623496498FEF76D
:10615000DFFE16E023462A461D496498FEF7D8FE66
:106160000FE023462A461D496498FEF7D1FE08E059
:1061700000207047002004E0002002E0002000E042
:1061800020460DF5277DBDE8F08F0020F9E70020BF
:10619000F7E70020F5E70020F3E700BF1CCD00087B
:1061A000FCC9000854CD000894CC000864CD000858
:1061B00084CC0008A0CD000870CD000880CD000878
:1061C00088CD000890CD00089CCD0008A8CD00081F
:1061D00060CA0008C0CD0008C4CD0008CCCD0008BE
:1061E0000170090A41707047002860D038B50C462C
:1061F000054600295DD0132A01D8002038BD4CF691
:1062000015512046FFF7ECFF0323A3702B8803F002
:106210000103E3702988201DFFF7E2FFE3784BBB01
:106220006988A01DFFF7DCFFA98804F10800FFF7CB
:10623000D7FFB5F9061089B204F10A00FFF7D0FFC5
:10624000298904F10C00FFF7CBFF698904F10E00E6
:10625000FFF7C6FFA98904F11000FFF7C1FF122163
:106260002046FEF70BFE014604F11200FFF7B8FFCF
:106270001420C3E7B5F90E1089B2A01DFFF7B0FFD7
:106280002B7C23726B7C6372AB7CA372EB7DE3721D
:10629000A98A04F10C00FFF7A3FF298B04F10E007B
:1062A000FFF79EFFAB7E2374EB7E6374D7E700207D
:1062B00070470020A2E7C0B170B5C0B014461D46BB
:1062C0000646A1B1ABB1B2B1FF2A01D9002013E05B
:1062D0006846FAF77BFC00230DF80430449B2A46FD
:1062E00069463046FFF730FC06E00020704700208A
:1062F00002E0002000E0104640B070BD10B5002262
:1063000006214FF0904001F01AFA074C0421204674
:1063100003F00AFB0421204603F012FD0023034A88
:106320001370034A137010BD1C070020E40D0020F9
:10633000E50D002038B52D4AB2F830152C4BD98028
:10634000B2F932151981B2F834159980B2F83615C0
:10635000598192F82E05012894BF002101219974DA
:1063600092F84215003918BF0121597592F843255A
:10637000003A18BF01229A7500229A81DA811A82A6
:1063800003280BD0194B93F82F251A4B1B889A42E0
:1063900003D0194BD3F84C415CB138BD134AB2F865
:1063A0003E159981B2F84015D981B2F83C251A8280
:1063B000E8E7124D0021284603F0D2FB2B681A6A49
:1063C00022F00A021A621A6A084991F82F15012967
:1063D00000D0022422431A620021084803F000FB87
:1063E000024B93F82F25034B1A80D6E7680F002045
:1063F0007C00002078000020FC0D0020D00600204A
:1064000008B5FDF7F5F908BD10B5FFF777FF0022D5
:106410004FF40071134801F092F91348FDF7C0F9E9
:1064200018B11148FEF73EFA30B10F4C2046FEF786
:10643000D1F82046FDF7DCF90C4C0B492046FFF75C
:1064400061FB00220A492046FFF777FB0948FEF767
:106450005FFCFFF76FFF06220749084804F082FE41
:1064600010BD00BF00040048680F0020FC0D002094
:1064700001640008F00D0020C80D0020680700200E
:106480000368B3F1804F00D07047037F012BFBD12D
:10649000F0B589B0002102F0F7FC0446784B1B6888
:1064A000C61A7BB342F210739E422BD9754B9E42A3
:1064B00028D8754B1B68DBB103EB83127349A1FB32
:1064C0000212B6EB521F13D903EBC303C3EB031342
:1064D0006E4AA2FB0323B6EB531F09D26C4BB3F8F1
:1064E0005A31632B0CD80133694AA2F85A3107E0BC
:1064F000674BB3F85A311BB1013B654AA2F85A31D8
:10650000614B1E605E4B1C6000F034FC614B1860F8
:10651000FFF710FF5E4BB3F858115F4AD18093F834
:1065200063318BB9537D0BB900230EE008215B4822
:1065300001F0FEF8012801D0002306E0584B1B783B
:10654000002B5BD0012300E00023534DEB7410219E
:10655000524801F0EDF8012814BF002001202875F1
:10656000EA7C4B4B83F8612183F8620193F8633135
:106570004BB1434B1B6833B142F210739E4202D9B8
:10658000404B9E423CD9424902AB0193454B00939C
:10659000B1F85031324604313F48FEF70FFA002877
:1065A0005CD1029A3A4BC3F84C21BDF90C203E4B0A
:1065B0001A809DF81C303D4A1370002B4ED13C4B85
:1065C0005B7A002B4AD100233A4A13703A4A13707F
:1065D000069B3A4A13603A4A13602F4B5B7D002BAF
:1065E00044D12D4B9B7D002B3ED036480268059B45
:1065F0002344D363082102F0ABFF35E00023A4E776
:106600002F46AB88A6FB0336214DB5F858C1A3FB36
:106610000C0148F6A04200230CFB0611F9F724FEFA
:1066200002460021284B19703B682849A1FB03133F
:10663000DB0A27490B602348016822440A640C21C5
:1066400002F086FFB5F85C314FF6FF72934202D03C
:106650000133A5F85C31FFF751FE05E00022062169
:106660004FF0904001F06BF809B0F0BD154802689A
:10667000049B23449363042102F06AFFB1E700BF47
:10668000EC0D0020BFC62D00B80D00201F85EB517A
:10669000FC0D0020E80D00207C00002000040048D4
:1066A000E60D0020E70D0020C40D0020C20D0020E3
:1066B000F00D0020E40D0020E50D0020DC0D002091
:1066C000E00D0020D0060020D80D00205917B7D1CA
:1066D000D40D00200368B3F1804F00D0704710B58F
:1066E0000446037F022B04D0042B23D0082B42D076
:1066F00010BD314B1B787BB9012202214FF0904035
:1067000001F01DF82C4B01221A702268936B2B4963
:1067100009680B449363EBE7002202214FF090409D
:1067200001F00DF8244B00221A700421204602F0DB
:10673000DDFFDDE7224B1B787BB9012204214FF0FE
:10674000904000F0FCFF1E4B01221A702268D36BB0
:106750001C4909680B44D363CAE7002204214FF0A7
:10676000904000F0ECFF164B00221A7008212046E2
:1067700002F0BCFFBCE7144B1B787BB901224FF43D
:106780000071124800F0DBFF0F4B01221A702268E3
:10679000136C0F4909680B441364A9E700224FF4F6
:1067A00000710A4800F0CBFF074B00221A700C2141
:1067B000204602F09BFF9BE7E50D0020E00D002046
:1067C000E40D0020DC0D0020D80D0020000400485E
:1067D000D40D00202DE9F04F91B0DFF8F090B9F81A
:1067E0000800FEF75DFA0646A0F514551C3DADB253
:1067F00041F664139D428CBF002301232E4A13707F
:1068000004212E4800F094FF0746012814BF4FF0E2
:10681000000A4FF0010A4FF480614FF0904000F001
:1068200087FF8046B0FA80F46409B9F80030244A42
:10683000A2F85231234AB2F83A15B2F8382502F1DB
:10684000320081421AD9934204D81D4B0022A3F88A
:10685000502117E08B4205D3194B4FF47A72A3F8FD
:1068600050210FE09B1A4FF47A7000FB03F3891A52
:10687000B3FBF1F3124AA2F8503103E0104B0022AF
:10688000A3F85021FFF756FD0D4B93F86331FBB988
:106890000D4B5B7D0BB900231BE00821074800F07E
:1068A00047FF012801D0002313E041F664139D4205
:1068B00000F2678101230CE0E60D0020000400488F
:1068C000FC0D0020680F00207C000020C80D002077
:1068D0000023DFF8C09289F813301021AA4800F095
:1068E00027FF012814BF0020012089F8140099F81F
:1068F0001320A64B83F8612183F8620100F03AFA75
:10690000A34B1B68C01AB0F5FA7F03D99F4B002236
:10691000C3F84C21DFF888B2BBF80400FEF7A8F9F1
:10692000DFF86892A9F85401BBF80600FEF7A0F959
:10693000A9F8560189F860A1964BDB7C2BB1B8F120
:10694000000F02D099F863310BB1FFF7D7FCDFF8E5
:10695000689299F84425003A18BF012220218A48FC
:1069600000F0EDFE99F82E35032B00F02B8100236B
:10697000894A1360854AA2F85E31884A1378013348
:10698000DBB21370092B40F2F980134600221A7013
:10699000804B198A09B97D4B198B814B9A88DB880A
:1069A0007C48C07C012F00F030814FF0000CDFF8F4
:1069B00010920294CDF804C000904846FEF7B1F959
:1069C000B9F80030002B40F02D81764C0421204690
:1069D00002F0AAFF0421204603F0B2F9724A1378AC
:1069E0000133DBB21370042B40F2C88000230993FB
:1069F0000A930B930C930D930E930F9313706B4AA2
:106A0000138801339BB21380ADF824305F4BD3F869
:106A10004C31B3F5803F80F018819BB2ADF8263041
:106A20005A4BB3F85021ADF82820614A1288ADF8CE
:106A30002A20604AA2FB0626C6F3CF06ADF82C60DA
:106A4000B3F85421ADF82E20B3F85631ADF83030FC
:106A50004FF40043ADF83230574B9B798DF834300A
:106A6000564B1B788DF835304A4BDB7C002B00F001
:106A7000EF800123474A127D002A00F0EB800222BA
:106A80001343012F00F0E88000221343414A927C17
:106A9000002A00F0E380082243EA0204FDF75AFAD4
:106AA000002800F0DD80102323438DF83630424A61
:106AB00092F82E25042A00F0D580032A00F0D78012
:106AC000B8F1000F40F0DA800123ADF8383041F61C
:106AD00064118D4203D943F00203ADF838302D4BD9
:106AE0009B7C2BB9BDF8383043F02003ADF838302B
:106AF000334B5B7A2BB1BDF8383043F00403ADF86B
:106B000038308DF83A202C4B93F8423503B10123ED
:106B1000294A92F8432502B1022213431B4A92F8F4
:106B20006321002A00F0AC8004221343DBB2224A26
:106B300092F8442502B1082213438DF83B30134BE1
:106B4000B3F85821ADF83C20B3F85A31642B00F269
:106B50009980DBB28DF83E300C4BB3F85E31FF2BE1
:106B600000F29280DBB28DF83F30142204A909A80C
:106B7000FFF73AFB0446002840F0888011B0BDE8DA
:106B8000F08F0023A5E600BF00040048FC0D0020A4
:106B9000E80D00207C000020BC0D0020B50D002079
:106BA000C80D00201C070020B40D0020C00D0020DF
:106BB000C40D0020CDCCCCCC680F0020C20D00202D
:106BC000F00D0020364BD3F84C31A3F5FA7340F6A4
:106BD0008C2293423FF6D1AE324B5B7A002B7FF48E
:106BE000CCAE314B1B684EF65F22934202D8013384
:106BF0002D4A13602C4B1B682C4AA2FB0323C3F3C2
:106C00008F13274AA2F85E31B7E6DFF894C09CF8EC
:106C100063C1BCF1000F02D04FF0000CC7E64FF08B
:106C2000010CC4E6224C2268D16A01FB03331F49E0
:106C3000A1FB03139B0993630421204602F0DCFDB2
:106C40000421204603F012F8C8E64FF6FF73E5E68C
:106C500000230FE7002213E7042216E700221BE7B8
:106C6000002321E743F020038DF8363025E79DF817
:106C7000363043F040038DF8363021E7002324E717
:106C8000002252E7642365E7FF236CE7FDF762F912
:106C900000283FF473AFA1B204A8FDF761F96DE7D6
:106CA000FC0D0020F00D0020BC0D0020D34D621023
:106CB0001C07002000B5C3B00A464FF48073009350
:106CC00002AB01460548FFF7F6FA10B943B05DF88C
:106CD00004FB81B202A8FDF755F9F7E7FC0D00208F
:106CE000114B1B780BB90120704710B5044600F01A
:106CF000B7FE0D4B1A784FF47A73B3FBF2F3B0FB87
:106D0000F3F000F0DFF868B90F2C01D901200AE098
:106D1000002221464FF0FF3000F0BCF8034B1C600E
:106D2000002000E0012010BD940000209800002009
:106D300010B5094A136843F480731360032000F010
:106D400097F80020FFF7CCFF10B10124204610BDBA
:106D50000446FBF7EFF9F9E700400058034B1B78B6
:106D6000034A11680B441360704700BF9400002071
:106D7000B4140020014B1868704700BFB414002001
:106D8000014B1868704700BF980000204FF0E022C8
:106D9000136923F00203136170474FF0E022136977
:106DA00043F0020313617047024A536843F0010342
:106DB00053607047002004E0024A536843F0020326
:106DC00053607047002004E0002807DB00F01F023A
:106DD000400901239340024A42F82030704700BF27
:106DE00000E100E000280CDB00F01F024009012355
:106DF00093402030034A42F82030BFF34F8FBFF357
:106E00006F8F704700E100E0002808DB0901C9B27C
:106E100000F1604000F5614080F80013704700F019
:106E20000F000901C9B2014B1954704714ED00E07D
:106E300000B500F00700C0F1070CBCF1040F28BF3B
:106E40004FF0040C031D062B0FD9C31E4FF0FF3E5D
:106E50000EFA0CF021EA000199400EFA03FE22EA34
:106E60000E0241EA02005DF804FB0023EEE7000099
:106E7000074AD36823F4E0631B041B0C000200F4F0
:106E8000E060034343F0BF6343F40033D3607047D3
:106E900000ED00E010B50446054BD868C0F30220B1
:106EA000FFF7C6FF01462046FFF7AEFF10BD00BF4B
:106EB00000ED00E008B5FFF787FF08BD08B5FFF754
:106EC00091FF08BD0138B0F1807F0BD24FF0E02375
:106ED0005861054AF02182F82310002098610722AA
:106EE0001A6170470120704700ED00E0002808DBC0
:106EF00000F01F024009012393404030014A42F84C
:106F00002030704700E100E0002808DB00F01F029D
:106F10004009012393406030014A42F82030704715
:106F200000E100E030B4C46C056D6560446D14B1DF
:106F3000846DC56D6560446C04F01C0C012404FA7A
:106F40000CF4056C6C60046863608368102B05D0DA
:106F5000036899600368DA6030BC704703689A6020
:106F60000368D960F8E700000368104A934215D817
:106F7000426C22F0030202F1804202F50232826486
:106F8000DBB2083B0A4AA2FB03230A4AC264C3F3EA
:106F90000413012202FA03F303657047426C22F0E6
:106FA0000301054A0A448264EAE700BF070402407D
:106FB000CDCCCCCC800802401C080240436803F0D2
:106FC0003F03074A1A4492004265064A8265013B24
:106FD00003F00303012202FA03F3C365704700BF05
:106FE0003F8200104009024000285BD010B50446E3
:106FF00002682D4B9A423DD82C4B13442C49A1FBDF
:1070000003131B099B0043642A4B0364022384F887
:10701000253011686FF30E11A368E06803432069FF
:10702000034360690343A0690343E0690343206AA3
:1070300003430B4313602046FFF796FFA368B3F5A5
:10704000804F22D06368A26C03F03F031360E36CAF
:10705000226D5A606368013B032B19D900236365D5
:10706000A365E3650020E063012384F8253084F8FC
:10707000240010BD104B13440D49A1FB03131B0941
:107080009B0043640D4B0364C0E700236360D9E7B2
:107090002046FFF793FF636D00221A60A36DE26D37
:1070A0005A60DFE70120704707040240F8FFFDBF88
:1070B000CDCCCCCC00000240F8FBFDBF0004024068
:1070C00038B5044690F82400012841D0012084F806
:1070D000240094F82500C0B2012804D0002384F8CD
:1070E0002430022038BD022084F825000020E0630F
:1070F0002568286820F0010028602046FFF712FF6D
:10710000236BD3B12268136843F00E031360A36CA2
:107110001A6812F4803F03D01A6842F480721A6031
:10712000636D1BB11A6842F480721A60226813689A
:1071300043F0010313600020D4E72268136823F0B2
:10714000040313602268136843F00A031360DEE748
:107150000220C7E70346002834D090F82520D2B299
:10716000022A06D00422C263002280F824200120D3
:10717000704701680A6822F00E020A60816C0A6892
:1071800022F480720A6001680A6822F001020A6033
:10719000426C02F01C01006C01228A404260DA6CF1
:1071A000196D51605A6D32B1116821F4807111600E
:1071B0009A6DD96D5160012283F82520002083F853
:1071C000240070470120704708B590F82530DBB2E5
:1071D000022B03D00423C363012008BD0268136897
:1071E00023F00E0313600268136823F00103136099
:1071F000826C136823F480731360436C03F01C02E9
:10720000016C012393404B60C36C026D5A60436D67
:1072100033B11A6822F480721A60836DC26D5A60AD
:10722000012380F82530002380F82430836B13B1CC
:1072300098470020D1E70020CFE738B5036C1968E4
:1072400004682568436C03F01C0304229A400A4238
:1072500015D015F0040F12D0236813F0200F03D1BE
:10726000236823F004032360436C03F01C02016CC9
:10727000042393404B60036B03B1984738BD02224F
:107280009A400A421CD015F0020F19D0236813F05F
:10729000200F06D1236823F00A032360012380F81E
:1072A0002530436C03F01C02016C022393404B60B9
:1072B000002380F82430C36A002BDFD09847DDE735
:1072C000082202FA03F30B42D8D015F0080FD5D0EC
:1072D000236823F00E032360436C03F01C03016C4E
:1072E000012202FA03F34B60C26380F825200023D9
:1072F00080F82430436B002BC0D09847BEE702686B
:10730000C2F3004302F01F02012101FA02F25B0105
:1073100003F1B043C3F808287047000010B4064CCE
:10732000616941F0010161610260BFF36F8F4360E9
:107330005DF8044B704700BF00400058094B5B6983
:10734000002B01DB00207047064B074A9A6002F1D0
:1073500088329A605B69002B01DB002070470120B6
:10736000704700BF0040005823016745054B5A692C
:1073700042F000425A615B69002B01DB012070473B
:10738000002070470040005838B50546FFF7F2FC72
:1073900004461E4B1B6913F4803F06D0FFF7EAFC3E
:1073A000001BA842F5D3032038BD184B1B6913F00E
:1073B000010F02D0154A0121116113F4004F15D1BC
:1073C0004CF2FA3119404CF2FA32134001D00F4A14
:1073D0001361A9B90D4B1B6913F4802F14D0FFF76B
:1073E000C9FC001BA842F5D30320DDE7074A4FF490
:1073F0000041116123F400434CF2FA311940E2E7F5
:10740000034B59600120CFE70020CDE70040005832
:10741000B8140020F8B51F46154B1B78012B25D05A
:1074200004460D461646124B01221A7000225A607D
:107430004FF47A70FFF7A8FF70B9012C10D03146D5
:10744000284605F05DF94FF47A70FFF79DFF094A71
:10745000536923EA04035361054B00221A70F8BDF7
:1074600032463B462846FFF759FFECE70220F6E795
:10747000B814002000400058164B1B6813F4007F1E
:1074800010D0144B1A6822F400721A601A6842F481
:1074900000621A601A6822F400621A601A6842F4E4
:1074A00000721A600B4B1B6813F4806F10D0094BED
:1074B0001A6822F480621A601A6842F480521A60D4
:1074C0001A6822F480521A601A6842F480621A60C4
:1074D000704700BF00400058034A536923F4FF631C
:1074E00023F002035361704700400058054A536976
:1074F00023F4FF6343EAC00040F4803040F0020010
:107500005061704700400058F8B51B4B1B78012BA9
:107510002FD004460E46184B01221A7000225A60E2
:107520004FF47A70FFF730FF074620B92368022B2B
:1075300006D0FFF7A1FF104B00221A703846F8BDA5
:107540004FF0FF333360656800E001356368A2687F
:107550001344AB420AD92846FFF7C8FF4FF47A70AC
:10756000FFF712FF07460028EFD03560FFF7B4FFA2
:10757000DFE70227E2E700BFB8140020F0B50023E0
:1075800066E085685E000324B44025EA0405CC6803
:10759000B4402C438460456825EA0C054C68C4F36C
:1075A00000149C402C43446063E0DD08083550F82B
:1075B000254003F0070C4FEA8C0C4FF00F0E0EFA2B
:1075C0000CFE24EA0E0E0C6904FA0CF444EA0E04D4
:1075D00040F8254064E0042400E0002404FA0EF49E
:1075E0002C430CF1020C4F4D45F82C404E4C2568B5
:1075F000D44325EA02064F6817F4801F01D042EAFF
:107600000506494D2E606D6804EA05064F6817F4BB
:10761000001F01D042EA0506434D6E60D5F8805048
:1076200004EA05064F6817F4803F01D042EA0506D8
:107630003D4DC5F88060D5F884502C404E6816F456
:10764000003F01D042EA0504374AC2F884400133C2
:107650000A6832FA03F464D04FF0010C0CFA03FC10
:107660001CEA0202F3D04C6804F00304013C012C34
:1076700087D94C6804F00304032C0CD0C4685D0067
:107680004FF0030C0CFA05FC24EA0C0C8C68AC409F
:1076900044EA0C04C4604C6804F00304022C84D057
:1076A00004684FEA430E4FF0030C0CFA0EFC24EA78
:1076B0000C0C4C6804F0030404FA0EF444EA0C04C5
:1076C00004604C6814F4403FC1D04FEA930C0CF1B5
:1076D0000205144C54F8255003F0030E4FEA8E0EA9
:1076E0000F2404FA0EF425EA0405B0F1904F3FF49C
:1076F00074AF0E4CA0420ED004F58064A0420CD0B2
:1077000004F58064A0420AD004F58064A0423FF4EE
:1077100062AF072462E7012460E702245EE70324E6
:107720005CE7F0BD0000014000080058000400487C
:107730000369194201D001207047002070470AB147
:10774000816170478162704708B5054BDB68034271
:1077500000D108BD024BD860FAF788FFF9E700BFF7
:10776000000800587047000008B5054BD8681A6833
:1077700022EA00021A605860FFF7F4FF08BD00BF5C
:107780000015005870477047002309E000EB8302A2
:10779000054951609A1D00EB820204495160013392
:1077A000052BF3D9704700BF85770008877700085D
:1077B000002303604FF03F1343603F238360704713
:1077C000C0B138B5044690F8383083B10A4D284628
:1077D000FFF7EEFF2B6843F001132B602046FFF705
:1077E000D3FF00206063012384F8383038BDFAF7F6
:1077F000B9FCEBE701207047000C0058002831D09D
:1078000038B5044603684CF6CC421A60036845F26A
:1078100055521A60036842685A60036882689A6029
:10782000FFF7A8FA05462368DA6812F0070F0DD0B3
:10783000FFF7A0FA401B41F601039842F3D92368F1
:10784000DB6813F0070FEED0032005E01969E2684A
:10785000914202D01A61002038BD4AF6AA221A606D
:107860000020F9E70120704703684AF6AA221A604F
:1078700000207047024A136843F480731360704716
:1078800000040058024B186800F4C060704700BF45
:107890000004005830B58DB005468E462B4C94E858
:1078A0000F000DF1300C0CE90F0005AB04F11002D4
:1078B00007CA83E807000DF1040C1C3494E80F009C
:1078C0008CE80F00BEF5007F07D0002314E00CAA5F
:1078D00002EB830353F82C5C1EE00023032B08D833
:1078E0000CAA02EB830252F8102CAA42EFD2013309
:1078F000F4E7002510E00133022B0CD80CAA02EBB0
:10790000830252F81C2CAA42F5D30CAA02EB830383
:1079100053F82C5C00E000250D4A136823F00703A0
:107920002B431360FFF726FA0446094B1B6803F04C
:107930000703AB4206D0FFF71DFA001B0228F4D95B
:10794000032000E000200DB030BD00BF7CC7000860
:107950000040005810B5B02816D90E4BDC6A4FF025
:10796000B043D3F8083103F00F030B4A52F8233029
:10797000B4FBF3F4FFF786FF0146084BA3FB043486
:10798000A00CFFF787FF10BDC0F30310014B53F8A5
:107990002040E4E7ACC80008ECC8000883DE1B43C5
:1079A0004FF0B0439B6813F00C030DD14FF0B04380
:1079B0001B6803F0F003B02B04D81B09254A52F8CA
:1079C00023007047B023F8E7042B3ED0082B10D0DB
:1079D0004FF0B043DB6803F00303022B31D0032BDD
:1079E0000FD14FF0B0431B6813F4801F2BD11A48FE
:1079F00012E04FF0B0431B6813F4801F27D01748E4
:107A000070474FF0B0431B6803F0F003B02B16D85B
:107A10001B09104A52F823004FF0B042D368C3F359
:107A2000062303FB00F0D368C3F302130133B0FB5A
:107A3000F3F0D3685B0F0133B0FBF3F07047B02372
:107A4000E6E70648E8E70548E6E7044870470248E5
:107A5000704700BFACC800080048E8010024F400EB
:107A600008B5FFF79DFF4FF0B0439B68C3F30313C6
:107A7000024A52F82330B0FBF3F008BDECC800080E
:107A8000002800F0728338B50446036813F0200F15
:107A90002DD04FF0B0429368D26802F0030213F089
:107AA0000C0358D00C2B54D0E369002B00F0A080BD
:107AB0004FF0B042136843F001031360FFF75AF927
:107AC00005464FF0B0431B6813F0020F00F08880AA
:107AD000636A4FF0B042116821F0F0010B4313606C
:107AE000216A536823F47F4343EA012353602368E8
:107AF00013F0010F00F09A804FF0B042936803F04A
:107B00000C03D26802F00302082B00F08B800C2BD0
:107B100000F085806368B3F5803F00F0B0804FF0DF
:107B2000B042136823F4803313606368002B00F0C5
:107B3000AD80FFF71FF905464FF0B0431B6813F403
:107B4000003F73D1FFF716F9401B6428F4D90320D6
:107B500016E3012AA8D1E369002B00F00883606ACC
:107B60004FF0B0431B6803F0F003B02B21D89842CC
:107B700021D9FFF7EFFE002840F0FB82636A4FF047
:107B8000B042116821F0F0010B431360216A536881
:107B900023F47F4343EA01235360FFF761FFBF4BA8
:107BA0001860BF4B1868FFF79BF800289FD0012092
:107BB000E6E2B023DBE74FF0B042136823F0F003B6
:107BC00018431060216A536823F47F4343EA01237A
:107BD0005360606AFFF7BEFE0028DED00120CFE2CE
:107BE000FFF7C8F8401B02287FF66BAF0320C7E2FF
:107BF0004FF0B042136823F001031360FFF7BAF8A7
:107C000005464FF0B0431B6813F0020F3FF46FAF0F
:107C1000FFF7B0F8401B0228F3D90320B0E2032A93
:107C20007FF478AF6368002B00F0A582236813F01F
:107C3000020F54D04FF0B042936803F00C03D268A7
:107C400002F00302042B33D00C2B2FD0E368002B5F
:107C500071D04FF0B042136843F480731360FFF7A4
:107C600089F805464FF0B0431B6813F4806F2DD19F
:107C7000FFF780F8401B0228F4D9032080E24FF080
:107C8000B042136843F4803313604EE7FFF772F895
:107C900005464FF0B0431B6813F4003FC6D0FFF712
:107CA00069F8401B6428F4D9032069E2022ACDD187
:107CB000E368002B00F0618221694FF0B042536805
:107CC00023F0FE4343EA0163536008E021694FF06B
:107CD000B042536823F0FE4343EA016353602368D4
:107CE00013F0180F00F0DE806269002A00F0A38014
:107CF00013F0100F70D04FF0B043D3F8943013F05E
:107D0000020F2ED14FF0B042D2F8943043F001036D
:107D1000C2F89430FFF72EF805464FF0B043D3F881
:107D2000943013F0020F1CD1FFF724F8401B0228F7
:107D3000F3D9032024E24FF0B042136823F4807398
:107D40001360FFF717F805464FF0B0431B6813F4B4
:107D5000806FC4D0FFF70EF8401B0228F4D903202F
:107D60000EE24FF0B042D2F8943043F00403C2F870
:107D70009430FEF7FFFF05464FF0B043D3F8943040
:107D800013F0080F06D1FEF7F5FF401B0328F3D9C7
:107D90000320F5E1A1694FF0B042D2F8943023F40A
:107DA000706343EA0123C2F89430D2F8943023F090
:107DB0000103C2F89430FEF7DDFF05464FF0B043F3
:107DC000D3F8943013F0020F6CD0FEF7D3FF401BB2
:107DD0000228F3D90320D3E14FF0B042D2F8943017
:107DE00043F00103C2F89430FEF7C4FF05464FF09C
:107DF000B043D3F8943013F0020F06D1FEF7BAFF68
:107E0000401B0228F3D90320BAE14FF0B042D2F868
:107E1000943023F00403C2F894304FF0B043D3F809
:107E2000943013F0080F3DD0FEF7A4FF401B032849
:107E3000F3D90320A4E14FF0B042D2F8943023F0FC
:107E40000403C2F89430FEF795FF05464FF0B043A7
:107E5000D3F8943013F0080F18D14FF0B042D2F895
:107E6000943023F00103C2F89430FEF783FF0546F7
:107E70004FF0B043D3F8943013F0020F12D0FEF756
:107E800079FF401B0228F3D9032079E1FEF772FF46
:107E9000401B0328DAD9032072E100BF58000020FC
:107EA00098000020236813F0040F68D0B74B1B68BC
:107EB00013F4807F27D0A368012B35D0052B3CD04D
:107EC0004FF0B043D3F8902022F00102C3F8902085
:107ED000D3F8902022F00402C3F89020A368DBB30B
:107EE000FEF748FF05464FF0B043D3F8903013F04B
:107EF000020F44D1FEF73EFF401B41F28833984207
:107F0000F1D903203CE1FFF7B5FCFEF733FF05464E
:107F10009E4B1B6813F4807FCDD1FEF72BFF401BD7
:107F20000228F5D903202BE14FF0B042D2F890306F
:107F300043F00103C2F89030D0E74FF0B043D3F8DC
:107F4000902042F00402C3F89020D3F8902042F031
:107F50000102C3F89020C1E7FEF70CFF05464FF081
:107F6000B043D3F8903013F0020F08D0FEF702FFB1
:107F7000401B41F288339842F1D9032000E1236885
:107F800013F0400F33D0A36AC3B14FF0B042D2F820
:107F9000983043F00103C2F89830FEF7EBFE054637
:107FA0004FF0B043D3F8983013F0020F1FD1FEF713
:107FB000E1FE401B0228F3D90320E1E04FF0B0427C
:107FC000D2F8983023F00103C2F89830FEF7D2FEC1
:107FD00005464FF0B043D3F8983013F0020F06D0A7
:107FE000FEF7C8FE401B0228F3D90320C8E0E36A6D
:107FF000002B00F0C4804FF0B042916801F00C01FA
:10800000D268022B19D00C2900F0BD804FF0B0428D
:10801000136823F080731360FEF7ACFE04464FF044
:10802000B0431B6813F0007F00F09780FEF7A2FEBC
:10803000001B0228F3D90320A2E002F00303206B07
:1080400083420AD00C2900F09C804FF0B0431B689B
:1080500013F0806F22D0012092E002F07003606B79
:108060008342EFD1C2F30623A06B8342EAD102F42C
:108070007813E06B8342E5D102F06063206C8342A9
:10808000E0D102F06042636C9A42DBD14FF0B04322
:108090001B6813F0007F44D0002071E04FF0B04225
:1080A000136823F080731360FEF764FE05464FF0FB
:1080B000B0431B6813F0007F06D0FEF75BFE401B49
:1080C0000228F4D903205BE04FF0B042D368304976
:1080D0001940236B606B0343A06B43EA0023E06B02
:1080E0000343206C0343606C03431943D16013685E
:1080F00043F080731360D36843F08053D360FEF77E
:1081000039FE04464FF0B0431B6813F0007F06D1E0
:10811000FEF730FE001B0228F4D9032030E00020D7
:108120002EE04FF0B0431A6842F080721A60DA68AD
:1081300042F08052DA60FEF71DFE04464FF0B04375
:108140001B6813F0007F06D1FEF714FE031B022B01
:10815000F4D9032014E0002012E04FF0B042D168BF
:108160000C4B0B40D36000200AE001207047012037
:1081700006E0012004E0012002E0012000E00020F0
:1081800038BD0120FCE70120FAE700BF00040058D9
:108190008C80C111FCFFFEEE002800F0278170B535
:1081A0000C460546934B1B6803F007038B422DD307
:1081B0002B6813F0020F3FD12B6813F0200F53D11F
:1081C0002B6813F0400F6AD12B6813F0040F40F0B6
:1081D00083802B6813F0080F40F097802B6813F012
:1081E000010F00F0DE806B68022B00F0A880032BEB
:1081F00000F0AD80002B40F0B2804FF0B04212682A
:1082000012F0020F40F0B1800120EEE0794A1368CD
:1082100023F007030B431360FEF7ACFD0646754BD6
:108220001B6803F00703A342C2D0FEF7A3FD801B27
:108230000228F4D90320D8E0AB684FF0B0418A6837
:1082400022F0F00213438B60FEF794FD06464FF0D8
:10825000B0439B6813F4803FAED1FEF78BFD801BCB
:108260000228F4D90320C0E06B694FF0B041D1F887
:10827000082122F0F0021343C1F80831FEF77AFD1D
:1082800006464FF0B043D3F8083113F4003F97D1BE
:10829000FEF770FD801B0228F3D90320A5E0A96931
:1082A0004FF0B042D2F8083123F00F0343EA111324
:1082B000C2F80831FEF75EFD06464FF0B043D3F832
:1082C000083113F4803F7FF47FAFFEF753FD801B2E
:1082D0000228F2D9032088E0EB684FF0B0418A68A9
:1082E00022F4E06213438B60FEF744FD06464FF034
:1082F000B0439B6813F4003F7FF46BAFFEF73AFD89
:10830000801B0228F3D903206FE029694FF0B042A7
:10831000936823F4605343EAC1039360FEF72AFD98
:1083200006464FF0B0439B6813F4802F7FF456AF9E
:10833000FEF720FD801B0228F3D9032055E04FF003
:10834000B042126812F4003F0FD101204DE04FF00F
:10835000B042126812F0007F07D1012045E04FF0D3
:10836000B042126812F4806F42D04FF0B0418A6878
:1083700022F0030213438B60FEF7FCFC06464FF02D
:10838000B0439B6803F00C036A68B3EB820F08D01C
:10839000FEF7F0FC801B41F288339842EFD90320AE
:1083A00023E0144B1B6803F00703A34215D9114ABD
:1083B000136823F0070323431360FEF7DBFC054635
:1083C0000C4B1B6803F00703A34206D0FEF7D2FC58
:1083D000401B0228F4D9032007E0FFF741FB064BBE
:1083E0001860FEF7CDFCFEF77BFC70BD01207047E6
:1083F0000120FAE700400058580000204FF0B0413B
:10840000D1F88830020902F47F2223EA0203000136
:1084100000F47F200343C1F88830704770B50546EB
:108420004FF0B042136823F080631360FEF7A2FCA4
:1084300004464FF0B0431B6813F0006F06D0FEF700
:1084400099FC001B0228F4D9032400E000240CB19D
:10845000204670BD4FF0B0431A6922F4FE422968ED
:1084600042EA01221A611A6922F4781269680A4301
:108470001A611A6842F080621A60FEF77BFC0646B9
:108480004FF0B0431B6813F0006F05D1FEF772FC8C
:10849000801B0228F4D90324002CD9D14FF0B0421C
:1084A000136929690B431361D2E770B505464FF094
:1084B000B042136823F080631360FEF75BFC044650
:1084C0004FF0B0431B6813F0006F06D0FEF752FC6C
:1084D000001B0228F4D9032400E000240CB120463C
:1084E00070BD4FF0B0431A6922F4FE42296842EA97
:1084F00001221A611A6922F06062A9680A431A61AE
:108500001A6842F080621A60FEF734FC06464FF0AB
:10851000B0431B6813F0006F05D1FEF72BFC801BE6
:108520000228F4D90324002CD9D14FF0B0421369AA
:1085300029690B431361D2E770B505464FF0B0428D
:10854000136823F080631360FEF714FC04464FF0B9
:10855000B0431B6813F0006F06D0FEF70BFC001B46
:108560000228F4D9032400E000240CB1204670BD99
:108570004FF0B0431A6922F4FE42296842EA012210
:108580001A611A6922F06042E9680A431A611A689E
:1085900042F080621A60FEF7EDFB06464FF0B043F2
:1085A0001B6813F0006F05D1FEF7E4FB801B022867
:1085B000F4D90324002CD9D14FF0B04213692969B2
:1085C0000B431361D2E770B50446036813F0400F04
:1085D0002FD0036BB3F5800F14D00AD833B9043011
:1085E000FFF71CFF0646A0B1054624E001252E46F4
:1085F00021E0B3F5000F18D0B3F5400F17D00125D7
:108600002E4618E04FF0B042D36843F48033D36075
:108610000026236B4FF0B041D1F8882022F44002AD
:108620001343C1F88830002505E00026F1E7002655
:10863000EFE700252E46236813F4006F0AD04FF0B1
:10864000B043D3F8905005F44075236CAB4240F032
:10865000B7803546236813F0010F09D0A3694FF0A6
:10866000B041D1F8882022F003021343C1F88830CA
:10867000236813F0020F09D0E3694FF0B041D1F83D
:10868000882022F440621343C1F88830236813F035
:10869000100F0CD0A16A4FF0B042D2F88830080C0D
:1086A000000423EA000343EA0143C2F88830236848
:1086B00013F0200F0CD0E16A4FF0B042D2F88830AE
:1086C000080C000423EA000343EA0143C2F888309F
:1086D000236813F0040F40F0B480236813F0080FF0
:1086E00040F0B380236813F4807F13D0636B4FF0A6
:1086F000B041D1F8882022F040621343C1F888309D
:10870000636BB3F1006F00F0A480636BB3F1806F13
:1087100000F0A480236813F4007F17D0A36BB3F19B
:10872000804F05D0B3F1004F02D0002B40F09E8067
:108730004FF0B041D1F8882022F040421343C1F8F5
:108740008830A36BB3F1C05F00F0A280236813F4FC
:10875000806F13D0E36B4FF0B041D1F8882022F046
:1087600040521343C1F88830E36BB3F1005F00F06F
:108770009680E36BB3F1805F00F09680236813F47A
:10878000805F09D0636C4FF0B041D1F8942022F49F
:1087900040421343C1F89430236813F4005F0DD0B6
:1087A000E26C4FF0B043596A21F030010A435A623B
:1087B000A26C596A21F003010A435A62284670BD2F
:1087C000FFF758F85DB9236C4FF0B041D1F8902015
:1087D00022F440721343C1F8903035463AE74FF027
:1087E000B043D3F89020D3F8901041F48031C3F80F
:1087F0009010D3F8901021F48031C3F8901022F437
:108800004072216C0A43C3F89020D3F8903013F0E3
:10881000010F12D0FEF7AEFA05464FF0B043D3F881
:10882000903013F0020F0AD1FEF7A4FA401B41F278
:1088300088339842F1D903250CE735460AE73546D7
:1088400008E7206AFFF7DAFD47E7606AFFF7D6FD21
:1088500048E7CB6843F08073CB6056E7201DFFF7F5
:1088600024FE00283FF456AF054653E723F080531B
:108870004FF0B042D2F8881021F04041C2F8881081
:10888000D2F8881021F040610B43C2F8883058E7D5
:108890004FF0B042D36843F08073D36056E7CB68A3
:1088A00043F48033CB6064E7201DFFF745FE0028CA
:1088B0003FF464AF054661E7D0B110B50446437A92
:1088C00093B1022363722268136823F02003616866
:1088D0000B4313602268136843F004031360012301
:1088E00063720020E06010BD0372F9F763FCE8E7F3
:1088F0000120704738B5044603680A4ADA60FEF77B
:1089000039FA05462368DB6813F0200F07D1FEF71C
:1089100031FA401BB0F57A7FF4D9032000E0002043
:1089200038BD00BF5FFF010070B50368DA6812F060
:10893000400F02D00025284670BD0446DA6842F098
:108940008002DA60FEF716FA064600252368DB6827
:1089500013F0400FEFD1002DEDD1FEF70BFA831B82
:10896000B3F57A7FF2D9042384F821300125EDE7AD
:108970000268D36823F08003D36003689B6813F018
:10898000200F01D00020704710B50446FFF7B2FF5A
:1089900018B1042384F82130012010BD002850D0E4
:1089A00038B5044690F8213063B1022384F82130B1
:1089B0002368DA6812F0100F09D00020012384F830
:1089C000213038BD80F82030F9F71EFCEDE7CA22CF
:1089D0005A62236853225A622046FFF7A5FF28B146
:1089E0002368FF225A620028EBD1E7E722689368E8
:1089F00023F4E00323F04003936021688A686368EE
:108A000020690343A069034313438B602368E26832
:108A10001A6122681369A16843EA01431361204681
:108A2000FFF7A6FF0028DBD12268D36C23F00303F5
:108A3000D3642168CB6CE26965692A431343CB6434
:108A4000CEE701207047000010B483B08446464B47
:108A50001868464BA3FB0030C00A4FF47A7303FB3F
:108A600000F001909CF82030012B7AD001238CF883
:108A7000203002238CF82130DCF80030CA245C62FC
:108A8000DCF8003053245C62DCF80040A36813F487
:108A9000806F09D0019B013B0193019B002B49D0C2
:108AA000E36813F0040FF5D1A36823F48063A36097
:108AB000DCF80040E368DBB263F49063E3600190AC
:108AC000019B013B0193019B002B3CD0DCF8003063
:108AD000D86810F0040FF3D0986820F00700986071
:108AE000DCF80000836813438360DCF800305961D0
:108AF0001F4BD3F8802042F40022C3F880201A686C
:108B000042F400221A60DCF80020936843F48043AA
:108B10009360DCF80020936843F480639360DCF892
:108B20000030FF225A6201238CF8213000208CF89B
:108B3000200012E0FF23636203208CF82100002351
:108B40008CF8203009E0DCF80030FF225A62032064
:108B50008CF8210000238CF8203003B05DF8044B22
:108B600070470220F9E700BF58000020D34D621083
:108B70000008005890F82030012B1AD0012280F80C
:108B80002020022380F821300368CA21596203683B
:108B90005321596201688B6843F020038B6003689E
:108BA000FF21596280F82120002380F820301846E8
:108BB000704702207047000030B4026A036A23F055
:108BC000010303624468836923F4803323F0730351
:108BD0000D681D4322F002028B681343154A904230
:108BE00007D002F5E052904203D0A2F58062904295
:108BF00007D1026A22F00402026223F00803CA6865
:108C000013430C4A904207D002F5C052904203D061
:108C100002F58062904205D124F440744A692243EF
:108C20008C691443446085614A684263036230BCC6
:108C3000704700BF002C014030B4036A026A22F47E
:108C4000807202624468C26922F4803222F07302A8
:108C50000D68154323F400738A6843EA0223114A1E
:108C6000904207D002F5C05290420CD00E4A90427A
:108C700011D108E0026A22F48062026223F40063E8
:108C8000CA6843EA022324F440544A6944EA0214BD
:108C90008A6944EA02144460C5614A68C263036297
:108CA00030BC7047002C01400048014030B4026ADB
:108CB000036A23F4805303624468C36923F080731A
:108CC00023F4E6430D6843EA052322F400528D683D
:108CD00042EA05320B4DA84207D005F5C055A8421F
:108CE00003D005F58065A84204D124F480444D6981
:108CF00044EA85144460C3614B680364026230BC7B
:108D0000704700BF002C014030B4036A026A22F4AD
:108D1000803202624468426D22F4803222F0700296
:108D20000D682A4323F400338D6843EA05430B4D55
:108D3000A84207D005F5C055A84203D005F58065C7
:108D4000A84204D124F480344D6944EA05244460E7
:108D500042654A688265036230BC7047002C01405E
:108D600030B4026A036A23F4801303624468436DDB
:108D700023F0807323F4E0430D6843EA052322F4D3
:108D800000128D6842EA05520B4DA84207D005F546
:108D9000C055A84203D005F58065A84204D124F44B
:108DA00080244D6944EA8524446043654B68C3656B
:108DB000026230BC704700BF002C014030B4056A2D
:108DC000046A24F0100404620D4CA04213D084699C
:108DD00024F4407C4CEA022222F470421B039BB232
:108DE000134325F0A002090101F0A00111438361A2
:108DF000016230BC7047046A24F040040462E6E774
:108E0000002C014030B4056A046A24F480740462C2
:108E10000D4CA04213D0C46924F0030C4CEA0202AA
:108E200022F0F0021B01DBB2134325F42062090299
:108E300001F420611143C361016230BC7047046AD0
:108E400024F480640462E6E7002C014030B4056A33
:108E5000046A24F480540462C46924F4407C4CEA1B
:108E6000022C2CF4704C1B039BB243EA0C0325F438
:108E70002045090301F420412943C361016230BC4C
:108E800070477047704770470C2914D8DFE801F02D
:108E9000071313130A1313130D131313100003688E
:108EA000586B70470368986B70470368D86B7047BE
:108EB0000368186C70470020704770477047704710
:108EC00070B504460368DE681D6915F0020F10D006
:108ED00016F0020F0DD06FF002021A610123037722
:108EE00003689B6913F0030F64D0FDF7C9FA0023F0
:108EF000237715F0040F12D016F0040F0FD023685B
:108F00006FF004021A610223237723689B6913F42C
:108F1000407F55D02046FDF7B3FA0023237715F0A4
:108F2000080F12D016F0080F0FD023686FF0080258
:108F30001A61042323772368DB6913F0030F46D0FB
:108F40002046FDF79DFA0023237715F0100F12D06D
:108F500016F0100F0FD023686FF010021A6108236B
:108F600023772368DB6913F4407F37D02046FDF771
:108F700087FA0023237715F0010F02D016F0010FB6
:108F800033D115F4025F02D016F0800F35D115F4FD
:108F9000807F02D016F0800F37D115F0400F02D03D
:108FA00016F0400F39D115F0200F02D016F0200F27
:108FB0003BD170BDFDF78EFB2046FFF77FFF96E7A4
:108FC0002046FDF787FB2046FFF778FFA5E7204600
:108FD000FDF780FB2046FFF771FFB4E72046FDF761
:108FE00079FB2046FFF76AFFC3E723686FF00102B1
:108FF0001A612046FFF761FFC3E723686FF402524E
:109000001A61204600F05BFFC1E723686FF48072AD
:109010001A61204600F054FFBFE723686FF040025A
:109020001A612046FFF74BFFBDE723686FF020026F
:109030001A61204600F042FFBBE7000003681C4AAB
:10904000904202D0B0F1804F03D123F070034A6800
:109050001343174A90420AD0B0F1804F07D002F56F
:10906000C052904203D002F58062904203D123F4B3
:109070004073CA68134323F080034A6913438A6824
:10908000C2620A6882620A4A904207D002F5C05260
:10909000904203D002F58062904201D10A690263D6
:1090A000026842F0040202600122426103607047DC
:1090B000002C014060B310B5044690F83D3013B366
:1090C000022384F83D30214651F8040BFFF7B6FF28
:1090D000012384F8483084F83E3084F83F3084F827
:1090E000403084F8413084F8423084F8433084F8CA
:1090F000443084F8453084F8463084F8473084F8AA
:109100003D30002010BD80F83C30FFF7BAFED7E7B5
:109110000120704760B310B5044690F83D3013B39A
:10912000022384F83D30214651F8040BFFF786FFF7
:10913000012384F8483084F83E3084F83F3084F8C6
:10914000403084F8413084F8423084F8433084F869
:10915000443084F8453084F8463084F8473084F849
:109160003D30002010BD80F83C30FFF78BFED7E784
:109170000120704760B310B5044690F83D3013B33A
:10918000022384F83D30214651F8040BFFF756FFC7
:10919000012384F8483084F83E3084F83F3084F866
:1091A000403084F8413084F8423084F8433084F809
:1091B000443084F8453084F8463084F8473084F8E9
:1091C0003D30002010BD80F83C30FFF75CFED7E753
:1091D0000120704730B4036A026A22F01002026272
:1091E0004468826922F0807222F4E6420D6842EA05
:1091F000052223F020038D6843EA0513114DA84290
:1092000007D005F5C055A8420CD00F4DA84211D18A
:1092100008E0056A25F04005056223F08003CD686B
:1092200043EA051324F440644D6944EA85048D69DA
:1092300044EA8504446082614A688263036230BC08
:10924000704700BF002C01400048014090F83C30BE
:10925000012B36D010B50446012380F83C30142A87
:109260002AD8DFE802F00B292929102929291529F4
:1092700029291A2929291F29292924000068FFF7EB
:109280009BFC002019E00068FFF7A4FF002014E019
:109290000068FFF7D1FC00200FE00068FFF706FD33
:1092A00000200AE00068FFF72FFD002005E00068BD
:1092B000FFF756FD002000E00120002384F83C3039
:1092C00010BD0220704738B590F83C30012B00F0FB
:1092D000958004460D46012380F83C30142A00F2A4
:1092E0008880DFE802F00B8686861F8686863486B5
:1092F0008686488686865D86868671000068FFF7CA
:109300005BFC2268936943F00803936122689369C8
:1093100023F0040393612268936929690B439361E5
:10932000002067E00068FFF755FF2268936943F467
:10933000006393612268936923F4806393612268D8
:109340009369296943EA01239361002052E0006890
:10935000FFF772FC2268D36943F00803D3612268E7
:10936000D36923F00403D3612268D36929690B43CD
:10937000D36100203EE00068FFF798FC2268D369C3
:1093800043F40063D3612268D36923F48063D3611B
:109390002268D369296943EA0123D361002029E0C7
:1093A0000068FFF7B1FC2268536D43F00803536572
:1093B0002268536D23F0040353652268536D2969B5
:1093C0000B435365002015E00068FFF7C9FC2268D5
:1093D000536D43F4006353652268536D23F4806337
:1093E00053652268536D296943EA012353650020C0
:1093F00000E00120002384F83C3038BD0220FCE767
:1094000070B4056A046A24F001040462144CA0429A
:1094100007D004F5E054A04203D0A4F58064A04234
:1094200003D1046A24F00404046284690C4EB0423F
:1094300005D0B0F1804F02D044F0010202E024F0E8
:109440000304224322F0F0021B01DBB2134325F098
:109450000A0201F00A0111438361016270BC704786
:10946000002C014038B590F83C30012B5ED004460A
:109470000D46012380F83C300C2A52D8DFE802F078
:1094800007515151195151512C5151513E00CB6846
:109490004A6809680068FFF7B3FF2268936923F000
:1094A0000C03936122689369A9680B4393610020C0
:1094B00038E0CB684A6809680068FFF77FFC2268DB
:1094C000936923F44063936122689369A96843EA2E
:1094D00001239361002025E0CB684A680968006891
:1094E000FFF790FC2268D36923F00C03D361226854
:1094F000D369A9680B43D361002013E0CB684A68A5
:1095000009680068FFF7A2FC2268D36923F440636E
:10951000D3612268D369A96843EA0123D36100209B
:1095200000E00120002384F83C3038BD0220FCE735
:1095300001F01F014FF0010C0CFA01FC036A23EA51
:109540000C030362036A8A401343036270470000FE
:1095500010B5044610293CD8DFE801F0093B3B3B3D
:109560001F3B3B3B263B3B3B2D3B3B3B340090F8BA
:109570003E30DBB2013B18BF0123002B40F0AA8034
:10958000102976D8DFE801F02C757575557575755D
:109590005E75757567757575700090F83F30DBB254
:1095A000013B18BF0123E8E790F84030DBB2013BF4
:1095B00018BF0123E1E790F84130DBB2013B18BF4F
:1095C0000123DAE790F84230DBB2013B18BF0123F8
:1095D000D3E790F84330DBB2013B18BF0123CCE75F
:1095E000022384F83E302268D36843F00203D3603C
:1095F00001222068FFF79CFF23683A4A934207D074
:1096000002F5C052934203D002F58062934203D127
:109610005A6C42F400425A642368324A93424BD057
:10962000B3F1804F48D01A6842F001021A6000205E
:1096300051E0022384F83F302268D36843F00403EA
:10964000D360D5E7022384F840302268D36843F022
:109650000803D360CCE7022384F841302268D36842
:1096600043F01003D360C3E7022384F842300120A3
:1096700031E0022384F843300C292DD801A353F89C
:1096800021F000BFE7950008D9960008D996000898
:10969000D996000839960008D9960008D99600088E
:1096A000D99600084B960008D9960008D99600086C
:1096B000D99600085D96000899680B4A0A40062A68
:1096C0000CD0B2F5803F0BD01A6842F001021A604C
:1096D000002000E0012010BD0120FCE70020FAE797
:1096E0000020F8E7002C01400700010038B50546CE
:1096F0000C460C297CD8DFE801F0077B7B7B3A7BAA
:109700007B7B407B7B7B46000268D36823F00203AF
:10971000D360002221462868FFF70AFF2B68354AEC
:10972000934236D002F5C052934232D002F58062A5
:1097300093422ED02A68136A03F0113323F0885322
:1097400043B9116A40F24443194203D1136823F02C
:1097500001031360102C46D8DFE804F02C45454582
:1097600031454545364545453B4545454000026840
:10977000D36823F00403D360CBE70268D36823F0F7
:109780000803D360C5E70268D36823F01003D360F1
:10979000BFE71A6A02F0113222F08852002AC9D1BA
:1097A000196A40F244421142C4D15A6C22F4004278
:1097B0005A64BFE7012385F83E30002019E00123F9
:1097C00085F83F30002014E0012385F84030002068
:1097D0000FE0012385F8413000200AE0012385F8DD
:1097E0004230002005E0012385F84330002000E0EE
:1097F000012038BD002C014010B5044610293BD88B
:10980000DFE801F0093A3A3A1E3A3A3A253A3A3A4A
:109810002C3A3A3A330090F83E30DBB2013B18BFA5
:109820000123002B75D1102961D8DFE801F02C60ED
:1098300060605060606054606060586060605C00B0
:1098400090F83F30DBB2013B18BF0123E9E790F805
:109850004030DBB2013B18BF0123E2E790F8413012
:10986000DBB2013B18BF0123DBE790F84230DBB2EB
:10987000013B18BF0123D4E790F84330DBB2013B32
:1098800018BF0123CDE7022384F83E30012220686F
:10989000FFF74EFE2368224A934207D002F5C052DA
:1098A000934203D002F58062934203D15A6C42F492
:1098B00000425A6423681A4A93421CD0B3F1804F85
:1098C00019D01A6842F001021A60002022E0022337
:1098D00084F83F30DAE7022384F84030D6E70223E9
:1098E00084F84130D2E7022384F84230CEE70223E5
:1098F00084F84330CAE799680A4A0A40062A0AD01F
:10990000B2F5803F09D01A6842F001021A600020C7
:1099100000E0012010BD0020FCE70020FAE700BFB6
:10992000002C01400700010038B504460D46002216
:109930000068FFF7FDFD2368284A934224D002F512
:10994000C052934220D002F5806293421CD022681C
:10995000136A03F0113323F0885343B9116A40F2BC
:109960004443194203D1136823F001031360102DFF
:1099700030D8DFE805F01A2F2F2F1F2F2F2F232F7E
:109980002F2F272F2F2F2B001A6A02F0113222F0CF
:109990008852002ADBD1196A40F244421142D6D1E2
:1099A0005A6C22F400425A64D1E7012384F83E3015
:1099B000002038BD012384F83F30F9E7012384F803
:1099C0004030F5E7012384F84130F1E7012384F8C2
:1099D0004230EDE7012384F84330E9E7002C0140F1
:1099E00010B50446102934D8DFE801F009333333C9
:1099F00023333333273333332B3333332F0090F870
:109A00003E00C0B249BB94F84430DBB2012840F0BC
:109A10009B80012B40F09980102955D8DFE801F098
:109A20002D54545433545454485454544C54545452
:109A3000500090F83F00C0B2E4E790F84000C0B298
:109A4000E0E790F84100C0B2DCE790F84200C0B215
:109A5000D8E790F84300C0B2D4E7042905D008291C
:109A600007D094F84730DBB2D0E794F84530DBB24A
:109A7000CCE794F84630DBB2C8E7022284F83E20F7
:109A800084F8442009E0022284F83F2004291FD0F2
:109A9000082936D0022284F847200C2956D8DFE85E
:109AA00001F0395555551A555555335555553F0003
:109AB000022284F84020E9E7022284F84120E5E709
:109AC000022284F84220E1E7022284F84320DDE705
:109AD000022384F845302268D36843F00403D3603E
:109AE00001222068FFF724FD23681B4A93421DD002
:109AF000B3F1804F1AD01A6842F001021A600020B8
:109B000023E0022384F846302268D36843F0080338
:109B1000D360E5E72268D36843F00203D360DFE750
:109B20002268D36843F01003D360D9E799680B4AE1
:109B30000A40062A0CD0B2F5803F0BD01A6842F0DA
:109B400001021A60002000E0012010BD1846FCE769
:109B50000020FAE70020F8E7002C01400700010090
:109B600038B505460C460C296ED8DFE801F0076DC4
:109B70006D6D2E6D6D6D346D6D6D3A000268D3683C
:109B800023F00203D360002221462868FFF7D0FCAF
:109B90002A68136A03F0113323F0885343B9116A1A
:109BA00040F24443194203D1136823F001031360C8
:109BB000102C3BD8DFE804F01B3A3A3A223A3A3A02
:109BC0002E3A3A3A323A3A3A36000268D36823F0EB
:109BD0000403D360D7E70268D36823F00803D36097
:109BE000D1E70268D36823F01003D360CBE70123E9
:109BF00085F83E3085F84430002026E0012385F8C2
:109C00003F30042C16D0082C19D0012385F847309A
:109C100000201AE0012385F84030F2E7012385F89F
:109C20004130EEE7012385F84230EAE7012385F869
:109C30004330E6E7012385F84530002005E00123A5
:109C400085F84630002000E0012038BD01F00F010A
:109C50004FF0040C0CFA01FC036A23EA0C030362C4
:109C6000036A8A40134303627047000010B504463C
:109C7000084619BB94F84430DBB2013B18BF0123FE
:109C8000002B52D1002832D1022384F84430042220
:109C900001462068FFF7DAFF2268536C43F4004363
:109CA00053642368244A934231D0B3F1804F2ED0BD
:109CB0001A6842F001021A60002037E0042908D037
:109CC00008290DD094F84730DBB2013B18BF0123BF
:109CD000D6E794F84530DBB2013B18BF0123CFE74C
:109CE00094F84630DBB2013B18BF0123C8E70428D3
:109CF00005D0082807D0022384F84730C7E702239D
:109D000084F84530C3E7022384F84630BFE79968FA
:109D10000A4A0A40062A0AD0B2F5803F09D01A68DA
:109D200042F001021A60002000E0012010BD002076
:109D3000FCE70020FAE700BF002C0140070001000B
:109D400038B504460D4600220068FFF77FFF226801
:109D5000136A03F0113323F0885343B9116A40F2B8
:109D60004443194203D1536C23F4004353642268E3
:109D7000136A03F0113323F0885343B9116A40F298
:109D80004443194203D1136823F00103136025B93A
:109D9000012384F84430002038BD042D05D0082D5F
:109DA00007D0012384F84730F5E7012384F84530D4
:109DB000F1E7012384F84630EDE7000090F83C20FD
:109DC000012A2BD030B40346012280F83C20022225
:109DD00080F83D20006842688468114DA84218D080
:109DE00022F070020D682A4342601A680C488242D1
:109DF00002D0B2F1804F04D124F08004896821435D
:109E00009160012283F83D20002083F83C0030BCA3
:109E1000704722F470024D682A43E1E70220704740
:109E2000002C014090F83C30012B43D010B4024686
:109E3000012380F83C30CB6823F4407388680343E7
:109E400023F480634868034323F4006308680343F2
:109E500023F480530869034323F400534869034300
:109E600023F48043086B034323F47023886943EA97
:109E7000004323F08053C869034310680E4CA0428E
:109E800006D04364002082F83C005DF8044B704724
:109E900023F470038C6A43EA045323F080730C6A42
:109EA000234323F000734C6A234323F00053C96A11
:109EB0000B43E6E702207047002C014070477047D3
:109EC0007047026852E8003F23F4907342E8003183
:109ED0000029F6D1026802F1080353E8003F23F09D
:109EE000805323F00103083242E800310029F1D108
:109EF000C36E012B06D02023C0F88C300023C3662C
:109F000043677047026852E8003F23F0100342E8BD
:109F100000310029F6D1EEE708B5026852E8003FAB
:109F200023F0400342E800310029F6D12023C0F895
:109F3000883000238367F9F7BDF808BD704708B57E
:109F4000806AFFF7FBFF08BD7047000070B504464C
:109F50000268D3691068916840F60F0C13EA0C0F81
:109F60000DD113F0200F10D010F0200F02D111F0FE
:109F7000805F0AD0636F93B3204698472FE09D4DD2
:109F80000D402DD19C4E30422AD1E56E012D00F0BE
:109F9000C08013F4801F03D011F4800F40F06C8157
:109FA00013F0800F07D010F0800F40F06C8111F497
:109FB000000F40F0688113F0400F03D010F0400F05
:109FC00040F0688113F4000F03D010F0804F40F090
:109FD000658113F0807F02D00028C0F2638170BDDC
:109FE00013F0010F09D010F4807F06D0012616620D
:109FF000D4F890203243C4F8902013F0020F0BD015
:10A0000011F0010F08D0226802261662D4F89020C1
:10A0100042F00402C4F8902013F0040F0BD011F0AA
:10A02000010F08D0226804261662D4F8902042F06E
:10A030000202C4F8902013F0080F0BD010F0200F8C
:10A0400000D13DB1226808251562D4F890202A433A
:10A05000C4F8902013F4006F0CD010F0806F09D07A
:10A0600022684FF400651562D4F8902042F0200277
:10A07000C4F89020D4F89020002AB0D013F0200F1C
:10A0800009D010F0200F02D111F0805F03D0636F70
:10A090000BB120469847D4F8902023689B6813F0B2
:10A0A000400F02D112F0280F2CD02046FFF709FFF5
:10A0B00023689B6813F0400F20D0226802F1080348
:10A0C00053E8003F23F04003083242E80031002902
:10A0D000F3D1D4F880306BB1484A9A63D4F8800049
:10A0E000FDF772F800283FF47AAFD4F88000836B54
:10A0F000984774E72046FFF721FF70E72046FFF7F7
:10A100001DFF6CE72046FFF719FF0023C4F89030CD
:10A1100065E713F0100F3FF43CAF10F0100F3FF461
:10A1200038AF1023136223689B6813F0400F67D089
:10A13000D4F880100A6853689BB2002B4AD0B4F858
:10A140005C00984246D9A4F85E300B681B6813F097
:10A15000200F32D1226852E8003F23F4807342E896
:10A1600000310029F6D1226802F1080353E8003FCC
:10A1700023F00103083242E800310029F3D12268BC
:10A1800002F1080353E8003F23F04003083242E89D
:10A1900000310029F3D12023C4F88C300023E3667A
:10A1A000226852E8003F23F0100342E80031002902
:10A1B000F6D1D4F88000FCF7CDFF02232367B4F872
:10A1C0005C10B4F85E309BB2C91A89B22046FFF722
:10A1D000BBFE04E7B4F85C1099427FF400AF13684B
:10A1E00013F0200F3FF4FBAE022323672046FFF756
:10A1F000ABFEF4E601000010200100043F9F0008C0
:10A20000B4F85C10B4F85E309BB2C91A89B2B4F8E5
:10A210005E309BB2002B3FF4E2AE00293FF4DFAE8C
:10A22000226852E8003F23F4907342E8003000288F
:10A23000F6D1226802F1080353E8003F23F080536F
:10A2400023F00103083242E800300028F1D1202336
:10A25000C4F88C300023E3666367226852E8003F4D
:10A2600023F0100342E800300028F6D102232367D0
:10A270002046FFF769FEB2E64FF4801313622046D2
:10A2800000F07AFBABE6A36F002B3FF4A8AE2046AC
:10A290009847A4E62046FFF73FFEA0E6204600F0E0
:10A2A0006DFB9CE6204600F068FB98E608B5B0F828
:10A2B0006030D0F88C20222A05D00268936943F0E0
:10A2C0000803936108BD0268516ADBB2826D0B40DE
:10A2D0001370836D01338365B0F85E309BB2013B30
:10A2E0009BB2A0F85E30B0F85E309BB2002BE9D193
:10A2F000026852E8003F23F4907342E800310029DD
:10A30000F6D1026802F1080353E8003F23F001038D
:10A31000083242E800310029F3D12023C0F88C3004
:10A320000023436703670368164A93420CD05B68B7
:10A3300013F4000F08D0026852E8003F23F0806356
:10A3400042E800310029F6D1C36E012B16D100235B
:10A35000C366026852E8003F23F0100342E8003170
:10A360000029F6D10368DA6912F0100F01D010222B
:10A370001A62B0F85C10FFF7E7FDA3E7F8F780FE7C
:10A38000A0E700BF0080004008B5B0F86020D0F81A
:10A390008C30222B05D00268936943F00803936147
:10A3A00008BD03685B6A816D13400B80836D0233C7
:10A3B0008365B0F85E309BB2013B9BB2A0F85E3083
:10A3C000B0F85E309BB2002BEAD1026852E8003F41
:10A3D00023F4907342E800310029F6D1026802F1BB
:10A3E000080353E8003F23F00103083242E800313C
:10A3F0000029F3D12023C0F88C3000234367036782
:10A400000368164A93420CD05B6813F4000F08D01F
:10A41000026852E8003F23F0806342E800310029DF
:10A42000F6D1C36E012B16D10023C366026852E831
:10A43000003F23F0100342E800310029F6D1036801
:10A44000DA6912F0100F01D010221A62B0F85C1015
:10A45000FFF77AFDA4E7F8F713FEA1E700800040BC
:10A460002DE9F843B0F860500368D3F81C90D3F896
:10A4700000809F68D0F88C20222A05D09A6942F08B
:10A4800008029A61BDE8F8830446B0F8686008E005
:10A49000D4F89030002B4DD1B4F85E309BB2002B35
:10A4A0004FD0002E00F0958019F0200F00F0918021
:10A4B0002368596AEBB2A26D0B401370A36D013390
:10A4C000A365B4F85E309BB2013B9BB2A4F85E304A
:10A4D0002368D3F81C9019F0070FDDD019F0010F95
:10A4E00009D018F4807F06D001221A62D4F8903087
:10A4F0001343C4F8903019F0020F0BD017F0010F7E
:10A5000008D0236802221A62D4F8903043F0040382
:10A51000C4F8903019F0040FBAD017F0010FB7D07B
:10A52000236804221A62D4F8903043F00203C4F87E
:10A530009030ADE72046FFF701FD0023C4F89030CE
:10A54000AAE7226852E8003F23F4807342E8003112
:10A550000029F6D1226802F1080353E8003F23F0F6
:10A56000805323F00103083242E800310029F1D181
:10A570002023C4F88C300023636723672368284AAC
:10A5800093420CD05B6813F4000F08D0226852E8A5
:10A59000003F23F0806342E800310029F6D1E36EEA
:10A5A000012B39D10023E366226852E8003F23F0F3
:10A5B000100342E800310029F6D12368DA6912F06D
:10A5C000100F01D010221A62B4F85C102046FFF779
:10A5D000BBFCB4F85E309BB2002B3FF453AFB4F831
:10A5E00068209A427FF64EAF226802F1080353E8D2
:10A5F000003F23F08053083242E800310029F3D1B4
:10A60000084B6367226852E8003F43F0200342E8AA
:10A6100000310029F6D135E72046F8F731FDD8E7BB
:10A6200000800040ADA200082DE9F843B0F860506A
:10A630000368D3F81C90D3F800809F68D0F88C2072
:10A64000222A05D09A6942F008029A61BDE8F8838F
:10A650000446B0F8686008E0D4F89030002B4CD184
:10A66000B4F85E309BB2002B4ED0002E00F09480E8
:10A6700019F0200F00F0908023685B6AA26D2B40D8
:10A680001380A36D0233A365B4F85E309BB2013B27
:10A690009BB2A4F85E302368D3F81C9019F0070F22
:10A6A000DED019F0010F09D018F4807F06D0012206
:10A6B0001A62D4F890301343C4F8903019F0020FA6
:10A6C0000BD017F0010F08D0236802221A62D4F8C9
:10A6D000903043F00403C4F8903019F0040FBBD05D
:10A6E00017F0010FB8D0236804221A62D4F8903012
:10A6F00043F00203C4F89030AEE72046FFF71EFC9B
:10A700000023C4F89030ABE7226852E8003F23F4FE
:10A71000807342E800310029F6D1226802F1080373
:10A7200053E8003F23F0805323F00103083242E84E
:10A7300000310029F1D12023C4F88C300023636755
:10A7400023672368284A93420CD05B6813F4000FF8
:10A7500008D0226852E8003F23F0806342E80031CD
:10A760000029F6D1E36E012B39D10023E36622687C
:10A7700052E8003F23F0100342E800310029F6D1EF
:10A780002368DA6912F0100F01D010221A62B4F8AF
:10A790005C102046FFF7D8FBB4F85E309BB2002B6C
:10A7A0003FF454AFB4F868209A427FF64FAF226866
:10A7B00002F1080353E8003F23F08053083242E8D7
:10A7C00000310029F3D1094B6367226852E8003F4A
:10A7D00043F0200342E800310029F6D136E7204655
:10A7E000F8F74EFCD8E700BF0080004089A30008BE
:10A7F00010B48165A0F85C20A0F85E2000234367B8
:10A800008368B3F5805F06D0A3B9036973B9FF23EA
:10A81000A0F8603014E0036923B940F2FF13A0F8F8
:10A8200060300DE0FF23A0F8603009E07F23A0F83E
:10A83000603005E0B3F1805F2ED00023A0F86030D7
:10A840000023C0F890302223C0F88C30016801F159
:10A85000080353E8003F43F00103083141E80034A6
:10A86000002CF3D1436EB3F1005F1FD08368B3F5C2
:10A87000805F43D0294B43670369002B44D00268B3
:10A8800052E8003F43F4907342E800310029F6D1CA
:10A8900000205DF8044B704703691BB97F23A0F8C3
:10A8A0006030CDE73F23A0F86030C9E7B0F86830EA
:10A8B0009342DBD88368B3F5805F19D0184B4367A8
:10A8C000036943B1026852E8003F43F4807342E8F1
:10A8D00000310029F6D1026802F1080353E8003F75
:10A8E00043F08053083242E800310029F3D1CFE72A
:10A8F0000369002BE2D10B4B4367E1E70369002BAF
:10A90000B8D1094B4367B7E7026852E8003F43F00C
:10A91000200342E800310029F6D1B9E7ADA20008D2
:10A9200061A4000829A6000889A3000838B5D0F85A
:10A930008C30202B17D1C1B1CAB10023C366036884
:10A940000C4CA3420CD05B6813F4000F08D00468D1
:10A9500054E8003F43F0806344E80035002DF6D111
:10A96000FFF746FF00E0022038BD0120FCE7012090
:10A97000FAE700BF0080004070477047704710B48E
:10A9800030300B0A9B0003F00C03C45801F01F0188
:10A990004FF01F0C0CFA01FC24EA0C0CC2F3846289
:10A9A0008A404CEA0202C2505DF8044B704710B472
:10A9B00014304B0E9B0003F00403C458C1F3045140
:10A9C0004FF0070C0CFA01FC24EA0C0C8A404CEA0C
:10A9D0000202C2505DF8044B7047704730B583B037
:10A9E00000230193002800F0D8800446436D13B380
:10A9F00023689A6812F0005F05D09A6822F020421E
:10AA000022F03F029A602268936813F0805F1FD1A2
:10AA1000936823F0104323F03F0343F08053936087
:10AA20005F4B1B689B095F4AA2FB03239B09013311
:10AA30005B00019309E0FFF7D0FF0023A36584F8D2
:10AA40005030D5E7019B013B0193019B002BF9D1CD
:10AA50002268936813F0805F78D1636D43F0100330
:10AA60006365A36D43F00103A3650120936813F0B0
:10AA7000040300D00123616D11F0100F40F08680B7
:10AA8000002B40F08380636D23F4817343F0020355
:10AA90006365936813F0010F0BD1434B9B6813F070
:10AAA000010F06D1636841498A6822F47C1213437E
:10AAB0008B60627E636B43EA4233E2681343A268B1
:10AAC000134394F8202043EA0243012A40D0A26AAB
:10AAD00022B102F47072E16A0A4313432168CD681F
:10AAE000334A2A401A43CA6021688B6813F0040372
:10AAF00000D001238A6812F0080200D00122B3B905
:10AB0000AAB9237E94F83020520042EA8332CB68FF
:10AB100023F4804323F002031343CB6094F83830CE
:10AB2000012B1AD02268136923F0010313612369F2
:10AB3000012B22D02268136B23F00F031363636D84
:10AB400023F0030343F00103636524E000208DE755
:10AB5000626A013A43EA4243B9E721680B696FF33D
:10AB60008A03E26B256C2A43656C2A43A56C2A4351
:10AB7000134343F001030B61D9E721680B6B23F00A
:10AB80000F03E269013A13430B63D8E7636D43F0A7
:10AB900010036365012003B030BD0120FBE700BF57
:10ABA00058000020632D3E050000045000030450AF
:10ABB00007C0F0FF7047704708B5806AFFF7FBFFDA
:10ABC00008BD704708B50346806A426D12F0500F09
:10ABD00030D1436D43F40073436503681A6812F083
:10ABE000080F14D0DA6812F4406F20D1DB6813F438
:10ABF000005F1CD1436D23F480734365436D13F4F0
:10AC0000805F14D1436D43F0010343650FE0DB68BF
:10AC100013F0020F0BD1436D23F480734365436D32
:10AC200013F4805F03D1436D43F001034365FFF7E5
:10AC3000C1FF08BD426D12F0100F04D1C26C526BFF
:10AC400018469047F5E7FFF7BCFFF2E708B5806AC2
:10AC5000436D43F040034365836D43F00403836514
:10AC6000FFF7AFFF08BD0000F0B583B000230193EC
:10AC700090F85030012B00F0028204460D4601236B
:10AC800080F850300068836813F0040F09D0636DBA
:10AC900043F0200363650120002384F8503003B0A3
:10ACA000F0BD0A684968FFF76AFE2068836813F000
:10ACB000040300D00123826812F0080200D00122B0
:10ACC0000BB9002A3AD02268936813F0010F40F0C4
:10ACD000D0812B68E868D2F8B010C3F3120621EADD
:10ACE000060100F0180CA74820FA0CF00340C3F34B
:10ACF00012030B43C2F8B030EA68A34B9A4200F04B
:10AD0000A2802B68A14A134200F0B581A04A926844
:10AD100002F0E0709F49896811F0010F40F0558101
:10AD20009D498B4200F057819C498B4200F07A810B
:10AD30009B498B4200F08A810020ADE7AA68296810
:10AD4000FFF735FE69692268D368C3F3C1035B006E
:10AD50009940286904280ED02E68603252F820707D
:10AD6000904B3B4006F0F84631430B4343F0004321
:10AD700042F82030A7E7136E116EC1F384612B688F
:10AD8000C3F3120080BBC3F38463994234D02168BB
:10AD90004B6E4A6EC2F384622B68C3F3120080BB11
:10ADA000C3F384639A4234D021688B6E8A6EC2F3F7
:10ADB00084622B68C3F3120080BBC3F384639A429E
:10ADC00034D02168CB6ECA6EC2F384622B68C3F3A1
:10ADD000120080BBC3F384639A427FF474AFCB6EDE
:10ADE00023F00043CB666EE793FAA3F313B1B3FAF3
:10ADF00083F3CAE72023C8E7136E23F000431366EA
:10AE0000C5E793FAA3F313B1B3FA83F3CAE7202398
:10AE1000C8E74B6E23F000434B66C5E793FAA3F3F4
:10AE200013B1B3FA83F3CAE72023C8E78B6E23F08C
:10AE300000438B66C5E793FAA3F313B1B3FA83F328
:10AE4000CAE72023C8E720682B68C3F312063EBB7D
:10AE50009A0E013202F01F02092A8CBF0022012241
:10AE6000002A55D05EBB990E0131890601F0F841E8
:10AE70008EBB4FEA936C0CF1010C0CF01F0C0122FD
:10AE800002FA0CF21143AEBB9B0E013303F01F0319
:10AE900003EB43031B051943AA68FFF788FD30E75E
:10AEA00093FAA3F24AB1B2FA82F2013202F01F021F
:10AEB000092A8CBF00220122D2E72022F5E793FA6B
:10AEC000A3F131B1B1FA81F10131890601F0F84104
:10AED000CEE72021F8E793FAA3F24AB1B2FA82F260
:10AEE000013202F01F024FF0010C0CFA02F2C9E726
:10AEF0002022F5E793FAA3F343B1B3FA83F30133C6
:10AF000003F01F0303EB43031B05C4E72023F6E70D
:10AF1000E6B9990E0131890601F0F84116BB4FEAF6
:10AF2000936C0CF1010C0CF01F0C012202FA0CF2D4
:10AF30001143CEBB9B0E013303F01F0303EB43030E
:10AF40001E3B1B0543F000731943A5E793FAA3F1D9
:10AF500031B1B1FA81F10131890601F0F841DDE743
:10AF60002021F8E793FAA3F24AB1B2FA82F2013251
:10AF700002F01F024FF0010C0CFA02F2D8E7202277
:10AF8000F5E700BFFFFF070000007F4000000880DA
:10AF90000003045000000450000052C7000084CB9E
:10AFA0000100008000F0FF0393FAA3F35BB1B3FA52
:10AFB00083F3013303F01F0303EB43031E3B1B0525
:10AFC00043F00073C0E72023F3E7636D43F02003F1
:10AFD0006365012060E612F4000F7FF4A5AE2268DD
:10AFE000284B9A4201D0002056E640F4000326493F
:10AFF0008A6822F0E07213438B60244B1B689B0924
:10B00000234AA2FB03239B09013303EB43039B0069
:10B01000019302E0019B013B0193019B002BF9D1BD
:10B02000002039E612F0807F7FF482AE2268154B53
:10B030009A4201D000202FE640F0807312498A68BE
:10B0400022F0E07213438B60002025E612F4800F9B
:10B0500013D122680B4B9A4201D000201CE640F429
:10B06000800309498A6822F0E07213438B60002054
:10B0700012E6002010E600200EE600200CE602207A
:10B080000DE600BF000004500003045058000020EB
:10B09000632D3E0530B583B00023019303689A68A1
:10B0A00012F0010F52D1044699682A4A114216D172
:10B0B0009A6822F0004222F03F0242F001029A60B8
:10B0C000254B9B6813F4000F19D0244B1B689B0978
:10B0D000234AA2FB03239B09013301930CE0436D38
:10B0E00043F010034365836D43F001038365012042
:10B0F0002DE0019B013B0193019B002BF9D1FBF754
:10B1000039FE054604E0FBF735FE431B022B11D840
:10B1100023681A6812F0010F16D19A6812F0010F15
:10B12000F1D19A6822F0004222F03F0242F001027F
:10B130009A60E8E7636D43F010036365A36D43F025
:10B140000103A365012002E0002000E0002003B01D
:10B1500030BD00BF3F0000800003045058000020B5
:10B16000632D3E0570B504460068806810F0040F3A
:10B170004ED10E46154694F85030012B4AD001238B
:10B1800084F850302046FFF785FF00283CD1636DDE
:10B1900023F4706323F0010343F480736365636DEC
:10B1A00013F4805F2DD0A36D23F00603A365E36C39
:10B1B000194ADA62E36C194A1A63E36C184A5A6353
:10B1C00023681C221A60002384F8503022685368D8
:10B1D00043F0100353602268D36843F00103D36047
:10B1E00021682B4632464031E06CFBF769FF22684C
:10B1F000936823F0004323F03F0343F0040393607C
:10B2000007E00023A365D2E7002384F8503000E074
:10B21000022070BD0220FCE7C5AB0008B9AB0008F6
:10B220004DAC00080023024A1360024A13607047C5
:10B23000D4140020D0140020EFF3108372B641B173
:10B24000012903D106490A6802430A6083F3108882
:10B25000704703490A6822EA00020A60F6E700BF65
:10B26000D014002038B5EFF3108472B60C4B1B6875
:10B270003BB10C4D2B6898476B68984784F3108856
:10B2800038BD094B1B682BB1064DAB689847EB687E
:10B290009847F3E7034D2B6998476B699847EDE7AB
:10B2A000D414002040CF0008D0140020EFF3108CFD
:10B2B00072B6064A136803431360054A52F83130E8
:10B2C000034342F831308CF310887047701500202A
:10B2D000DC140020EFF3108172B6044A136823EAED
:10B2E0000000106081F31088704700BFA0000020AC
:10B2F000EFF3108172B6034A13681843106081F3AC
:10B3000010887047A0000020EFF3108172B6034A46
:10B3100013681843106081F3108870476C15002083
:10B320007047704770477047704728B1B0FA80F097
:10B33000C0F11F00C0B270472020F9E72DE9F04F9F
:10B3400083B0704BD3F8009009EA000018606E4B90
:10B35000D3F800806D4B1E686D4B1D686D4BD3F8A4
:10B3600000B043E001324AE0013C6B4951F834300F
:10B37000034041F8343085E0674901EBC2014D6874
:10B3800001269E4025EA06054D604D6802A901EBA5
:10B39000820141F8045C0132002AEDD08047ACB153
:10B3A0005E4C2068FFF7BFFF574BD3F80080574B28
:10B3B0001E68574B1D68574BD3F800B02368012215
:10B3C0009A4057490B6813430B600FE0524B03EB55
:10B3D000C4035A6802A901EB840151F8041C0A4015
:10B3E0005A600134DBE70020FFF79EFF08EA0503FF
:10B3F000444A106803425BD016EA0B0258D1464B10
:10B4000053F832302B400342ACD0434951F832302C
:10B410002B40034001EBC2014968194205D13E4966
:10B4200001EBC2014FF0FF304860374909683A48E4
:10B4300000EBC20040683A4C276867EA00002060D1
:10B4400021EA000113EA010000D1184609B9344B82
:10B450001960314B03EBC2035B681840FFF765FFCF
:10B460002E4B1860EFF3108272B601241B6804FAA9
:10B4700003F3D843DFF890C0DCF8001021EA03039F
:10B48000CCF80030002C7FF46FAF82F31088DFF827
:10B490008CA0DAF80000FFF745FFDAF800301F2B28
:10B4A000A1D8204A52F8230000289CD0224673E7F6
:10B4B0001A4B4FF0FF321A60164B1B68334205D00F
:10B4C000104BC3F8009003B0BDE8F08FFFF728FFE2
:10B4D000EFF3108472B60C4B1B680C4A11680C4ACF
:10B4E00012681340074A1268134203D1094B1B68C4
:10B4F0000B4204D084F31088FFF713FFE0E7F7F75F
:10B50000A1F8F7E79C000020701500206C150020C2
:10B51000A000002068150020DC1400206415002025
:10B52000D8140020E414002008B5C043FFF706FF3C
:10B5300008BD0000F8B50446114B1E68B6F1FF3F88
:10B5400005D00125B5400F4B1F681C6005E00025A4
:10B55000F9E721462846FFF7E7FF0B4B1B6823421C
:10B56000F7D0074B1E60EFF3108172B6064A1368DE
:10B5700023EA0403136081F31088024B1F60F8BDB7
:10B5800064150020681500206C15002038B514469D
:10B59000EFF3108572B6FFF7C8FE034B43F8204067
:10B5A00085F3108838BD00BFE414002000B583B0D7
:10B5B00009E001A9084800F0F6FB084B1B69019956
:10B5C000186900F0D8FB044800F0BDFB0028F0D05B
:10B5D00003B05DF804FB00BF8815002000000320C5
:10B5E00008B5F8F7F7FC08BD08B50C4B0C4A1A6013
:10B5F0000C4A5A600C4A9A600C4A1A620C4A5A6207
:10B600000C4ADA600C4A1A610C4A5A610C4A9A6177
:10B610000C4ADA61F8F706FD08BD00BF0000032000
:10B62000C4010320B4010320A40103209C010320D2
:10B63000940103208C010320700103206C0103207E
:10B64000600103205401032038B504460B4D284601
:10B6500000F076FB0A4B5B68A2681A60E268DA6069
:10B66000084A5A609D60F8F7FFFC2268064B1A6092
:10B670006268064B1A60002038BD00BF3C01032001
:10B6800000000320580A03208415002080150020A4
:10B6900008B5054B5A681268012111725B68F8F70A
:10B6A000F1FC002008BD00BF0000032000B583B0FE
:10B6B00007E001A9074800F076FB074B1B680198DB
:10B6C0009847044800F03FFB0028F2D003B05DF833
:10B6D00004FB00BF3C0103208415002008B5024B89
:10B6E0001B68984708BD00BF8015002038B5044688
:10B6F000094D284600F024FB084BDB68A2681A605D
:10B700005D60F8F7E1FC2268054B1A606268054B42
:10B710001A60002038BD00BF340103200000032060
:10B720007C1500207815002008B5054BDA681268F2
:10B7300010211172DB68F8F7D5FC002008BD00BFAE
:10B740000000032008B5044BDA68DA68034B1B6875
:10B750001068984708BD00BF000003207C1500203A
:10B7600000B583B007E001A9074800F01CFB074BB8
:10B770001B6801989847044800F0E5FA0028F2D0C9
:10B7800003B05DF804FB00BF3401032078150020EE
:10B7900038B504460C4D284600F0D2FA0B4800F0AC
:10B7A000CFFA0B4B1B690B4A1360A2689A60E268E0
:10B7B000DA601D6122681A6062685A6022695A6103
:10B7C00062699A6138BD00BF4C01032088150020D2
:10B7D000000003207415002008B50146034800F05E
:10B7E000CAFA0348F8F7D4FC08BD00BF881500204A
:10B7F000ADB5000810B5054C204600F0A1FA044B89
:10B800005B691C60F8F7E2FC10BD00BF4401032037
:10B81000000003207047000000B583B006E001A9D6
:10B82000064800F0C0FA0198FFF7F4FF034800F063
:10B830008AFA0028F3D003B05DF804FB440103202A
:10B8400000B585B06B4600F10C0237214FF666401B
:10B8500000F01EFA9DF80E0005B05DF804FB00B57F
:10B8600085B06B4600F10C020F214FF6684000F0E6
:10B870000FFA9DF80E0005B05DF804FB00B585B029
:10B8800002466B4610214FF6754000F001FA9DF814
:10B890000E0005B05DF804FB30B4214BDB6BC3F345
:10B8A0000D039B0003F1005303F540331A68116840
:10B8B0001C4B99422DD0136954699569516892685F
:10B8C0004FEA136C80F800C04FEA134C80F801C0B7
:10B8D0004FEA132C80F802C0C3F3031C80F803C0A6
:10B8E00003F00F030371230E4371230C8371230AAA
:10B8F000C371047245720B0E83720B0CC372090A7A
:10B900000173130E4373130C8373C273002030BC96
:10B91000704753699469D569D1681269D0E700BF4F
:10B9200000400058B95646A908B520B9054B1B6818
:10B9300003B1984708BD034B1B68002BFAD00120C8
:10B940009847F7E79415002010B584B004460A48DC
:10B9500000F0F6F9094B1C60094800F0F1F9094BB9
:10B9600001221A70084B1B6823B10294074A009207
:10B970006846984704B010BD98150020A800002024
:10B98000AC000020A4000020A015002011BB00087E
:10B9900010B50B461146084A1468A4F80900E37272
:10B9A0001A4604F10C00F5F711F9044B1B6900214C
:10B9B0000846984710BD00BFA8000020A015002031
:10B9C00010B50C464A68054B1A60054BD8611846FD
:10B9D00000F0B8F82068FFF7B7FF10BD94150020FD
:10B9E000A015002000B585B01B4800F0ACF910B9D7
:10B9F0001A4B1B784BB9184800F0A5F910B9174B32
:10BA00001B7823BB05B05DF804FB03A9124800F0C6
:10BA1000CAF9134BDB698BB1039A029201228DF8AC
:10BA2000042001A898479DF804200C4B1A700B4B7A
:10BA30001B783BB10398FFF7CFFEDCE7074B0122F1
:10BA40001A70F4E70399044800F089F9D3E7024833
:10BA5000F8F7D2F9D6E700BFAC000020A400002020
:10BA6000A0150020F0B583B007460020FFF75CFF6B
:10BA70007D883B88C5F3090545EA8325ADB2224B95
:10BA800001221A70BA68397B2846FFF781FF002629
:10BA9000002E33D148F2E800F8F7B9F905E0B4F820
:10BAA0000D30AB4216D0237B33BB184800F04BF966
:10BAB0000028EDD101A9154800F075F9019C637AC1
:10BAC0000F2BECD0A389AB4208D0E37A002BECD04B
:10BAD0000126EAE73B69E27A1A70E4E7A27A033AC0
:10BAE000D2B27B699A42A8BF1A467A6104F10E016C
:10BAF0003869F5F76BF8E8E70126D6E70120FFF78C
:10BB000013FF002003B0F0BD901500209815002011
:10BB100010B50146437A0E3BDBB2012B07D9074C27
:10BB2000204600F028F92046F8F766F910BD0448D1
:10BB300000F021F90020F8F765F9F7E7AC000020E4
:10BB400098150020024B0360024B0361704700BF51
:10BB500049B6000891B6000808B538B9084B1B680B
:10BB600003B19847074B00221A7008BD054B01220C
:10BB70001A70034B1B68002BF7D010469847F4E768
:10BB8000C4150020CC00002010B584B004460B4B37
:10BB900018600B4800F0D4F80120FFF7DDFF094BD7
:10BBA00001221A70084B1B6833B10394074A0192B3
:10BBB000074A029201A8984704B010BDC8000020AF
:10BBC000D0000020C4000020C8150020F9BC0008E7
:10BBD000D5BB000810B50146034C204600F0CBF859
:10BBE0002046F6F733FD10BDD000002010B50C46FE
:10BBF0004A68054B1A60054BD861184600F082F878
:10BC00002068FFF7C1FF10BDC4150020C815002033
:10BC100000B585B01B4800F096F810B91A4B1B7898
:10BC20004BB9184800F08FF810B9174B1B7823BB9D
:10BC300005B05DF804FB03A9124800F0B4F8134BFB
:10BC4000DB698BB1039A029201228DF8042001A8CE
:10BC500098479DF804200C4B1A700B4B1B783BB196
:10BC60000398FFF7B9FDDCE7074B01221A70F4E7F0
:10BC70000399044800F073F8D3E70248F6F7E6FCAE
:10BC8000D6E700BFD0000020C4000020C815002067
:10BC90002DE9F04107460C4616461D460020FFF7E9
:10BCA0005BFFDFF85080D8F80000A0F80970C4727C
:10BCB000224631460C30F4F789FF01240B4B1C70EF
:10BCC0000B4B1B6900210846984748F2E800F6F73D
:10BCD000C8FCD8F800108A78033205F10800F4F7A0
:10BCE00075FF2046FFF738FFBDE8F081C015002042
:10BCF000C8150020C800002008B50020F6F7ACFCED
:10BD000008BD0000024B0360024B0361704700BF97
:10BD1000EDB6000829B7000801460748C3798B42F1
:10BD200004D0064A904201D00838F7E78B4200D190
:10BD300070470020FCE700BFF873FF1F0070FF1F73
:10BD4000006040607047EFF3108372B60268824271
:10BD500003D0002083F3108870470120FAE7EFF347
:10BD6000108372B602680A60486001600A68516018
:10BD700083F310887047EFF3108372B6086042684F
:10BD80004A6041604A68116083F310887047EFF39E
:10BD9000108372B6426801681160026841685160A0
:10BDA00083F31088704710B5EFF3108472B6036800
:10BDB0000B600068FFF7EBFF84F3108810BD08B537
:10BDC000F4F704FF08BD08B5F4F7A6FD08BD10B5EB
:10BDD00088B000248DF807401822214602A8FFF7FA
:10BDE000F2FF3F23ADF808308123ADF80A300DF1A2
:10BDF0000703069301230793214602A8FFF732FEAB
:10BE0000A04203DB9DF8070008B010BDFF20FBE750
:10BE10002DE9F04FCBB09C469DF854619DF85C51E4
:10BE200006F1080A04AC04EB0A0B77190937E31989
:10BE300001930DF10F094FF000088DF80F808DF878
:10BE40001000ADF81110ADF813208DF815C09DF855
:10BE500050318DF816308DF817603246569906A885
:10BE6000FFF7ADFF04F80A5009362A4658990BF13E
:10BE70000100FFF7A4FF3544BDF86431E353BDF87A
:10BE80006831019A538004351822414644A8FFF7CF
:10BE90009AFF3F23ADF810318323ADF81231469459
:10BEA0004795CDF8209101234993414644A8FFF7D7
:10BEB000D9FD404504DB9DF80F004BB0BDE8F08F85
:10BEC000FF20FAE770B5C8B00DF1070500248DF822
:10BED000074002AE8DF808001822214642A8FFF75D
:10BEE00072FF3F23ADF808318523ADF80A3144963F
:10BEF0000123459346954793214642A8FFF7B2FD9B
:10BF0000A04203DB9DF8070048B070BDFF20FBE7AF
:10BF100070B5C8B00DF1070600258DF8075002ACCA
:10BF20008DF808008DF809108DF80A208DF80B3077
:10BF30009DF830318DF80C309DF834318DF80D308E
:10BF40009DF838318DF80E304F9BCDF80F309DF8AD
:10BF500040318DF813301822294642A8FFF733FFED
:10BF60003F23ADF808318623ADF80A3144940C2301
:10BF70004593469601234793294642A8FFF772FD51
:10BF8000A84203DB9DF8070048B070BDFF20FBE727
:10BF900070B5C8B00DF1070600248DF8074002AD5A
:10BFA000ADF80800CDF80A101822214642A8FFF784
:10BFB0000AFF3F23ADF808318823ADF80A314495D4
:10BFC00006234593469601234793214642A8FFF74F
:10BFD00049FDA04203DB9DF8070048B070BDFF207B
:10BFE000FBE72DE9F041C8B007460E4615469846D6
:10BFF000072200216846FFF7E6FE02AC8DF80870C4
:10C000008DF809608DF80A501822002142A8FFF728
:10C01000DAFE3F23ADF808318A23ADF80A314494A3
:10C0200003234593CDF818D107234793002142A855
:10C03000FFF718FD002811DB9DF8000058B9BDF886
:10C040000130A8F80030BDF803204E9B1A80BDF8DF
:10C0500005204F9B1A8048B0BDE8F081FF20FAE729
:10C06000F0B5C9B004460DF1070600258DF807505C
:10C0700002AF8DF8080002460DF10900FFF79FFEA0
:10C0800001341822294642A8FFF79DFE3F23ADF850
:10C0900008318E23ADF80A31449745944696012322
:10C0A0004793294642A8FFF7DDFCA84203DB9DF831
:10C0B000070049B0F0BDFF20FBE710B588B00024B1
:10C0C0008DF807401822214602A8FFF77CFE3F2387
:10C0D000ADF808309223ADF80A300DF1070306934E
:10C0E00001230793214602A8FFF7BCFCA04203DB13
:10C0F0009DF8070008B010BDFF20FBE770B5C8B081
:10C100000DF1070500248DF8074002AEADF80800D8
:10C110001822214642A8FFF756FE3F23ADF808310A
:10C120009523ADF80A3144960223459346950123A1
:10C130004793214642A8FFF795FCA04203DB9DF8F8
:10C14000070048B070BDFF20FBE770B5C8B00DF127
:10C15000070600248DF8074002ADADF808008DF801
:10C160000A101822214642A8FFF72DFE3F23ADF802
:10C170000831A523ADF80A3144950323459346962B
:10C1800001234793214642A8FFF76CFCA04203DB42
:10C190009DF8070048B070BDFF20FBE710B588B0E0
:10C1A00000248DF807401822214602A8FFF70BFE55
:10C1B0003F23ADF8083040F20113ADF80A300DF11D
:10C1C0000703069301230793214602A8FFF74AFCC1
:10C1D000A04203DB9DF8070008B010BDFF20FBE77D
:10C1E0002DE9F041C8B00446884617461E4601288E
:10C1F00013D002280FD0012502AB1D4403220021D9
:10C2000001A8FFF7E0FD8DF80840012C07D0022CB3
:10C2100032D1102404E01125EEE70325ECE70224D7
:10C22000224641460DF10900FFF7C9FD2F706E70DF
:10C2300003341822002142A8FFF7C5FD3F23ADF8C3
:10C2400008314FF48173ADF80A3102AB4493459441
:10C2500001AB469303234793002142A8FFF702FC5A
:10C2600000280BDB9DF8040018B9BDF805204E9B93
:10C270001A8048B0BDE8F0819720FAE7FF20F8E780
:10C280002DE9F041C8B006460C4690461F460129EC
:10C2900015D0022911D0032502AB1D440322002131
:10C2A00001A8FFF790FDADF808608DF80A40012C59
:10C2B00007D0022C40D1102404E01325ECE705251B
:10C2C000EAE70224224641460DF10B00FFF777FD15
:10C2D0002F809DF83831AB709DF83C31EB709DF8A4
:10C2E00040312B719DF844316B719DF84831AB7131
:10C2F0000A341822002142A8FFF765FD3F23ADF85C
:10C3000008314FF48273ADF80A3102AB449345947F
:10C3100001AB469303234793002142A8FFF7A2FBFA
:10C3200000280BDB9DF8040018B9BDF80520539BCD
:10C330001A8048B0BDE8F0819720FAE7FF20F8E7BF
:10C34000F0B5C9B01C460DF1070700268DF807604F
:10C3500002ADADF80800ADF80A108DF80C208DF88C
:10C360000D301A464E990DF10E00FFF728FD0634E8
:10C370001822314642A8FFF726FD3F23ADF80831C9
:10C380004FF48373ADF80A314495459446970123E1
:10C390004793314642A8FFF765FBB04203DB9DF8A7
:10C3A000070049B0F0BDFF20FBE770B5C8B00DF144
:10C3B000070500248DF8074002AEADF808001822EA
:10C3C000214642A8FFF7FFFC3F23ADF8083140F2B9
:10C3D0002513ADF80A31449602234593469501236F
:10C3E0004793214642A8FFF73DFBA04203DB9DF89F
:10C3F000070048B070BDFF20FBE7F0B5C9B00C46A0
:10C4000011460DF1070700258DF8075002AE8DF893
:10C4100008008DF8094022460DF10A00FFF7CFFC15
:10C4200002341822294642A8FFF7CDFC3F23ADF87D
:10C4300008310C23ADF80A31449645944697012300
:10C440004793294642A8FFF70DFBA84203DB9DF85E
:10C45000070049B0F0BDFF20FBE770B5C8B00DF193
:10C46000070600248DF8074002AD8DF808008DF80E
:10C4700009101822214642A8FFF7A5FC3F23ADF87A
:10C4800008310F23ADF80A314495022345934696AF
:10C4900001234793214642A8FFF7E4FAA04203DBB9
:10C4A0009DF8070048B070BDFF20FBE770B5C8B02D
:10C4B0000DF1070500248DF8074002AEADF8080025
:10C4C0001822214642A8FFF77EFC3F23ADF8083131
:10C4D0001823ADF80A31449602234593469501236B
:10C4E0004793214642A8FFF7BDFAA04203DB9DF81F
:10C4F000070048B070BDFF20FBE710B588B00024EE
:10C500008DF807401822214602A8FFF75CFC0323A0
:10C51000ADF80830ADF80A300DF10703069301239A
:10C520000793214602A8FFF79DFAA04203DB9DF87E
:10C53000070008B010BDFF20FBE7F0B5C9B0044606
:10C540000E461546052200216846FFF73CFC02AF67
:10C55000ADF808401822002142A8FFF734FC082358
:10C56000ADF808313023ADF80A31449702234593E2
:10C57000CDF818D105234793002142A8FFF772FA9E
:10C5800000280ADB9DF8000028B99DF803303370BD
:10C590009DF804302B7049B0F0BDFF20FBE770B56B
:10C5A000C8B00DF1070600258DF8075002AC8DF8D4
:10C5B00008008DF809108DF80A201822294642A893
:10C5C000FFF701FC0823ADF808313123ADF80A313B
:10C5D000449403234593469601234793294642A852
:10C5E000FFF740FAA84203DB9DF8070048B070BD92
:10C5F000FF20FBE7704770477047704770477047F0
:10C600007047704770477047704770477047704772
:10C6100070477047704708B5FFF7ECFFFFF7EBFF77
:10C62000FFF7EAFFFFF7E9FFFFF7E8FFFFF7E7FF94
:10C63000FFF7E6FFFFF7E5FFFFF7E4FFFFF7E3FF94
:10C64000FFF7E2FFFFF7E1FFFFF7E0FFFFF7DFFF94
:10C65000FFF7DEFFFFF7DEFFFFF7DBFFF7F700FC7A
:10C6600008BD000008B50023034A1371034A137084
:10C67000FFF7D1FF08BD00BFBC000020B8000020BC
:10C68000034A137942F8230001331371704700BF46
:10C69000BC00002038B505464378FF2B06D1B0F822
:10C6A000033003F47F43B3F5406F03D02846F7F718
:10C6B00005FB38BD002422460A4B1B79A34209D949
:10C6C000084B53F8243028469847024610B90134E5
:10C6D000E4B2F1E7002AE9D0022A01D10020E8E71C
:10C6E0000120E6E7BC000020F8B500BFF8BC08BC9C
:10C6F0009E467047F8B500BFF8BC08BC9E46704720
:10C700000C4A536943F480235361EFF3108C72B6E3
:10C71000802351F8042B40F8042B013B13F0FF0356
:10C72000F7D1044B1B6913F4803FFAD18CF31088C6
:08C73000704700BF00400058F3
:10C7380000000000000000000000000010CE00080B
:10C74800540A0320440A032026040400000180211F
:10C758000002B0250008302E001060320080F03E44
:10C768000004002A3032534E4B0B5FA4404E9D6CA0
:10C7780000108F7A1200000024000000360000002C
:10C7880040000000060000000C000000100000003F
:10C79800000000000100000002000000030000008B
:10C7A8000020202020202020202028282828282079
:10C7B8002020202020202020202020202020202071
:10C7C80020881010101010101010101010101010D9
:10C7D80010040404040404040404041010101010C9
:10C7E8001010414141414141010101010101010193
:10C7F80001010101010101010101010110101010E5
:10C808001010424242424242020202020202020264
:10C8180002020202020202020202020210101010B8
:10C8280020000000000000000000000000000000E0
:10C8380000000000000000000000000000000000F0
:10C8480000000000000000000000000000000000E0
:10C8580000000000000000000000000000000000D0
:10C8680000000000000000000000000000000000C0
:10C8780000000000000000000000000000000000B0
:10C8880000000000000000000000000000000000A0
:10C898000000000000000000000000000000000090
:10C8A80000000000A0860100400D0300801A060069
:10C8B80000350C0040420F0080841E0000093D0036
:10C8C80000127A000024F40000366E010048E801E6
:10C8D800006CDC0200000000000000000000000006
:10C8E8000000000001000000030000000500000037
:10C8F8000100000001000000060000000A0000001E
:10C9080020000000020000000400000008000000F1
:10C91800100000004000000080000000000100003E
:10C928000002000053573100535732005357330069
:10C938004E533230302D4344492D52370000000009
:10C948003032534E4B0B5FA4404E9D6C01108F7AD2
:10C95800000000003032534E4B0B5FA4404E9D6CDC
:10C9680002108F7A000000003032534E4B0B5FA448
:10C97800404E9D6C03108F7A0000000045434F0025
:10C9880053545245455400005241494E000000009E
:10C9980050524F00256C752C257300004025732AD2
:10C9A800253034580A0000004552522C25730000E7
:10C9B80041434B2C5354524F42455F4F4E000000A9
:10C9C80041434B2C5354524F42455F4F464600005B
:10C9D80041434B2C52454144595F54485245450008
:10C9E80041434B2C52454144595F43454E544552AF
:10C9F800000000002C00000053455455505F434F81
:10CA08004D4D414E440000005049434B55500000E5
:10CA1800434F4E4649524D005049434B55505F4392
:10CA28004F4D4D414E44000052454D4F56455F4ACB
:10CA3800505F48565F53544F505F454E47494E45E7
:10CA4800000000005049434B55505F4E4F545F5310
:10CA58005441424C45000000464C415348000000F8
:10CA680041434B2C5049434B55505F4F4B000000FE
:10CA7800454447450000000046414C4C494E47009C
:10CA8800524953494E47000041434B2C45444745C2
:10CA98005F52455155495245535F5049434B555094
:10CAA8005F544443000000005050520041434B2C57
:10CAB8005050525F52455155495245535F54444373
:10CAC8000000000041434B2C474154455F5553003B
:10CAD8005354524F424500004F4E00005049434BBB
:10CAE80055505F4F525F4A505F4856004F464600C8
:10CAF80053544152545F5354524F42455F46495232
:10CB08005354000041434B2C4F46465345540000B4
:10CB1800534156455F544443000000005354524F5C
:10CB280042455F53414D504C4553000041434B2C07
:10CB38005444435F53415645440000004D414E550F
:10CB4800414C5F5444430000434F4E4649524D5FA9
:10CB580052455155495245440000000041434B2C71
:10CB68005444435F4D414E55414C5F5341564544F3
:10CB78000000000053544F505F454E47494E455FF3
:10CB8800464F525F54505300434C4F5345440000A6
:10CB98004F50454E000000005450535F52414E47DD
:10CBA8004500000041434B2C545053005444435F0C
:10CBB8004F525F4A505F48560000000041434B2CDB
:10CBC80046495253545F53544152540052454144CC
:10CBD8005900000046495253545F53544152545F20
:10CBE8004E4F545F50524F56454E000054485245E0
:10CBF80045000000534944455F4F4646534554009D
:10CC080043454E544552000052454144595F4D4FEB
:10CC18004445000053544F505F454E47494E455FC9
:10CC2800464F525F46414E004155544F00000000A8
:10CC380046414E5F4D4F44450000000041434B2C98
:10CC480046414E0052455345540000005245534555
:10CC5800545F424C4F434B454400000041434B2C2A
:10CC680053455455505F5245534554005345545508
:10CC7800505F554E4B4E4F574E0000005354455091
:10CC88005F4D41585F324445470000004D41500018
:10CC98000D0A000043524300434F4D4D414E44009E
:10CCA80050494E470000000041434B2C504F4E471F
:10CCB8005F52375F320000004745540053544154D7
:10CCC800555300005354415455532C256C752C254D
:10CCD800752C25752C25752C25752C25752C2575F9
:10CCE8002C2575004D455441000000004D45544128
:10CCF8002C25732C25752C25752C25752C25752C24
:10CD080025752C25752C25752C25750053455455EE
:10CD18005000000053455455502C25752C25752C72
:10CD280025752C25642C25752C25752C25752C2509
:10CD3800752C25752C25752C25752C25752C257598
:10CD48000000000043454C4C0000000043454C4C9B
:10CD58002C256C752C256C752C25640041434B2CB7
:10CD68004C49564500000000454E47494E455F4F27
:10CD7800525F48560000000048415244000000003D
:10CD8800534F4654000000004C494D49545F5241EE
:10CD98004E47450041434B2C4C494D495400000037
:10CDA80050524F5F4C4F434B4544000041434B2C7E
:10CDB8004C4F41440000000041434B2C5341564521
:10CDC80000000000554E4B4E4F574E00232D302B80
:10CDD80020000000686C4C00656667454647000007
:10CDE8003031323334353637383941424344454699
:10CDF800000000003031323334353637383961625B
:10CE0800636465660000000000000048010000003F
:10CE18000000004801000000000000480100000078
:10CE28000000004801000000000000480100000068
:10CE38000000004801000000000000480100000058
:10CE48000000004801000000000000480100000048
:10CE58000000004801000000000000480100000038
:10CE68000000004801000000000000480100000028
:10CE78000000004801000000000000480100000018
:10CE88000000004801000000000000480100000008
:10CE980000000048010000000000004801000000F8
:10CEA80000000048010000000000004801000000E8
:10CEB80000000048010000000000004801000000D8
:10CEC80000000048010000000000004801000000C8
:10CED80000000048010000000000004801000000B8
:10CEE80000000048010000000000004801000000A8
:10CEF8000000004801000000000000480100000098
:10CF08000000004801000000000000480100000087
:10CF18000000004801000000000000480100000077
:10CF28000000004801000000000000480100000067
:10CF38000000004801000000B1320008DD3200089E
:10CF480081320008D13200084D320008C932000889
:10CF5800094E533230302D4344492D5237000000DA
:10CF6800FEDCBA0987654321FEDCBA0987654321DF
:10CF7800123456789ABCDEF0123456789ABCDEF039
:10CF88006C7AD8AC5772000000006400FA00900177
:10CF98002602BC025203E803F401EE02E803DC05B2
:10CFA800D007C409B80BA00F88137017581B401F6F
:10CFB80028231027F82AEC2C00004D019A02E803D8
:10CFC800F401E803DC05C409A00F7017401F1027FF
:08CFD800C032FF7F01000000E0
:04CFE000A90100089B
:04CFE40081010008BF
:10CFE8000C00002000000000F40000205C0100207C
:10CFF800C401002000000000000000000000000044
:10D008000000000000000000000000000000000018
:10D018000000000000000000000000000000000008
:10D0280000000000000000000000000000000000F8
:10D0380000093D000DFF0183000000000000000012
:10D04800000000000000000000000000FFFF0000DA
:10D05800FFFF000000093D00010000000000500033
:10D0680000000000000000000000000001000000B7
:0CD0780010000000FFFFFFFFFFFFFFFFA4
:10D08400000000000000000000000000000000009C
:10D09400000000000000000000000000000000008C
:10D0A400000000000000000000000000000000007C
:04D0B4000000000078
:0400000508001E5180
:00000001FF
